generated_id,n_nodes,n_edges,chromatic_number,edge_list,adjacency_upper_triangular
1,12,56,9,0-1;0-2;0-3;0-4;0-5;0-6;0-7;0-8;0-9;0-10;0-11;1-2;1-3;1-4;1-5;1-6;1-7;1-8;1-9;1-10;1-11;2-3;2-4;2-5;2-6;2-7;2-8;2-9;2-10;2-11;3-4;3-5;3-6;3-7;3-8;3-9;3-10;3-11;4-5;4-6;4-7;4-8;4-9;4-10;4-11;5-6;5-7;5-10;6-7;6-8;6-11;7-10;8-9;8-11;9-10;9-11,"1,1,1,1,1,1,1,1,1,1,1,1,1,1,1,1,1,1,1,1,1,1,1,1,1,1,1,1,1,1,1,1,1,1,1,1,1,1,1,1,1,1,1,1,1,1,1,0,0,1,0,1,1,0,0,1,0,0,1,0,1,0,1,1,1,0"
2,12,56,9,0-1;0-2;0-4;0-5;0-7;0-8;0-9;0-10;1-2;1-3;1-5;1-6;1-7;1-8;1-9;2-3;2-4;2-5;2-6;2-7;2-8;2-9;2-10;2-11;3-5;3-6;3-7;3-8;3-9;3-11;4-5;4-7;4-8;4-9;4-10;4-11;5-6;5-7;5-8;5-9;5-10;5-11;6-7;6-8;6-9;6-11;7-8;7-9;7-10;7-11;8-9;8-10;8-11;9-10;9-11;10-11,"1,1,0,1,1,0,1,1,1,1,0,1,1,0,1,1,1,1,1,0,0,1,1,1,1,1,1,1,1,1,0,1,1,1,1,1,0,1,1,0,1,1,1,1,1,1,1,1,1,1,1,1,1,1,0,1,1,1,1,1,1,1,1,1,1,1"
3,12,56,9,0-1;0-2;0-3;0-4;0-5;0-7;0-9;0-10;1-2;1-3;1-5;1-7;1-9;1-10;1-11;2-3;2-4;2-5;2-6;2-7;2-8;2-9;2-10;2-11;3-4;3-5;3-7;3-9;3-10;4-5;4-6;4-7;4-8;4-9;4-10;5-6;5-7;5-8;5-9;5-10;5-11;6-7;6-8;6-9;6-10;6-11;7-8;7-9;7-10;7-11;8-9;8-10;8-11;9-10;9-11;10-11,"1,1,1,1,1,0,1,0,1,1,0,1,1,0,1,0,1,0,1,1,1,1,1,1,1,1,1,1,1,1,1,1,0,1,0,1,1,0,1,1,1,1,1,1,0,1,1,1,1,1,1,1,1,1,1,1,1,1,1,1,1,1,1,1,1,1"
4,12,56,9,0-1;0-2;0-5;0-6;0-7;0-8;0-10;0-11;1-2;1-5;1-6;1-7;1-8;1-10;1-11;2-3;2-4;2-5;2-6;2-7;2-8;2-9;2-10;2-11;3-4;3-5;3-6;3-8;3-9;3-10;3-11;4-5;4-6;4-8;4-9;4-10;4-11;5-6;5-7;5-8;5-9;5-10;5-11;6-8;6-10;6-11;7-8;7-9;7-10;7-11;8-9;8-10;8-11;9-10;9-11;10-11,"1,1,0,0,1,1,1,1,0,1,1,1,0,0,1,1,1,1,0,1,1,1,1,1,1,1,1,1,1,1,1,1,1,0,1,1,1,1,1,1,0,1,1,1,1,1,1,1,1,1,1,0,1,0,1,1,1,1,1,1,1,1,1,1,1,1"
5,12,56,9,0-2;0-3;0-4;0-6;0-7;0-8;0-9;0-10;0-11;1-3;1-4;1-5;1-7;1-8;1-9;1-10;1-11;2-4;2-5;2-6;2-7;2-8;2-10;2-11;3-4;3-7;3-8;3-9;3-10;3-11;4-5;4-6;4-7;4-8;4-9;4-10;4-11;5-6;5-7;5-8;5-10;5-11;6-7;6-8;6-10;6-11;7-8;7-9;7-10;7-11;8-9;8-10;8-11;9-10;9-11;10-11,"0,1,1,1,0,1,1,1,1,1,1,0,1,1,1,0,1,1,1,1,1,0,1,1,1,1,1,0,1,1,1,0,0,1,1,1,1,1,1,1,1,1,1,1,1,1,1,1,0,1,1,1,1,0,1,1,1,1,1,1,1,1,1,1,1,1"
6,12,56,9,0-1;0-2;0-3;0-4;0-5;0-6;0-7;0-8;0-9;0-10;0-11;1-2;1-3;1-4;1-5;1-6;1-7;1-11;2-3;2-4;2-5;2-6;2-7;2-8;2-9;2-10;2-11;3-4;3-5;3-6;3-7;3-8;3-9;3-10;3-11;4-5;4-7;4-9;4-11;5-7;5-9;5-11;6-7;6-8;6-10;6-11;7-8;7-9;7-10;7-11;8-9;8-10;8-11;9-10;9-11;10-11,"1,1,1,1,1,1,1,1,1,1,1,1,1,1,1,1,1,0,0,0,1,1,1,1,1,1,1,1,1,1,1,1,1,1,1,1,1,1,1,0,1,0,1,0,1,0,1,0,1,0,1,1,1,0,1,1,1,1,1,1,1,1,1,1,1,1"
7,12,56,9,0-1;0-2;0-3;0-5;0-6;0-7;0-8;0-11;1-2;1-4;1-5;1-6;1-7;1-8;1-10;2-3;2-4;2-5;2-6;2-7;2-8;2-9;2-10;2-11;3-5;3-6;3-7;3-8;3-9;3-11;4-5;4-6;4-7;4-8;4-9;4-10;5-6;5-7;5-8;5-9;5-10;5-11;6-7;6-8;6-9;6-10;6-11;7-8;7-9;7-10;7-11;8-9;8-10;8-11;9-10;9-11,"1,1,1,0,1,1,1,1,0,0,1,1,0,1,1,1,1,1,0,1,0,1,1,1,1,1,1,1,1,1,0,1,1,1,1,1,0,1,1,1,1,1,1,1,0,1,1,1,1,1,1,1,1,1,1,1,1,1,1,1,1,1,1,1,1,0"
8,12,56,9,0-1;0-2;0-3;0-4;0-5;0-6;0-7;0-8;0-9;0-10;0-11;1-3;1-4;1-6;1-7;1-8;1-9;1-10;1-11;2-3;2-4;2-5;2-6;2-9;2-10;2-11;3-4;3-5;3-6;3-7;3-8;3-9;3-10;3-11;4-5;4-6;4-7;4-8;4-9;4-10;4-11;5-6;5-7;5-8;5-9;6-7;6-8;6-9;6-10;6-11;7-8;7-9;8-9;9-10;9-11;10-11,"1,1,1,1,1,1,1,1,1,1,1,0,1,1,0,1,1,1,1,1,1,1,1,1,1,0,0,1,1,1,1,1,1,1,1,1,1,1,1,1,1,1,1,1,1,1,1,1,1,0,0,1,1,1,1,1,1,1,0,0,1,0,0,1,1,1"
9,12,56,9,0-1;0-2;0-3;0-4;0-5;0-6;0-7;0-8;0-9;0-10;0-11;1-2;1-3;1-4;1-5;1-6;1-7;1-8;1-9;1-10;1-11;2-3;2-4;2-7;2-8;2-10;2-11;3-4;3-5;3-6;3-10;3-11;4-5;4-6;4-7;4-8;4-9;4-10;4-11;5-6;5-9;5-10;5-11;6-9;6-10;6-11;7-8;7-9;7-10;7-11;8-9;8-10;8-11;9-10;9-11;10-11,"1,1,1,1,1,1,1,1,1,1,1,1,1,1,1,1,1,1,1,1,1,1,1,0,0,1,1,0,1,1,1,1,1,0,0,0,1,1,1,1,1,1,1,1,1,1,0,0,1,1,1,0,0,1,1,1,1,1,1,1,1,1,1,1,1,1"
10,12,56,9,0-1;0-2;0-4;0-5;0-7;0-8;0-10;0-11;1-2;1-3;1-4;1-5;1-6;1-7;1-8;1-9;1-10;1-11;2-4;2-5;2-6;2-7;2-8;2-9;2-10;3-4;3-6;3-7;3-8;3-9;3-10;3-11;4-5;4-6;4-7;4-8;4-9;4-10;4-11;5-7;5-8;5-10;5-11;6-7;6-8;6-9;6-10;7-8;7-9;7-10;7-11;8-9;8-10;8-11;9-10;10-11,"1,1,0,1,1,0,1,1,0,1,1,1,1,1,1,1,1,1,1,1,1,0,1,1,1,1,1,1,1,0,1,0,1,1,1,1,1,1,1,1,1,1,1,1,1,0,1,1,0,1,1,1,1,1,1,0,1,1,1,1,1,1,1,1,0,1"
11,12,56,9,0-1;0-2;0-3;0-4;0-5;0-6;0-7;0-8;0-9;0-10;0-11;1-2;1-3;1-4;1-5;1-6;1-8;1-9;1-11;2-3;2-5;2-6;2-7;2-8;2-9;3-4;3-5;3-6;3-7;3-8;3-9;3-10;3-11;4-5;4-8;4-9;4-10;4-11;5-6;5-7;5-8;5-9;5-10;5-11;6-7;6-8;6-9;7-8;7-9;7-10;8-9;8-10;8-11;9-10;9-11;10-11,"1,1,1,1,1,1,1,1,1,1,1,1,1,1,1,1,0,1,1,0,1,1,0,1,1,1,1,1,0,0,1,1,1,1,1,1,1,1,1,0,0,1,1,1,1,1,1,1,1,1,1,1,1,1,0,0,1,1,1,0,1,1,1,1,1,1"
12,12,56,9,0-1;0-2;0-3;0-4;0-5;0-6;0-7;0-8;0-9;0-10;0-11;1-2;1-3;1-4;1-5;1-6;1-7;1-8;1-9;1-10;1-11;2-4;2-6;2-7;2-8;2-10;2-11;3-4;3-5;3-7;3-9;3-10;3-11;4-7;4-8;4-9;4-10;4-11;5-6;5-7;5-9;5-10;5-11;6-7;6-8;6-10;6-11;7-8;7-9;7-10;7-11;8-10;8-11;9-10;9-11;10-11,"1,1,1,1,1,1,1,1,1,1,1,1,1,1,1,1,1,1,1,1,1,0,1,0,1,1,1,0,1,1,1,1,0,1,0,1,1,1,0,0,1,1,1,1,1,1,1,0,1,1,1,1,1,0,1,1,1,1,1,1,0,1,1,1,1,1"
13,12,56,9,0-1;0-2;0-3;0-4;0-5;0-6;0-7;0-8;0-9;0-10;0-11;1-3;1-5;1-6;1-7;1-8;1-10;1-11;2-4;2-5;2-6;2-7;2-8;2-9;2-11;3-4;3-5;3-7;3-8;3-9;3-10;3-11;4-5;4-7;4-8;4-9;4-11;5-6;5-7;5-8;5-9;5-10;5-11;6-7;6-8;6-10;6-11;7-8;7-9;7-10;7-11;8-9;8-10;8-11;9-11;10-11,"1,1,1,1,1,1,1,1,1,1,1,0,1,0,1,1,1,1,0,1,1,0,1,1,1,1,1,1,0,1,1,1,0,1,1,1,1,1,1,0,1,1,1,0,1,1,1,1,1,1,1,1,1,0,1,1,1,1,1,1,1,1,1,0,1,1"
14,12,56,9,0-2;0-3;0-4;0-5;0-6;0-7;0-9;0-10;0-11;1-2;1-3;1-5;1-6;1-7;1-8;1-9;1-11;2-3;2-5;2-6;2-7;2-9;2-11;3-4;3-5;3-6;3-7;3-8;3-9;3-10;3-11;4-6;4-7;4-8;4-9;4-10;4-11;5-6;5-7;5-9;5-11;6-7;6-8;6-9;6-10;6-11;7-8;7-9;7-10;7-11;8-9;8-10;8-11;9-10;9-11;10-11,"0,1,1,1,1,1,1,0,1,1,1,1,1,0,1,1,1,1,1,0,1,1,0,1,1,1,0,1,0,1,1,1,1,1,1,1,1,1,0,1,1,1,1,1,1,1,1,0,1,0,1,1,1,1,1,1,1,1,1,1,1,1,1,1,1,1"
15,12,56,9,0-1;0-2;0-3;0-4;0-5;0-6;0-7;0-8;0-9;0-10;0-11;1-3;1-4;1-5;1-6;1-7;1-9;1-10;2-3;2-6;2-7;2-8;2-9;2-10;2-11;3-4;3-5;3-6;3-7;3-8;3-9;3-10;3-11;4-5;4-7;4-8;4-9;4-10;5-6;5-7;5-9;5-10;6-7;6-9;6-10;6-11;7-8;7-9;7-10;7-11;8-9;8-10;8-11;9-10;9-11;10-11,"1,1,1,1,1,1,1,1,1,1,1,0,1,1,1,1,1,0,1,1,0,1,0,0,1,1,1,1,1,1,1,1,1,1,1,1,1,1,1,0,1,1,1,1,0,1,1,0,1,1,0,1,0,1,1,1,1,1,1,1,1,1,1,1,1,1"
16,12,56,9,0-1;0-2;0-3;0-4;0-6;0-7;0-10;0-11;1-2;1-3;1-4;1-5;1-6;1-7;1-8;1-9;1-10;1-11;2-3;2-4;2-6;2-7;2-10;2-11;3-4;3-5;3-6;3-7;3-9;3-11;4-5;4-6;4-7;4-8;4-9;4-10;4-11;5-6;5-7;5-8;5-9;5-11;6-7;6-8;6-9;6-10;6-11;7-8;7-9;7-10;7-11;8-9;8-10;8-11;9-11;10-11,"1,1,1,1,0,1,1,0,0,1,1,1,1,1,1,1,1,1,1,1,1,1,1,0,1,1,0,0,1,1,1,1,1,1,0,1,0,1,1,1,1,1,1,1,1,1,1,1,1,0,1,1,1,1,1,1,1,1,1,1,1,1,1,0,1,1"
17,12,56,9,0-1;0-2;0-4;0-5;0-6;0-7;0-9;0-11;1-2;1-4;1-5;1-6;1-7;1-9;1-11;2-3;2-4;2-5;2-6;2-7;2-8;2-9;2-10;2-11;3-4;3-6;3-7;3-8;3-9;3-10;3-11;4-5;4-6;4-7;4-8;4-9;4-10;4-11;5-6;5-7;5-8;5-10;5-11;6-7;6-8;6-9;6-10;6-11;7-8;7-9;7-10;7-11;8-10;8-11;9-11;10-11,"1,1,0,1,1,1,1,0,1,0,1,1,0,1,1,1,1,0,1,0,1,1,1,1,1,1,1,1,1,1,1,0,1,1,1,1,1,1,1,1,1,1,1,1,1,1,1,1,0,1,1,1,1,1,1,1,1,1,1,1,0,1,1,0,1,1"
18,12,56,9,0-1;0-2;0-3;0-4;0-5;0-6;0-7;0-8;0-9;0-10;0-11;1-3;1-5;1-6;1-7;1-8;1-9;1-10;1-11;2-3;2-4;2-5;2-6;2-7;2-9;2-10;3-4;3-5;3-6;3-7;3-8;3-9;3-10;3-11;4-5;4-7;4-8;4-10;4-11;5-6;5-7;5-8;5-9;5-10;5-11;6-7;6-9;6-10;7-8;7-9;7-10;7-11;8-10;8-11;9-10;10-11,"1,1,1,1,1,1,1,1,1,1,1,0,1,0,1,1,1,1,1,1,1,1,1,1,1,1,0,1,1,0,1,1,1,1,1,1,1,1,1,0,1,1,0,1,1,1,1,1,1,1,1,1,0,1,1,0,1,1,1,1,0,1,1,1,0,1"
19,12,56,9,0-2;0-3;0-4;0-5;0-6;0-8;0-9;0-10;1-2;1-4;1-5;1-6;1-7;1-9;1-10;1-11;2-3;2-4;2-5;2-6;2-7;2-8;2-9;2-10;2-11;3-4;3-5;3-6;3-8;3-9;3-10;4-5;4-6;4-7;4-8;4-9;4-10;4-11;5-6;5-7;5-8;5-9;5-10;5-11;6-7;6-8;6-9;6-10;6-11;7-9;7-10;7-11;8-9;8-11;9-10;9-11,"0,1,1,1,1,1,0,1,1,1,0,1,0,1,1,1,1,0,1,1,1,1,1,1,1,1,1,1,1,1,1,1,1,0,1,1,1,0,1,1,1,1,1,1,1,1,1,1,1,1,1,1,1,1,1,1,0,1,1,1,1,0,1,1,1,0"
20,12,56,9,0-1;0-2;0-3;0-4;0-5;0-6;0-9;0-10;1-2;1-4;1-5;1-6;1-8;1-9;1-10;2-3;2-4;2-5;2-6;2-7;2-8;2-9;2-10;2-11;3-4;3-5;3-6;3-7;3-10;3-11;4-5;4-6;4-7;4-8;4-9;4-10;4-11;5-6;5-7;5-8;5-9;5-10;5-11;6-7;6-8;6-9;6-10;6-11;7-8;7-10;7-11;8-9;8-10;8-11;9-10;10-11,"1,1,1,1,1,1,0,0,1,1,0,1,0,1,1,1,0,1,1,1,0,1,1,1,1,1,1,1,1,1,1,1,1,1,0,0,1,1,1,1,1,1,1,1,1,1,1,1,1,1,1,1,1,1,1,1,1,0,1,1,1,1,1,1,0,1"
21,12,56,9,0-1;0-2;0-3;0-4;0-5;0-6;0-7;0-8;0-9;0-10;0-11;1-2;1-3;1-4;1-5;1-6;1-7;1-8;1-9;1-10;1-11;2-5;2-6;2-8;2-9;2-10;2-11;3-4;3-5;3-6;3-7;3-8;3-9;4-5;4-6;4-7;4-8;4-9;5-6;5-8;5-9;5-11;6-7;6-8;6-9;6-10;6-11;7-8;7-9;7-10;8-9;8-10;8-11;9-10;9-11;10-11,"1,1,1,1,1,1,1,1,1,1,1,1,1,1,1,1,1,1,1,1,1,0,0,1,1,0,1,1,1,1,1,1,1,1,1,1,0,0,1,1,1,1,1,0,0,1,0,1,1,0,1,1,1,1,1,1,1,1,1,0,1,1,1,1,1,1"
22,12,57,9,0-1;0-2;0-3;0-4;0-5;0-6;0-7;0-8;0-9;0-10;0-11;1-2;1-3;1-4;1-5;1-6;1-7;1-8;1-9;1-10;1-11;2-3;2-4;2-5;2-6;2-7;2-8;2-9;2-10;2-11;3-4;3-5;3-6;3-7;3-8;3-9;3-10;3-11;4-5;4-6;4-7;4-8;4-9;4-10;4-11;5-6;5-8;5-10;6-7;6-8;6-11;7-10;7-11;8-9;8-11;9-10;9-11,"1,1,1,1,1,1,1,1,1,1,1,1,1,1,1,1,1,1,1,1,1,1,1,1,1,1,1,1,1,1,1,1,1,1,1,1,1,1,1,1,1,1,1,1,1,1,0,1,0,1,0,1,1,0,0,1,0,0,1,1,1,0,1,1,1,0"
23,12,57,9,0-1;0-2;0-3;0-4;0-5;0-6;0-7;0-8;0-9;0-10;0-11;1-3;1-4;1-5;1-6;1-7;1-8;1-9;2-4;2-5;2-6;2-7;2-8;2-9;2-10;2-11;3-4;3-5;3-7;3-8;3-10;3-11;4-5;4-6;4-7;4-8;4-9;4-10;4-11;5-6;5-7;5-8;5-9;5-10;5-11;6-7;6-8;6-9;6-11;7-8;7-9;7-10;7-11;8-9;8-10;8-11;9-10,"1,1,1,1,1,1,1,1,1,1,1,0,1,1,1,1,1,1,1,0,0,0,1,1,1,1,1,1,1,1,1,1,0,1,1,0,1,1,1,1,1,1,1,1,1,1,1,1,1,1,1,1,1,1,0,1,1,1,1,1,1,1,1,1,0,0"
24,12,57,9,0-1;0-2;0-3;0-4;0-5;0-7;0-8;0-9;0-10;1-3;1-4;1-7;1-8;1-9;1-10;1-11;2-3;2-4;2-5;2-7;2-8;2-9;2-11;3-4;3-5;3-6;3-7;3-8;3-9;3-10;3-11;4-5;4-6;4-7;4-8;4-9;4-10;4-11;5-6;5-7;5-8;5-9;5-10;6-7;6-8;6-9;6-10;6-11;7-8;7-9;7-10;7-11;8-9;8-10;8-11;9-10;9-11,"1,1,1,1,1,0,1,1,1,1,0,0,1,1,0,0,1,1,1,1,1,1,1,1,0,1,1,1,0,1,1,1,1,1,1,1,1,1,1,1,1,1,1,1,1,1,1,1,1,1,0,1,1,1,1,1,1,1,1,1,1,1,1,1,1,0"
25,12,57,9,0-1;0-2;0-3;0-4;0-5;0-6;0-7;0-8;0-9;0-10;0-11;1-2;1-3;1-4;1-5;1-6;1-7;1-8;1-9;1-10;1-11;2-4;2-5;2-6;2-7;2-8;2-11;3-4;3-5;3-6;3-7;3-10;3-11;4-5;4-6;4-7;4-8;4-9;4-10;4-11;5-6;5-7;5-8;5-9;5-10;5-11;6-8;6-10;6-11;7-9;7-11;8-9;8-10;8-11;9-10;9-11;10-11,"1,1,1,1,1,1,1,1,1,1,1,1,1,1,1,1,1,1,1,1,1,0,1,1,1,1,1,0,0,1,1,1,1,1,0,0,1,1,1,1,1,1,1,1,1,1,1,1,1,1,1,0,1,0,1,1,0,1,0,1,1,1,1,1,1,1"
26,12,57,9,0-1;0-2;0-3;0-4;0-5;0-6;0-8;0-9;0-11;1-2;1-3;1-4;1-5;1-6;1-9;1-10;2-3;2-4;2-5;2-6;2-7;2-8;2-9;2-10;2-11;3-4;3-5;3-6;3-7;3-8;3-9;3-10;3-11;4-5;4-6;4-7;4-8;4-9;4-10;4-11;5-6;5-7;5-8;5-9;5-10;5-11;6-7;6-9;6-11;7-9;7-10;7-11;8-9;8-10;8-11;9-10;9-11,"1,1,1,1,1,1,0,1,1,0,1,1,1,1,1,1,0,0,1,1,0,1,1,1,1,1,1,1,1,1,1,1,1,1,1,1,1,1,1,1,1,1,1,1,1,1,1,1,1,1,1,1,0,1,0,1,0,1,1,1,1,1,1,1,1,0"
27,12,57,9,0-1;0-2;0-3;0-4;0-5;0-6;0-7;0-8;1-2;1-3;1-4;1-5;1-6;1-7;1-8;1-9;1-10;1-11;2-3;2-4;2-5;2-7;2-8;2-9;2-11;3-4;3-5;3-7;3-8;3-9;3-10;4-5;4-6;4-7;4-8;4-9;4-10;4-11;5-6;5-7;5-8;5-9;5-10;5-11;6-7;6-8;6-10;6-11;7-8;7-9;7-10;7-11;8-9;8-10;8-11;9-10;9-11,"1,1,1,1,1,1,1,1,0,0,0,1,1,1,1,1,1,1,1,1,1,1,1,1,0,1,1,1,0,1,1,1,0,1,1,1,1,0,1,1,1,1,1,1,1,1,1,1,1,1,1,1,1,0,1,1,1,1,1,1,1,1,1,1,1,0"
28,12,57,9,0-1;0-2;0-3;0-4;0-5;0-6;0-7;0-8;0-9;0-10;0-11;1-2;1-4;1-5;1-6;1-8;1-9;1-10;2-4;2-5;2-6;2-7;2-9;2-10;2-11;3-4;3-5;3-6;3-8;3-9;3-10;3-11;4-5;4-6;4-7;4-8;4-9;4-10;4-11;5-6;5-7;5-8;5-9;5-10;5-11;6-7;6-8;6-9;6-10;6-11;7-8;7-9;7-11;8-9;9-10;9-11;10-11,"1,1,1,1,1,1,1,1,1,1,1,1,0,1,1,1,0,1,1,1,0,0,1,1,1,1,0,1,1,1,1,1,1,0,1,1,1,1,1,1,1,1,1,1,1,1,1,1,1,1,1,1,1,1,1,1,1,1,0,1,1,0,0,1,1,1"
29,12,57,9,0-1;0-2;0-3;0-5;0-6;0-7;0-8;0-9;0-10;1-2;1-3;1-4;1-5;1-6;1-7;1-8;1-9;1-10;1-11;2-3;2-5;2-6;2-8;2-10;2-11;3-4;3-5;3-6;3-7;3-8;3-9;3-10;3-11;4-5;4-6;4-7;4-8;4-10;4-11;5-6;5-7;5-8;5-9;5-10;5-11;6-7;6-8;6-9;6-10;6-11;7-8;7-9;7-10;8-9;8-10;8-11;9-11,"1,1,1,0,1,1,1,1,1,1,0,1,1,1,1,1,1,1,1,1,1,1,0,1,1,0,1,0,1,1,1,1,1,1,1,1,1,1,1,1,1,1,0,1,1,1,1,1,1,1,1,1,1,1,1,1,1,1,1,0,1,1,1,0,1,0"
30,12,57,9,0-1;0-2;0-3;0-4;0-5;0-6;0-7;0-8;0-9;0-10;0-11;1-2;1-4;1-5;1-6;1-7;1-8;1-9;1-10;2-3;2-4;2-5;2-6;2-7;2-8;2-9;2-10;2-11;3-5;3-6;3-7;3-8;3-9;3-11;4-5;4-7;4-8;4-9;4-10;4-11;5-6;5-7;5-8;5-9;5-10;5-11;6-7;6-8;6-10;7-8;7-9;7-10;7-11;8-9;8-10;8-11;10-11,"1,1,1,1,1,1,1,1,1,1,1,1,0,1,1,1,1,1,1,1,0,1,1,1,1,1,1,1,1,1,0,1,1,1,1,1,0,1,1,0,1,1,1,1,1,1,1,1,1,1,1,1,1,0,1,0,1,1,1,1,1,1,1,0,0,1"
31,12,57,9,0-1;0-2;0-3;0-4;0-5;0-6;0-7;0-8;0-9;0-10;0-11;1-2;1-3;1-6;1-7;1-8;1-9;1-10;2-3;2-4;2-5;2-6;2-7;2-8;2-9;2-10;2-11;3-5;3-6;3-7;3-9;3-11;4-5;4-6;4-7;4-8;4-9;4-10;4-11;5-6;5-7;5-9;5-10;6-7;6-8;6-9;6-10;6-11;7-8;7-9;7-10;7-11;8-9;8-10;8-11;9-10;9-11,"1,1,1,1,1,1,1,1,1,1,1,1,1,0,0,1,1,1,1,1,0,1,1,1,1,1,1,1,1,1,0,1,1,1,0,1,0,1,1,1,1,1,1,1,1,1,1,0,1,1,0,1,1,1,1,1,1,1,1,1,1,1,1,1,1,0"
32,12,57,9,0-1;0-2;0-3;0-4;0-5;0-6;0-8;0-9;0-11;1-2;1-3;1-4;1-5;1-6;1-9;1-10;1-11;2-3;2-4;2-5;2-6;2-7;2-8;2-9;2-10;2-11;3-4;3-5;3-6;3-7;3-8;3-9;3-10;3-11;4-5;4-6;4-8;4-10;4-11;5-6;5-7;5-8;5-9;5-10;5-11;6-7;6-8;6-9;6-10;6-11;7-8;7-9;7-10;7-11;8-11;9-11;10-11,"1,1,1,1,1,1,0,1,1,0,1,1,1,1,1,1,0,0,1,1,1,1,1,1,1,1,1,1,1,1,1,1,1,1,1,1,1,1,1,1,0,1,0,1,1,1,1,1,1,1,1,1,1,1,1,1,1,1,1,1,0,0,1,0,1,1"
33,12,57,9,0-1;0-2;0-3;0-4;0-5;0-6;0-7;0-8;0-9;0-10;0-11;1-2;1-4;1-5;1-6;1-7;1-9;1-10;1-11;2-3;2-6;2-7;2-9;2-10;2-11;3-5;3-6;3-7;3-8;3-9;3-11;4-5;4-6;4-7;4-8;4-9;4-10;4-11;5-6;5-7;5-9;5-11;6-7;6-8;6-9;6-10;6-11;7-8;7-9;7-10;7-11;8-9;8-10;8-11;9-10;9-11;10-11,"1,1,1,1,1,1,1,1,1,1,1,1,0,1,1,1,1,0,1,1,1,1,0,0,1,1,0,1,1,1,0,1,1,1,1,1,0,1,1,1,1,1,1,1,1,1,1,0,1,0,1,1,1,1,1,1,1,1,1,1,1,1,1,1,1,1"
34,12,57,9,0-3;0-4;0-5;0-6;0-7;0-8;0-9;0-10;0-11;1-2;1-3;1-5;1-6;1-7;1-8;1-9;1-11;2-3;2-4;2-6;2-7;2-8;2-9;2-10;3-4;3-5;3-6;3-7;3-8;3-9;3-10;3-11;4-5;4-6;4-7;4-8;4-9;4-10;5-6;5-7;5-8;5-9;6-7;6-8;6-9;6-10;6-11;7-8;7-9;7-10;7-11;8-9;8-10;8-11;9-10;9-11;10-11,"0,0,1,1,1,1,1,1,1,1,1,1,1,0,1,1,1,1,1,0,1,1,1,0,1,1,1,1,1,0,1,1,1,1,1,1,1,1,1,1,1,1,1,1,0,1,1,1,1,0,0,1,1,1,1,1,1,1,1,1,1,1,1,1,1,1"
35,12,57,9,0-1;0-2;0-3;0-4;0-5;0-6;0-7;0-8;0-9;0-10;0-11;1-2;1-3;1-4;1-5;1-6;1-7;1-8;1-9;1-10;1-11;2-3;2-4;2-5;2-6;2-7;2-8;2-9;2-10;2-11;3-4;3-5;3-6;3-8;3-11;4-6;4-7;4-9;4-11;5-6;5-9;5-10;5-11;6-7;6-8;6-9;6-10;6-11;7-8;7-9;7-10;7-11;8-10;8-11;9-10;9-11;10-11,"1,1,1,1,1,1,1,1,1,1,1,1,1,1,1,1,1,1,1,1,1,1,1,1,1,1,1,1,1,1,1,1,1,0,1,0,0,1,0,1,1,0,1,0,1,1,0,0,1,1,1,1,1,1,1,1,1,1,1,1,0,1,1,1,1,1"
36,12,57,9,0-1;0-2;0-3;0-6;0-7;0-9;0-10;0-11;1-2;1-3;1-4;1-5;1-6;1-7;1-8;1-9;1-10;1-11;2-3;2-4;2-6;2-8;2-9;2-11;3-4;3-5;3-6;3-7;3-8;3-9;3-10;3-11;4-5;4-6;4-8;4-9;4-10;4-11;5-6;5-7;5-8;5-9;5-10;5-11;6-7;6-8;6-9;6-10;6-11;7-8;7-9;7-11;8-9;8-11;9-10;9-11;10-11,"1,1,1,0,0,1,1,0,1,1,1,1,1,1,1,1,1,1,1,1,1,1,1,0,1,0,1,1,0,1,1,1,1,1,1,1,1,1,1,1,0,1,1,1,1,1,1,1,1,1,1,1,1,1,1,1,1,1,0,1,1,0,1,1,1,1"
37,12,57,9,0-1;0-2;0-3;0-5;0-6;0-7;0-10;0-11;1-3;1-5;1-6;1-7;1-8;1-9;1-11;2-3;2-4;2-5;2-6;2-7;2-8;2-11;3-4;3-5;3-6;3-7;3-8;3-9;3-10;3-11;4-5;4-6;4-7;4-8;4-9;4-10;4-11;5-6;5-7;5-8;5-9;5-10;5-11;6-7;6-8;6-9;6-10;6-11;7-8;7-9;7-10;7-11;8-9;8-11;9-10;9-11;10-11,"1,1,1,0,1,1,1,0,0,1,1,0,1,0,1,1,1,1,1,0,1,1,1,1,1,1,1,0,0,1,1,1,1,1,1,1,1,1,1,1,1,1,1,1,1,1,1,1,1,1,1,1,1,1,1,1,1,1,1,1,1,0,1,1,1,1"
38,12,57,9,0-1;0-2;0-3;0-5;0-6;0-8;0-9;0-10;0-11;1-2;1-3;1-6;1-7;1-8;1-9;1-10;1-11;2-3;2-4;2-5;2-6;2-7;2-8;2-9;2-10;2-11;3-4;3-5;3-6;3-7;3-8;3-9;3-10;3-11;4-5;4-6;4-7;4-8;4-9;4-10;5-6;5-8;5-10;5-11;6-7;6-8;6-9;6-10;6-11;7-8;7-10;7-11;8-9;8-10;8-11;9-10;10-11,"1,1,1,0,1,1,0,1,1,1,1,1,1,0,0,1,1,1,1,1,1,1,1,1,1,1,1,1,1,1,1,1,1,1,1,1,1,1,1,1,1,1,1,1,0,1,0,1,0,1,1,1,1,1,1,1,1,0,1,1,1,1,1,1,0,1"
39,12,57,9,0-1;0-2;0-4;0-5;0-6;0-7;0-10;0-11;1-2;1-3;1-4;1-5;1-6;1-7;1-8;1-9;1-10;1-11;2-3;2-4;2-5;2-6;2-7;2-8;3-4;3-5;3-6;3-7;3-9;3-10;4-5;4-6;4-7;4-8;4-9;4-10;4-11;5-6;5-7;5-8;5-9;5-10;5-11;6-7;6-8;6-9;6-10;6-11;7-8;7-9;7-10;7-11;8-9;8-11;9-10;9-11;10-11,"1,1,0,1,1,1,1,0,0,1,1,1,1,1,1,1,1,1,1,1,1,1,1,1,1,1,1,0,0,0,1,1,1,1,0,1,1,0,1,1,1,1,1,1,1,1,1,1,1,1,1,1,1,1,1,1,1,1,1,1,1,0,1,1,1,1"
40,12,57,9,0-2;0-4;0-5;0-7;0-8;0-9;0-10;0-11;1-2;1-4;1-5;1-6;1-7;1-9;1-10;1-11;2-3;2-5;2-7;2-9;2-10;2-11;3-5;3-6;3-7;3-8;3-9;3-10;3-11;4-5;4-6;4-7;4-8;4-9;4-10;4-11;5-6;5-7;5-8;5-9;5-10;5-11;6-7;6-8;6-9;6-10;6-11;7-8;7-9;7-10;7-11;8-9;8-10;8-11;9-10;9-11;10-11,"0,1,0,1,1,0,1,1,1,1,1,1,0,1,1,1,1,0,1,1,1,1,0,1,0,1,0,1,1,1,0,1,1,1,1,1,1,1,1,1,1,1,1,1,1,1,1,1,1,1,1,1,1,1,1,1,1,1,1,1,1,1,1,1,1,1"
41,12,57,9,0-1;0-2;0-4;0-5;0-6;0-7;0-8;0-10;0-11;1-2;1-3;1-4;1-5;1-6;1-7;1-8;1-9;1-10;1-11;2-3;2-5;2-6;2-7;2-8;2-11;3-5;3-6;3-8;3-9;3-10;3-11;4-5;4-6;4-7;4-8;4-9;4-10;4-11;5-6;5-7;5-8;5-9;5-10;5-11;6-7;6-8;6-9;6-10;6-11;7-8;7-9;7-11;8-9;8-10;8-11;9-11;10-11,"1,1,0,1,1,1,1,1,0,1,1,1,1,1,1,1,1,1,1,1,1,1,0,1,1,1,1,0,0,1,0,1,1,0,1,1,1,1,1,1,1,1,1,1,1,1,1,1,1,1,1,1,1,1,1,1,1,1,0,1,1,1,1,0,1,1"
42,12,57,9,0-1;0-2;0-3;0-4;0-5;0-7;0-9;0-10;0-11;1-2;1-3;1-4;1-5;1-6;1-7;1-8;1-9;1-10;1-11;2-3;2-4;2-5;2-6;2-7;2-8;2-9;2-10;2-11;3-4;3-5;3-6;3-7;3-8;3-9;3-10;3-11;4-5;4-6;4-7;4-8;4-9;4-10;4-11;5-7;5-8;5-10;6-7;6-8;6-10;6-11;7-8;7-9;7-10;7-11;8-9;9-11;10-11,"1,1,1,1,1,0,1,0,1,1,1,1,1,1,1,1,1,1,1,1,1,1,1,1,1,1,1,1,1,1,1,1,1,1,1,1,1,1,1,1,1,1,1,1,1,0,1,1,0,1,0,1,1,0,1,1,1,1,1,1,1,0,0,0,1,1"
43,13,61,9,0-2;0-4;0-6;0-7;0-9;0-10;0-11;0-12;1-3;1-5;1-7;1-8;1-9;1-10;1-11;1-12;2-4;2-6;2-8;2-9;2-10;2-11;2-12;3-5;3-7;3-8;3-9;3-10;3-11;3-12;4-6;4-8;4-9;4-10;4-11;4-12;5-7;5-8;5-9;5-10;5-11;5-12;6-8;6-9;6-10;6-11;6-12;7-9;7-10;7-11;7-12;8-9;8-10;8-11;8-12;9-10;9-11;9-12;10-11;10-12;11-12,"0,1,0,1,0,1,1,0,1,1,1,1,0,1,0,1,0,1,1,1,1,1,1,0,1,0,1,0,1,1,1,1,1,0,1,0,1,1,1,1,1,1,0,1,0,1,1,1,1,1,0,1,1,1,1,1,1,0,1,1,1,1,1,0,1,1,1,1,1,1,1,1,1,1,1,1,1,1"
44,13,61,9,0-1;0-2;0-3;0-4;0-5;0-6;0-7;0-8;0-9;0-10;0-11;0-12;1-2;1-3;1-4;1-5;1-6;1-7;1-8;1-9;1-10;1-11;1-12;2-3;2-6;2-7;2-8;2-9;2-11;3-5;3-6;3-7;3-9;3-11;4-5;4-6;4-8;4-9;4-10;4-12;5-6;5-7;5-9;5-10;5-11;5-12;6-7;6-8;6-9;6-10;6-11;6-12;7-9;7-11;8-9;8-10;8-12;9-10;9-11;9-12;10-12,"1,1,1,1,1,1,1,1,1,1,1,1,1,1,1,1,1,1,1,1,1,1,1,1,0,0,1,1,1,1,0,1,0,0,1,1,1,0,1,0,1,0,1,1,0,1,1,1,0,1,1,1,0,1,1,1,1,1,1,1,1,1,1,0,1,0,1,0,1,1,0,1,1,1,1,0,1,0"
45,13,61,9,0-1;0-2;0-3;0-4;0-5;0-6;0-7;0-8;0-9;0-10;0-11;0-12;1-3;1-4;1-6;1-7;1-8;1-10;1-11;2-4;2-5;2-6;2-8;2-9;2-11;2-12;3-4;3-6;3-7;3-10;3-11;3-12;4-5;4-6;4-7;4-8;4-9;4-10;4-11;4-12;5-6;5-8;5-9;5-11;5-12;6-7;6-8;6-9;6-10;6-11;6-12;7-8;7-10;7-11;8-9;8-10;8-11;9-11;9-12;10-11;11-12,"1,1,1,1,1,1,1,1,1,1,1,1,0,1,1,0,1,1,1,0,1,1,0,0,1,1,1,0,1,1,0,1,1,1,0,1,1,0,0,1,1,1,1,1,1,1,1,1,1,1,1,0,1,1,0,1,1,1,1,1,1,1,1,1,0,1,1,0,1,1,1,0,0,1,1,1,0,1"
46,13,61,9,0-1;0-2;0-4;0-7;0-8;0-9;0-10;0-12;1-2;1-3;1-4;1-5;1-6;1-7;1-8;1-9;1-10;1-11;1-12;2-4;2-7;2-8;2-9;2-10;2-12;3-4;3-5;3-6;3-8;3-10;3-11;3-12;4-5;4-6;4-7;4-8;4-9;4-10;4-11;4-12;5-6;5-8;5-10;5-11;5-12;6-8;6-9;6-10;6-11;7-8;7-9;7-10;7-12;8-9;8-10;8-11;8-12;9-10;10-11;10-12;11-12,"1,1,0,1,0,0,1,1,1,1,0,1,1,1,1,1,1,1,1,1,1,1,1,0,1,0,0,1,1,1,1,0,1,1,1,1,0,1,0,1,1,1,1,1,1,1,1,1,1,1,1,0,1,0,1,1,1,0,1,1,1,1,0,1,1,1,0,1,1,1,1,1,1,0,0,1,1,1"
47,13,61,9,0-1;0-2;0-4;0-6;0-7;0-10;0-11;0-12;1-2;1-4;1-6;1-7;1-10;1-11;1-12;2-3;2-4;2-5;2-6;2-7;2-8;2-9;2-10;2-11;2-12;3-5;3-6;3-8;3-9;3-10;3-11;3-12;4-5;4-6;4-7;4-8;4-9;4-10;4-12;5-6;5-8;5-9;5-10;5-12;6-7;6-8;6-9;6-10;6-11;6-12;7-10;7-11;7-12;8-9;8-10;8-12;9-10;9-12;10-11;10-12;11-12,"1,1,0,1,0,1,1,0,0,1,1,1,1,0,1,0,1,1,0,0,1,1,1,1,1,1,1,1,1,1,1,1,1,0,1,1,0,1,1,1,1,1,1,1,1,1,1,1,0,1,1,0,1,1,1,0,1,1,1,1,1,1,1,0,0,1,1,1,1,1,0,1,1,0,1,1,1,1"
48,13,61,9,0-5;0-6;0-7;0-8;0-9;0-10;0-11;0-12;1-2;1-3;1-4;1-5;1-7;1-9;1-11;1-12;2-3;2-4;2-5;2-7;2-9;2-11;2-12;3-4;3-5;3-7;3-9;3-11;3-12;4-5;4-8;4-9;4-11;4-12;5-6;5-7;5-8;5-9;5-10;5-11;5-12;6-7;6-8;6-9;6-10;6-11;6-12;7-9;7-10;7-11;7-12;8-9;8-10;8-11;8-12;9-10;9-11;9-12;10-11;10-12;11-12,"0,0,0,0,1,1,1,1,1,1,1,1,1,1,1,1,0,1,0,1,0,1,1,1,1,1,0,1,0,1,0,1,1,1,1,0,1,0,1,0,1,1,1,0,0,1,1,0,1,1,1,1,1,1,1,1,1,1,1,1,1,1,1,0,1,1,1,1,1,1,1,1,1,1,1,1,1,1"
49,13,61,9,0-1;0-2;0-3;0-4;0-5;0-6;0-8;0-10;1-2;1-3;1-4;1-5;1-6;1-7;1-8;1-9;1-10;1-11;1-12;2-3;2-4;2-5;2-6;2-8;2-10;3-4;3-6;3-8;3-10;3-11;4-5;4-6;4-7;4-8;4-9;4-10;4-11;4-12;5-6;5-7;5-8;5-9;5-10;5-12;6-8;6-10;7-8;7-9;7-10;7-11;7-12;8-9;8-10;8-11;8-12;9-10;9-11;9-12;10-11;10-12;11-12,"1,1,1,1,1,1,0,1,0,1,0,0,1,1,1,1,1,1,1,1,1,1,1,1,1,1,1,0,1,0,1,0,0,1,0,1,0,1,0,1,1,0,1,1,1,1,1,1,1,1,1,1,1,1,1,0,1,0,1,0,1,0,0,1,1,1,1,1,1,1,1,1,1,1,1,1,1,1"
50,13,61,9,0-1;0-2;0-3;0-4;0-5;0-6;0-7;0-8;0-9;0-10;0-11;0-12;1-2;1-3;1-4;1-5;1-6;1-7;1-8;1-10;1-12;2-3;2-4;2-7;2-10;2-11;2-12;3-4;3-5;3-6;3-7;3-8;3-9;3-10;3-11;3-12;4-7;4-10;4-11;4-12;5-6;5-7;5-8;5-9;5-12;6-7;6-8;6-9;6-12;7-8;7-9;7-10;7-11;7-12;8-9;8-12;9-11;9-12;10-11;10-12;11-12,"1,1,1,1,1,1,1,1,1,1,1,1,1,1,1,1,1,1,1,0,1,0,1,1,1,0,0,1,0,0,1,1,1,1,1,1,1,1,1,1,1,1,0,0,1,0,0,1,1,1,1,1,1,1,0,0,1,1,1,1,0,0,1,1,1,1,1,1,1,0,0,1,0,1,1,1,1,1"
51,13,61,9,0-2;0-3;0-4;0-5;0-6;0-7;0-9;0-10;0-11;0-12;1-2;1-3;1-4;1-5;1-6;1-7;1-8;1-10;2-3;2-4;2-5;2-6;2-7;2-8;2-9;2-10;2-11;2-12;3-4;3-5;3-6;3-7;3-8;3-9;3-10;3-11;3-12;4-5;4-6;4-7;4-10;5-6;5-7;5-10;6-7;6-8;6-9;6-10;6-11;6-12;7-8;7-9;7-10;7-11;7-12;8-9;8-11;8-12;9-11;9-12;11-12,"0,1,1,1,1,1,1,0,1,1,1,1,1,1,1,1,1,1,1,0,1,0,0,1,1,1,1,1,1,1,1,1,1,1,1,1,1,1,1,1,1,1,1,1,1,0,0,1,0,0,1,1,0,0,1,0,0,1,1,1,1,1,1,1,1,1,1,1,1,0,1,1,0,1,1,0,0,1"
52,13,61,9,0-1;0-2;0-3;0-4;0-5;0-6;0-7;0-8;0-9;0-10;0-11;0-12;1-2;1-3;1-4;1-5;1-6;1-7;1-8;1-9;1-10;1-11;1-12;2-3;2-5;2-8;2-10;2-11;2-12;3-4;3-5;3-6;3-7;3-8;3-9;3-10;3-11;3-12;4-6;4-7;4-8;4-9;4-12;5-7;5-8;5-10;5-11;6-7;6-8;6-9;6-12;7-8;7-9;7-10;7-11;8-9;8-10;8-11;8-12;9-12;10-11,"1,1,1,1,1,1,1,1,1,1,1,1,1,1,1,1,1,1,1,1,1,1,1,1,0,1,0,0,1,0,1,1,1,1,1,1,1,1,1,1,1,1,0,1,1,1,1,0,0,1,0,1,1,0,1,1,0,1,1,1,0,0,1,1,1,1,1,0,1,1,1,1,0,0,1,1,0,0"
53,13,61,9,0-1;0-2;0-3;0-4;0-7;0-8;0-9;0-11;1-2;1-3;1-4;1-7;1-8;1-9;1-11;2-3;2-4;2-5;2-6;2-7;2-8;2-9;2-10;2-11;2-12;3-4;3-7;3-8;3-9;3-11;4-5;4-7;4-8;4-11;5-6;5-7;5-8;5-10;5-11;5-12;6-7;6-8;6-9;6-10;6-11;6-12;7-8;7-9;7-10;7-11;7-12;8-9;8-10;8-11;8-12;9-10;9-11;9-12;10-11;10-12;11-12,"1,1,1,1,0,0,1,1,1,0,1,0,1,1,1,0,0,1,1,1,0,1,0,1,1,1,1,1,1,1,1,1,1,1,0,0,1,1,1,0,1,0,1,0,1,1,0,0,1,0,1,1,1,0,1,1,1,1,1,1,1,1,1,1,1,1,1,1,1,1,1,1,1,1,1,1,1,1"
54,13,61,9,0-1;0-3;0-4;0-5;0-6;0-7;0-9;0-12;1-2;1-3;1-4;1-5;1-6;1-7;1-8;1-9;1-10;1-11;1-12;2-3;2-4;2-7;2-8;2-10;2-11;2-12;3-4;3-5;3-6;3-7;3-8;3-11;3-12;4-5;4-6;4-7;4-8;4-9;4-10;4-11;4-12;5-6;5-7;5-9;5-12;6-7;6-9;6-12;7-8;7-9;7-10;7-11;7-12;8-10;8-11;8-12;9-10;9-12;10-11;10-12;11-12,"1,0,1,1,1,1,1,0,1,0,0,1,1,1,1,1,1,1,1,1,1,1,1,1,1,0,0,1,1,0,1,1,1,1,1,1,1,1,0,0,1,1,1,1,1,1,1,1,1,1,1,1,0,1,0,0,1,1,0,1,0,0,1,1,1,1,1,1,0,1,1,1,1,0,1,1,1,1"
55,13,61,9,0-1;0-2;0-3;0-6;0-7;0-10;0-11;0-12;1-2;1-3;1-4;1-6;1-7;1-8;1-9;1-10;1-12;2-3;2-4;2-5;2-6;2-7;2-8;2-9;2-10;2-11;2-12;3-4;3-5;3-6;3-7;3-8;3-9;3-10;3-11;3-12;4-5;4-6;4-8;4-9;4-12;5-6;5-8;5-9;5-11;5-12;6-7;6-8;6-9;6-10;6-11;6-12;7-10;7-11;7-12;8-9;8-12;9-12;10-11;10-12;11-12,"1,1,1,0,0,1,1,0,0,1,1,1,1,1,1,0,1,1,1,1,1,0,1,1,1,1,1,1,1,1,1,1,1,1,1,1,1,1,1,1,1,1,1,1,0,1,1,0,0,1,1,0,1,1,0,1,1,1,1,1,1,1,1,0,0,1,1,1,1,0,0,1,0,0,1,1,1,1"
56,13,61,9,0-1;0-2;0-3;0-4;0-6;0-7;0-8;0-9;0-11;0-12;1-2;1-3;1-5;1-6;1-9;1-11;1-12;2-3;2-5;2-6;2-9;2-11;2-12;3-4;3-5;3-6;3-7;3-8;3-9;3-10;3-11;3-12;4-6;4-7;4-8;4-9;4-10;4-11;5-6;5-9;5-10;5-11;5-12;6-7;6-8;6-9;6-10;6-11;6-12;7-8;7-9;7-10;7-11;8-9;8-10;8-11;9-10;9-11;9-12;10-11;11-12,"1,1,1,1,0,1,1,1,1,0,1,1,1,1,0,1,1,0,0,1,0,1,1,1,0,1,1,0,0,1,0,1,1,1,1,1,1,1,1,1,1,1,0,1,1,1,1,1,1,0,1,0,0,1,1,1,1,1,1,1,1,1,1,1,1,1,1,0,1,1,1,0,1,1,1,1,0,1"
57,13,61,9,0-1;0-3;0-5;0-8;0-9;0-10;0-11;0-12;1-3;1-5;1-8;1-9;1-10;1-11;1-12;2-3;2-4;2-6;2-7;2-8;2-9;2-11;2-12;3-4;3-6;3-8;3-9;3-10;3-11;3-12;4-6;4-7;4-8;4-9;4-11;4-12;5-7;5-8;5-9;5-10;5-11;5-12;6-7;6-8;6-9;6-11;6-12;7-8;7-9;7-11;7-12;8-9;8-10;8-11;8-12;9-10;9-11;9-12;10-11;10-12;11-12,"1,0,1,0,1,0,0,1,1,1,1,1,0,1,0,1,0,0,1,1,1,1,1,1,1,0,1,1,1,1,0,1,1,1,0,1,0,1,1,1,1,1,0,1,1,1,1,0,1,1,0,1,1,1,1,1,1,1,1,1,0,1,1,1,1,0,1,1,1,1,1,1,1,1,1,1,1,1"
58,13,61,9,0-2;0-3;0-4;0-5;0-6;0-7;0-10;0-11;1-2;1-5;1-6;1-8;1-9;1-10;1-11;1-12;2-3;2-4;2-5;2-6;2-9;2-10;2-11;2-12;3-4;3-5;3-6;3-7;3-10;3-11;4-5;4-6;4-7;4-10;4-11;5-6;5-7;5-8;5-9;5-10;5-11;5-12;6-7;6-8;6-9;6-10;6-11;6-12;7-8;7-10;7-11;8-9;8-10;8-11;8-12;9-10;9-11;9-12;10-11;10-12;11-12,"0,1,1,1,1,1,1,0,0,1,1,0,1,0,0,1,1,0,1,1,1,1,1,1,1,1,1,0,0,1,1,1,1,1,1,1,1,0,0,1,1,0,1,1,1,0,0,1,1,0,1,1,1,1,1,1,1,1,1,1,1,1,1,1,0,1,1,0,1,1,1,1,1,1,1,1,1,1"
59,13,61,9,0-1;0-2;0-3;0-4;0-6;0-7;0-10;0-11;1-2;1-3;1-4;1-5;1-6;1-7;1-8;1-9;1-10;1-11;1-12;2-3;2-4;2-5;2-6;2-7;2-8;2-9;2-10;2-11;2-12;3-4;3-6;3-7;3-10;3-11;4-6;4-9;4-10;4-11;5-6;5-7;5-8;5-9;5-10;5-12;6-7;6-8;6-9;6-10;6-11;6-12;7-8;7-10;7-11;7-12;8-9;8-10;8-12;9-10;9-12;10-11;10-12,"1,1,1,1,0,1,1,0,0,1,1,0,1,1,1,1,1,1,1,1,1,1,1,1,1,1,1,1,1,1,1,1,1,1,0,1,1,0,0,1,1,0,0,1,0,0,1,1,1,0,1,1,1,1,1,0,1,1,1,1,1,1,1,1,0,1,1,1,1,1,0,1,1,0,1,1,1,0"
60,13,61,9,0-4;0-5;0-6;0-7;0-9;0-10;0-11;0-12;1-2;1-3;1-4;1-5;1-6;1-8;1-9;1-12;2-3;2-4;2-5;2-6;2-8;2-10;2-12;3-4;3-5;3-6;3-8;3-10;3-12;4-5;4-6;4-7;4-8;4-9;4-10;4-11;4-12;5-6;5-7;5-8;5-9;5-10;5-11;5-12;6-7;6-8;6-9;6-10;6-11;6-12;7-9;7-10;7-11;7-12;8-10;8-12;9-11;9-12;10-11;10-12;11-12,"0,0,0,1,1,1,1,0,1,1,1,1,1,1,1,1,1,0,1,1,0,0,1,1,1,1,1,0,1,0,1,0,1,1,1,1,0,1,0,1,0,1,1,1,1,1,1,1,1,1,1,1,1,1,1,1,1,1,1,1,1,1,1,0,1,1,1,1,0,1,0,1,0,1,1,1,1,1"
61,13,61,9,0-1;0-2;0-3;0-4;0-5;0-6;0-7;0-9;0-10;0-12;1-2;1-3;1-4;1-5;1-6;1-7;1-8;1-9;1-10;1-11;1-12;2-3;2-5;2-6;2-8;2-10;2-12;3-4;3-5;3-6;3-7;3-8;3-9;3-10;3-11;3-12;4-5;4-7;4-9;4-10;4-11;5-6;5-7;5-8;5-9;5-10;5-11;5-12;6-8;6-10;6-12;7-9;7-10;7-11;8-10;8-11;8-12;9-10;9-11;10-11;10-12,"1,1,1,1,1,1,1,0,1,1,0,1,1,1,1,1,1,1,1,1,1,1,1,1,0,1,1,0,1,0,1,0,1,1,1,1,1,1,1,1,1,1,1,0,1,0,1,1,1,0,1,1,1,1,1,1,1,0,1,0,1,0,1,0,1,1,1,0,0,1,1,1,1,1,0,1,1,0"
62,13,61,9,0-1;0-2;0-3;0-7;0-9;0-10;0-11;0-12;1-2;1-3;1-4;1-5;1-6;1-7;1-8;1-9;1-10;1-11;1-12;2-3;2-7;2-9;2-10;2-11;2-12;3-4;3-5;3-6;3-7;3-9;3-10;3-11;4-5;4-6;4-7;4-8;4-9;4-10;5-6;5-7;5-8;5-9;5-10;6-7;6-8;6-9;6-10;7-8;7-9;7-10;7-11;7-12;8-9;8-10;8-12;9-10;9-11;9-12;10-11;10-12;11-12,"1,1,1,0,0,0,1,0,1,1,1,1,1,1,1,1,1,1,1,1,1,1,1,1,0,0,0,1,0,1,1,1,1,1,1,1,1,0,1,1,1,0,1,1,1,1,1,1,0,0,1,1,1,1,1,0,0,1,1,1,1,0,0,1,1,1,1,1,1,1,0,1,1,1,1,1,1,1"
63,13,61,9,0-1;0-2;0-3;0-4;0-5;0-6;0-7;0-8;0-11;0-12;1-2;1-3;1-4;1-5;1-6;1-7;1-8;1-9;1-10;1-11;1-12;2-3;2-4;2-5;2-6;2-7;2-8;2-9;2-10;2-11;2-12;3-4;3-7;3-9;3-11;3-12;4-5;4-6;4-7;4-8;4-9;4-10;4-11;4-12;5-6;5-8;5-10;5-12;6-8;6-10;6-12;7-9;7-11;7-12;8-10;8-12;9-10;9-11;9-12;10-12;11-12,"1,1,1,1,1,1,1,1,0,0,1,1,1,1,1,1,1,1,1,1,1,1,1,1,1,1,1,1,1,1,1,1,1,1,0,0,1,0,1,0,1,1,1,1,1,1,1,1,1,1,1,0,1,0,1,0,1,0,1,0,1,0,1,0,1,0,1,1,0,1,0,1,1,1,1,0,1,1"
64,13,61,9,0-2;0-4;0-6;0-7;0-9;0-10;0-11;0-12;1-3;1-5;1-7;1-8;1-9;1-10;1-11;1-12;2-4;2-6;2-7;2-9;2-10;2-11;2-12;3-5;3-7;3-8;3-9;3-10;3-11;3-12;4-6;4-8;4-9;4-10;4-11;4-12;5-7;5-8;5-9;5-10;5-11;5-12;6-8;6-9;6-10;6-11;6-12;7-9;7-10;7-11;7-12;8-9;8-10;8-11;8-12;9-10;9-11;9-12;10-11;10-12;11-12,"0,1,0,1,0,1,1,0,1,1,1,1,0,1,0,1,0,1,1,1,1,1,1,0,1,0,1,1,0,1,1,1,1,0,1,0,1,1,1,1,1,1,0,1,0,1,1,1,1,1,0,1,1,1,1,1,1,0,1,1,1,1,1,0,1,1,1,1,1,1,1,1,1,1,1,1,1,1"
65,13,61,9,0-1;0-3;0-4;0-5;0-9;0-10;0-11;0-12;1-2;1-3;1-4;1-5;1-6;1-7;1-8;1-9;1-10;1-11;1-12;2-3;2-4;2-6;2-7;2-8;2-9;2-10;3-4;3-5;3-6;3-7;3-8;3-9;3-10;3-11;3-12;4-5;4-8;4-9;4-10;4-11;5-9;5-10;5-11;5-12;6-7;6-8;6-9;6-10;6-12;7-8;7-9;7-10;7-12;8-9;8-10;9-10;9-11;9-12;10-11;10-12;11-12,"1,0,1,1,1,0,0,0,1,1,1,1,1,1,1,1,1,1,1,1,1,1,1,1,1,0,1,1,1,1,1,0,0,1,1,1,1,1,1,1,1,1,1,0,0,1,1,1,1,0,0,0,0,1,1,1,1,1,1,1,1,0,1,1,1,1,0,1,1,1,0,0,1,1,1,1,1,1"
66,13,61,9,0-1;0-4;0-5;0-6;0-7;0-8;0-11;0-12;1-2;1-3;1-5;1-6;1-7;1-8;1-10;1-12;2-3;2-5;2-6;2-8;2-9;2-10;2-12;3-5;3-6;3-8;3-9;3-10;3-12;4-5;4-6;4-7;4-8;4-9;4-11;4-12;5-6;5-7;5-8;5-9;5-10;5-11;5-12;6-7;6-8;6-9;6-10;6-11;6-12;7-8;7-11;7-12;8-9;8-10;8-11;8-12;9-10;9-11;9-12;10-12;11-12,"1,0,0,1,1,1,1,1,0,0,1,1,1,1,0,1,1,1,1,0,1,0,1,1,0,1,1,0,1,1,1,0,1,0,1,1,0,1,1,1,0,1,1,1,1,1,1,0,1,1,1,1,1,1,1,1,1,1,1,1,1,1,1,1,0,0,1,1,1,1,1,1,1,1,1,0,1,1"
67,13,61,9,0-1;0-2;0-3;0-4;0-6;0-7;0-10;0-11;1-2;1-3;1-4;1-6;1-7;1-10;1-11;2-3;2-4;2-5;2-6;2-7;2-8;2-9;2-10;2-11;2-12;3-6;3-7;3-10;3-11;3-12;4-5;4-6;4-7;4-8;4-9;4-10;5-6;5-7;5-8;5-9;5-10;5-12;6-7;6-8;6-9;6-10;6-11;6-12;7-8;7-9;7-10;7-11;7-12;8-9;8-10;8-12;9-10;9-12;10-11;10-12;11-12,"1,1,1,1,0,1,1,0,0,1,1,0,1,1,1,0,1,1,0,0,1,1,0,1,1,1,1,1,1,1,1,1,1,0,0,1,1,0,0,1,1,1,1,1,1,1,1,1,0,0,1,1,1,1,1,0,1,1,1,1,1,1,1,1,1,1,1,1,1,1,0,1,1,0,1,1,1,1"
68,13,61,9,0-1;0-3;0-4;0-5;0-7;0-8;0-11;0-12;1-2;1-3;1-4;1-5;1-6;1-7;1-8;1-9;1-10;1-11;1-12;2-3;2-4;2-5;2-6;2-9;2-10;2-11;3-4;3-5;3-6;3-7;3-8;3-9;3-10;3-11;3-12;4-5;4-6;4-7;4-8;4-9;4-10;4-11;4-12;5-6;5-7;5-8;5-9;5-10;5-11;5-12;6-7;6-9;6-10;7-8;7-9;7-12;8-11;8-12;9-10;10-11;11-12,"1,0,1,1,1,0,1,1,0,0,1,1,1,1,1,1,1,1,1,1,1,1,1,1,1,1,1,0,0,1,1,1,0,1,1,1,1,1,1,1,1,1,1,1,1,1,1,1,1,1,1,1,1,1,1,1,1,1,0,1,1,0,0,1,1,0,0,1,0,0,1,1,1,0,0,1,0,1"
69,13,61,9,0-2;0-5;0-6;0-7;0-8;0-9;0-11;0-12;1-2;1-3;1-4;1-5;1-7;1-10;1-11;1-12;2-3;2-4;2-5;2-6;2-7;2-8;2-9;2-10;2-11;2-12;3-4;3-5;3-6;3-7;3-9;3-10;3-12;4-5;4-7;4-10;4-11;4-12;5-6;5-7;5-8;5-9;5-10;5-11;5-12;6-7;6-8;6-9;6-12;7-8;7-9;7-10;7-11;7-12;8-9;8-11;8-12;9-12;10-11;10-12;11-12,"0,1,0,0,1,1,1,1,1,0,1,1,1,1,1,1,0,1,0,0,1,1,1,1,1,1,1,1,1,1,1,1,1,1,1,1,1,0,1,1,0,1,1,0,1,0,0,1,1,1,1,1,1,1,1,1,1,1,1,1,0,0,1,1,1,1,1,1,1,0,1,1,0,0,1,1,1,1"
70,13,61,9,0-1;0-2;0-3;0-4;0-5;0-6;0-7;0-8;0-9;0-10;0-11;0-12;1-3;1-4;1-5;1-6;1-7;1-8;1-10;1-12;2-3;2-5;2-6;2-8;2-9;2-11;2-12;3-4;3-5;3-6;3-7;3-8;3-9;3-10;3-11;3-12;4-7;4-8;4-9;4-10;4-12;5-6;5-8;5-11;5-12;6-8;6-11;6-12;7-8;7-9;7-10;7-12;8-9;8-10;8-11;8-12;9-10;9-11;9-12;10-12;11-12,"1,1,1,1,1,1,1,1,1,1,1,1,0,1,1,1,1,1,1,0,1,0,1,1,0,1,1,0,1,1,0,1,1,1,1,1,1,1,1,1,1,1,0,0,1,1,1,1,0,1,1,0,1,0,0,1,1,0,1,0,0,1,1,1,1,1,0,1,1,1,1,1,1,1,1,0,1,1"
71,13,61,9,0-2;0-3;0-5;0-6;0-7;0-9;0-10;0-11;0-12;1-4;1-5;1-6;1-7;1-8;1-9;1-10;1-11;1-12;2-3;2-4;2-7;2-8;2-10;2-11;2-12;3-4;3-7;3-8;3-10;3-11;3-12;4-7;4-8;4-10;4-11;4-12;5-6;5-7;5-9;5-10;5-11;5-12;6-7;6-9;6-10;6-11;6-12;7-8;7-9;7-10;7-11;7-12;8-10;8-11;8-12;9-10;9-11;9-12;10-11;10-12;11-12,"0,1,1,0,1,1,1,0,1,1,1,1,0,0,1,1,1,1,1,1,1,1,1,1,1,0,0,1,1,0,1,1,1,1,0,0,1,1,0,1,1,1,0,0,1,1,0,1,1,1,1,1,0,1,1,1,1,1,0,1,1,1,1,1,1,1,1,1,0,1,1,1,1,1,1,1,1,1"
72,13,61,9,0-1;0-2;0-3;0-5;0-7;0-8;0-9;0-11;1-2;1-3;1-5;1-7;1-8;1-9;1-11;2-3;2-5;2-6;2-7;2-8;2-11;3-5;3-6;3-7;3-8;3-11;4-5;4-6;4-7;4-8;4-9;4-10;4-11;4-12;5-6;5-7;5-8;5-9;5-10;5-11;5-12;6-7;6-8;6-10;6-11;6-12;7-8;7-9;7-10;7-11;7-12;8-9;8-10;8-11;8-12;9-10;9-11;9-12;10-11;10-12;11-12,"1,1,1,0,1,0,1,1,1,0,1,0,1,1,0,1,0,1,1,1,0,1,0,1,0,1,1,1,1,0,0,1,0,0,1,1,1,1,0,0,1,0,1,1,1,1,1,1,1,1,1,1,1,1,1,1,1,1,1,0,1,1,1,1,1,1,1,1,1,1,1,1,1,1,1,1,1,1"
73,13,61,9,0-1;0-2;0-3;0-4;0-5;0-8;0-10;0-12;1-2;1-3;1-4;1-5;1-6;1-7;1-8;1-9;1-10;1-11;1-12;2-3;2-4;2-5;2-6;2-7;2-9;2-12;3-4;3-5;3-6;3-7;3-8;3-9;3-10;3-11;3-12;4-5;4-8;4-10;4-12;5-6;5-7;5-8;5-9;5-10;5-11;5-12;6-7;6-9;6-11;6-12;7-9;7-11;7-12;8-10;8-11;8-12;9-11;9-12;10-11;10-12;11-12,"1,1,1,1,1,0,0,1,0,1,0,1,1,1,1,1,1,1,1,1,1,1,1,1,1,1,1,1,0,1,0,0,1,1,1,1,1,1,1,1,1,1,1,0,0,1,0,1,0,1,1,1,1,1,1,1,1,1,0,1,0,1,1,0,1,0,1,1,0,1,1,1,0,1,1,1,1,1"
74,13,61,9,0-1;0-2;0-3;0-4;0-5;0-8;0-11;0-12;1-2;1-3;1-4;1-5;1-6;1-7;1-8;1-9;1-10;1-11;1-12;2-3;2-4;2-6;2-8;2-9;2-11;2-12;3-4;3-5;3-6;3-7;3-8;3-9;3-10;3-11;3-12;4-5;4-6;4-7;4-8;4-9;4-10;4-11;4-12;5-7;5-8;5-10;5-11;5-12;6-7;6-9;6-10;6-11;7-9;7-10;7-11;8-11;8-12;9-10;9-11;10-11;11-12,"1,1,1,1,1,0,0,1,0,0,1,1,1,1,1,1,1,1,1,1,1,1,1,1,1,0,1,0,1,1,0,1,1,1,1,1,1,1,1,1,1,1,1,1,1,1,1,1,1,1,0,1,1,0,1,1,1,1,0,1,1,1,0,0,1,1,1,0,0,0,1,1,1,1,0,1,0,1"
75,13,61,9,0-1;0-2;0-3;0-4;0-5;0-6;0-7;0-8;0-9;0-10;0-11;0-12;1-2;1-3;1-4;1-5;1-8;1-9;1-11;1-12;2-3;2-4;2-5;2-6;2-7;2-8;2-9;2-10;2-11;2-12;3-4;3-7;3-8;3-9;3-12;4-5;4-6;4-7;4-8;4-9;4-10;4-11;4-12;5-6;5-8;5-10;5-11;6-7;6-8;6-10;6-11;7-8;7-9;7-10;7-12;8-9;8-10;8-11;8-12;9-12;10-11,"1,1,1,1,1,1,1,1,1,1,1,1,1,1,1,1,0,0,1,1,0,1,1,1,1,1,1,1,1,1,1,1,1,1,0,0,1,1,1,0,0,1,1,1,1,1,1,1,1,1,1,0,1,0,1,1,0,1,1,0,1,1,0,1,1,1,0,1,1,1,1,1,0,0,1,1,0,0"
76,13,61,9,0-1;0-2;0-3;0-4;0-5;0-6;0-7;0-8;0-9;0-10;0-11;0-12;1-2;1-3;1-5;1-7;1-9;1-11;1-12;2-3;2-4;2-5;2-6;2-7;2-8;2-9;2-10;2-11;2-12;3-4;3-5;3-7;3-9;3-11;4-5;4-6;4-7;4-8;4-9;4-10;5-6;5-7;5-8;5-9;5-10;5-11;5-12;6-7;6-8;6-10;6-12;7-8;7-9;7-10;7-11;7-12;8-10;8-12;9-11;10-12;11-12,"1,1,1,1,1,1,1,1,1,1,1,1,1,1,0,1,0,1,0,1,0,1,1,1,1,1,1,1,1,1,1,1,1,1,1,0,1,0,1,0,1,0,1,1,1,1,1,1,0,0,1,1,1,1,1,1,1,1,1,0,1,0,1,1,1,1,1,1,0,1,0,1,0,1,0,0,1,1"
77,13,61,9,0-1;0-2;0-4;0-6;0-7;0-9;0-11;0-12;1-2;1-4;1-5;1-7;1-8;1-9;1-10;1-12;2-3;2-4;2-5;2-6;2-7;2-8;2-9;2-10;2-11;2-12;3-4;3-5;3-6;3-8;3-9;3-10;3-11;3-12;4-5;4-6;4-7;4-8;4-9;4-10;4-11;4-12;5-8;5-9;5-10;5-12;6-7;6-9;6-11;6-12;7-9;7-11;7-12;8-9;8-10;8-12;9-10;9-11;9-12;10-12;11-12,"1,1,0,1,0,1,1,0,1,0,1,1,1,0,1,1,0,1,1,1,1,0,1,1,1,1,1,1,1,1,1,1,1,1,1,1,0,1,1,1,1,1,1,1,1,1,1,1,1,1,0,0,1,1,1,0,1,1,0,1,0,1,1,0,1,0,1,1,1,1,0,1,1,1,1,0,1,1"
78,13,61,9,0-1;0-3;0-4;0-6;0-7;0-9;0-11;0-12;1-3;1-4;1-7;1-9;1-10;1-11;1-12;2-4;2-5;2-6;2-7;2-8;2-9;2-10;2-12;3-4;3-7;3-9;3-10;3-11;3-12;4-5;4-6;4-7;4-8;4-9;4-10;4-11;4-12;5-6;5-7;5-8;5-9;5-10;5-12;6-7;6-8;6-9;6-11;6-12;7-8;7-9;7-10;7-11;7-12;8-9;8-10;8-12;9-10;9-11;9-12;10-12;11-12,"1,0,1,1,0,1,1,0,1,0,1,1,0,1,1,0,0,1,0,1,1,1,1,0,1,1,1,1,1,1,1,0,1,1,0,0,1,0,1,1,1,1,1,1,1,1,1,1,1,1,1,1,1,1,1,0,1,1,1,1,0,1,1,1,1,1,1,1,1,1,0,1,1,1,1,0,1,1"
79,13,61,9,0-1;0-2;0-3;0-4;0-5;0-7;0-9;0-10;1-2;1-3;1-4;1-5;1-6;1-7;1-8;1-9;1-10;1-11;1-12;2-3;2-4;2-5;2-6;2-7;2-8;2-9;2-10;2-11;2-12;3-4;3-5;3-7;3-10;3-11;3-12;4-5;4-6;4-7;4-8;4-9;4-10;4-11;4-12;5-7;5-9;5-10;6-8;6-9;6-10;6-11;6-12;7-9;7-10;8-9;8-10;8-11;8-12;9-10;10-11;10-12;11-12,"1,1,1,1,1,0,1,0,1,1,0,0,1,1,1,1,1,1,1,1,1,1,1,1,1,1,1,1,1,1,1,1,1,1,1,0,1,0,0,1,1,1,1,1,1,1,1,1,1,1,0,1,0,1,1,0,0,0,1,1,1,1,1,0,1,1,0,0,1,1,1,1,1,0,0,1,1,1"
80,13,61,9,0-2;0-4;0-5;0-6;0-7;0-9;0-10;0-11;0-12;1-2;1-3;1-4;1-6;1-7;1-8;1-9;1-11;2-4;2-6;2-7;2-8;2-9;2-11;3-4;3-5;3-7;3-8;3-9;3-10;3-11;3-12;4-5;4-6;4-7;4-8;4-9;4-10;4-11;4-12;5-7;5-9;5-10;5-11;5-12;6-7;6-8;6-9;6-11;7-8;7-9;7-10;7-11;7-12;8-9;8-11;9-10;9-11;9-12;10-11;10-12;11-12,"0,1,0,1,1,1,1,0,1,1,1,1,1,1,1,0,1,1,1,1,0,1,0,0,1,0,1,1,1,1,0,1,0,1,1,0,1,1,1,1,1,1,1,1,1,1,1,1,1,1,0,1,0,1,1,1,1,1,1,1,0,1,0,1,1,1,1,1,1,0,1,0,1,1,1,1,1,1"
81,13,61,9,0-1;0-3;0-4;0-5;0-8;0-9;0-10;0-12;1-2;1-3;1-4;1-7;1-8;1-9;1-10;1-11;2-3;2-4;2-6;2-7;2-9;2-10;2-11;3-4;3-5;3-6;3-7;3-8;3-9;3-10;3-11;3-12;4-5;4-6;4-7;4-8;4-9;4-10;4-11;4-12;5-6;5-8;5-9;5-10;5-12;6-7;6-9;6-10;6-11;6-12;7-9;7-10;7-11;8-9;8-10;8-12;9-10;9-11;9-12;10-11;10-12,"1,0,1,1,1,0,0,1,1,1,0,1,1,1,1,0,0,1,1,1,1,1,0,1,1,0,1,1,0,1,1,1,0,1,1,1,1,1,1,1,1,1,1,1,1,1,1,1,1,1,1,0,1,1,1,0,1,1,0,1,1,1,1,0,1,1,1,0,1,1,0,1,1,1,1,1,1,0"
82,13,61,9,0-1;0-2;0-3;0-4;0-5;0-6;0-7;0-8;0-9;0-10;0-11;0-12;1-2;1-4;1-6;1-7;1-9;1-11;1-12;2-3;2-4;2-5;2-6;2-7;2-8;2-9;2-10;2-11;2-12;3-4;3-5;3-7;3-8;3-9;3-10;4-5;4-6;4-7;4-8;4-9;4-10;4-11;4-12;5-7;5-8;5-9;5-10;6-7;6-9;6-11;6-12;7-8;7-9;8-9;8-10;9-10;9-11;9-12;10-11;10-12;11-12,"1,1,1,1,1,1,1,1,1,1,1,1,1,0,1,0,1,1,0,1,0,1,1,1,1,1,1,1,1,1,1,1,1,1,1,0,1,1,1,1,0,0,1,1,1,1,1,1,1,1,0,1,1,1,1,0,0,1,0,1,0,1,1,1,1,0,0,0,1,1,0,0,1,1,1,1,1,1"
83,13,61,9,0-1;0-2;0-3;0-4;0-5;0-6;0-7;0-8;0-9;0-10;0-11;0-12;1-2;1-3;1-4;1-5;1-6;1-7;1-8;1-9;1-10;1-11;1-12;2-5;2-6;2-7;2-8;2-9;2-12;3-4;3-5;3-7;3-9;3-10;3-11;4-6;4-7;4-9;4-10;4-11;5-7;5-8;5-9;5-11;5-12;6-7;6-8;6-9;6-10;6-12;7-8;7-9;7-10;7-11;7-12;8-9;8-12;9-10;9-11;9-12;10-11,"1,1,1,1,1,1,1,1,1,1,1,1,1,1,1,1,1,1,1,1,1,1,1,0,0,1,1,1,1,1,0,0,1,1,1,0,1,0,1,1,1,0,0,1,1,0,1,1,1,0,0,1,1,1,0,1,1,1,1,1,1,0,1,1,1,1,1,1,1,0,0,1,1,1,1,1,0,0"
84,13,61,9,0-1;0-3;0-4;0-6;0-7;0-9;0-10;0-11;0-12;1-2;1-4;1-7;1-9;1-10;1-11;1-12;2-4;2-5;2-7;2-8;2-9;2-10;2-11;2-12;3-4;3-5;3-6;3-8;3-9;3-10;3-12;4-5;4-6;4-7;4-8;4-9;4-10;4-11;4-12;5-6;5-8;5-9;5-10;5-12;6-8;6-9;6-10;6-12;7-9;7-10;7-11;7-12;8-9;8-10;8-12;9-10;9-11;9-12;10-11;10-12;11-12,"1,0,1,1,0,1,1,0,1,1,1,1,1,0,1,0,0,1,0,1,1,1,1,0,1,1,0,1,1,1,1,1,1,1,1,1,0,1,1,1,0,1,1,1,1,1,1,1,1,1,1,0,1,1,1,0,1,0,1,1,1,0,1,0,1,1,1,1,1,1,0,1,1,1,1,1,1,1"
85,13,62,9,0-2;0-4;0-5;0-6;0-8;0-9;0-10;0-11;0-12;1-3;1-5;1-6;1-7;1-9;1-10;1-11;1-12;2-4;2-7;2-8;2-9;2-10;2-11;2-12;3-5;3-6;3-7;3-9;3-10;3-11;3-12;4-7;4-8;4-9;4-10;4-11;4-12;5-6;5-8;5-9;5-10;5-11;5-12;6-8;6-9;6-10;6-11;6-12;7-9;7-10;7-11;7-12;8-9;8-10;8-11;8-12;9-10;9-11;9-12;10-11;10-12;11-12,"0,1,0,1,1,1,0,1,1,1,1,1,0,1,0,1,1,1,0,1,1,1,1,0,1,0,0,1,1,1,1,1,1,0,1,1,1,0,1,1,1,1,0,0,1,1,1,1,1,1,1,0,1,1,1,1,1,0,1,1,1,1,1,0,1,1,1,1,1,1,1,1,1,1,1,1,1,1"
86,13,62,9,0-1;0-3;0-4;0-5;0-6;0-7;0-10;0-11;1-2;1-3;1-4;1-5;1-6;1-7;1-8;1-9;1-10;1-11;1-12;2-4;2-5;2-7;2-8;2-9;2-10;2-11;2-12;3-4;3-5;3-6;3-7;3-10;3-11;4-5;4-7;4-9;4-10;4-11;5-7;5-9;5-10;5-11;6-7;6-8;6-10;6-11;6-12;7-8;7-9;7-10;7-11;7-12;8-9;8-10;8-11;8-12;9-10;9-11;9-12;10-11;10-12;11-12,"1,0,1,1,1,1,1,0,0,1,1,0,1,1,1,1,1,1,1,1,1,1,1,0,1,1,0,1,1,1,1,1,1,1,1,1,1,0,0,1,1,0,1,0,1,0,1,1,1,0,0,1,0,1,1,1,0,1,1,0,1,1,1,1,1,1,1,1,1,1,1,1,1,1,1,1,1,1"
87,13,62,9,0-1;0-2;0-4;0-5;0-6;0-7;0-10;0-11;1-2;1-4;1-6;1-7;1-8;1-9;1-11;2-4;2-6;2-7;2-8;2-9;2-11;3-4;3-5;3-6;3-7;3-8;3-9;3-10;3-11;3-12;4-5;4-6;4-7;4-8;4-9;4-10;4-11;4-12;5-6;5-7;5-10;5-11;5-12;6-7;6-8;6-9;6-10;6-11;6-12;7-8;7-9;7-10;7-11;7-12;8-9;8-11;8-12;9-11;9-12;10-11;10-12;11-12,"1,1,0,1,1,1,1,0,0,1,1,0,1,0,1,0,1,1,1,1,0,1,0,0,1,0,1,1,1,1,0,1,0,1,1,1,1,1,1,1,1,1,1,1,1,1,1,1,1,1,1,1,0,0,1,1,1,1,1,1,1,1,1,1,1,1,1,1,1,0,1,1,0,1,1,1,1,1"
88,13,62,9,0-1;0-2;0-3;0-4;0-5;0-6;0-7;0-8;0-9;0-10;0-11;0-12;1-5;1-6;1-7;1-8;1-10;1-11;1-12;2-3;2-4;2-6;2-7;2-8;2-9;2-12;3-4;3-5;3-6;3-8;3-9;3-10;3-12;4-6;4-7;4-8;4-9;4-12;5-6;5-8;5-9;5-10;5-11;5-12;6-7;6-8;6-9;6-10;6-11;6-12;7-8;7-11;7-12;8-9;8-10;8-11;8-12;9-10;9-12;10-11;10-12;11-12,"1,1,1,1,1,1,1,1,1,1,1,1,0,0,0,1,1,1,1,0,1,1,1,1,1,0,1,1,1,1,0,0,1,1,1,1,0,1,1,1,0,1,0,1,1,1,1,0,0,1,1,0,1,1,1,1,1,1,1,1,1,1,1,1,0,0,1,1,1,1,1,1,1,0,1,1,1,1"
89,13,62,9,0-1;0-2;0-3;0-4;0-5;0-6;0-7;0-8;0-9;0-10;0-11;0-12;1-3;1-4;1-5;1-7;1-8;1-9;1-10;1-11;2-3;2-5;2-6;2-7;2-8;2-10;2-12;3-4;3-5;3-6;3-7;3-8;3-9;3-10;3-11;3-12;4-5;4-7;4-8;4-9;4-10;4-11;5-7;5-8;5-10;6-7;6-9;6-10;6-11;6-12;7-8;7-9;7-10;7-11;7-12;8-10;9-10;9-11;9-12;10-11;10-12;11-12,"1,1,1,1,1,1,1,1,1,1,1,1,0,1,1,1,0,1,1,1,1,1,0,1,0,1,1,1,1,0,1,0,1,1,1,1,1,1,1,1,1,1,1,0,1,1,1,1,1,0,0,1,1,0,1,0,0,1,0,1,1,1,1,1,1,1,1,1,0,1,0,0,1,1,1,1,1,1"
90,13,62,9,0-1;0-2;0-4;0-5;0-7;0-8;0-9;0-10;0-11;1-2;1-3;1-4;1-5;1-8;1-9;1-11;1-12;2-3;2-4;2-5;2-6;2-7;2-8;2-9;2-10;2-11;2-12;3-4;3-6;3-8;3-9;3-11;3-12;4-5;4-6;4-7;4-8;4-9;4-10;4-11;4-12;5-7;5-8;5-9;5-10;5-11;6-7;6-8;6-10;6-11;6-12;7-8;7-10;7-11;8-9;8-10;8-11;8-12;9-11;9-12;10-11;11-12,"1,1,0,1,1,0,1,1,1,1,1,0,1,1,1,1,0,0,1,1,0,1,1,1,1,1,1,1,1,1,1,1,1,1,0,1,0,1,1,0,1,1,1,1,1,1,1,1,1,1,0,1,1,1,1,1,0,1,1,0,1,1,1,1,0,1,1,0,1,1,1,1,0,1,1,1,0,1"
91,13,62,9,0-1;0-3;0-4;0-6;0-7;0-8;0-11;0-12;1-3;1-4;1-6;1-7;1-8;1-11;1-12;2-3;2-4;2-5;2-7;2-8;2-9;2-10;2-11;2-12;3-4;3-7;3-8;3-10;3-11;3-12;4-5;4-6;4-7;4-8;4-9;4-10;4-11;4-12;5-6;5-7;5-8;5-9;5-10;5-11;6-7;6-8;6-9;6-11;7-8;7-9;7-10;7-11;7-12;8-9;8-10;8-11;8-12;9-10;9-11;10-11;10-12;11-12,"1,0,1,1,0,1,1,1,0,0,1,1,0,1,1,0,1,1,1,0,0,1,1,1,1,1,0,1,1,1,1,1,1,1,0,0,1,1,0,1,1,1,1,1,1,1,1,1,1,1,1,1,1,1,1,1,0,1,1,1,0,1,0,1,1,1,1,1,1,1,1,1,1,1,0,1,1,1"
92,13,62,9,0-1;0-2;0-3;0-5;0-6;0-8;0-9;0-12;1-3;1-4;1-6;1-7;1-8;1-9;1-12;2-3;2-5;2-6;2-8;2-9;2-10;2-11;2-12;3-4;3-5;3-6;3-7;3-8;3-9;3-10;3-11;3-12;4-6;4-7;4-8;4-9;4-10;4-11;5-6;5-8;5-9;5-10;5-11;5-12;6-7;6-8;6-9;6-10;6-11;6-12;7-8;7-9;7-10;7-11;8-9;8-10;8-11;8-12;9-10;9-11;9-12;10-11,"1,1,1,0,1,1,0,1,1,0,0,1,0,1,1,0,1,1,1,1,0,0,1,1,0,1,1,0,1,1,1,1,1,1,1,1,1,1,1,1,1,1,0,1,1,1,1,1,1,0,1,0,1,1,1,1,1,1,1,1,1,1,1,1,1,1,1,0,1,1,1,1,1,1,1,1,0,0"
93,13,62,9,0-1;0-3;0-4;0-6;0-7;0-9;0-10;0-11;0-12;1-2;1-4;1-6;1-7;1-9;1-10;1-11;2-4;2-5;2-6;2-8;2-9;2-10;2-11;3-4;3-5;3-7;3-8;3-9;3-10;3-11;3-12;4-5;4-6;4-7;4-8;4-9;4-10;4-11;4-12;5-8;5-9;5-10;5-11;5-12;6-7;6-9;6-10;6-11;7-9;7-10;7-11;7-12;8-9;8-10;8-11;8-12;9-10;9-11;9-12;10-11;10-12;11-12,"1,0,1,1,0,1,1,0,1,1,1,1,1,0,1,0,1,1,0,1,1,1,0,0,1,1,1,0,1,1,1,1,0,1,1,0,1,1,1,1,1,1,1,1,1,1,1,1,1,1,0,0,1,1,1,1,1,1,0,1,1,1,0,0,1,1,1,1,1,1,1,1,1,1,1,1,1,1"
94,13,62,9,0-3;0-4;0-5;0-6;0-7;0-9;0-10;0-11;1-2;1-3;1-5;1-7;1-8;1-9;1-10;1-12;2-3;2-5;2-7;2-8;2-9;2-10;2-12;3-4;3-5;3-6;3-7;3-8;3-9;3-10;3-11;3-12;4-5;4-6;4-7;4-8;4-10;4-11;4-12;5-6;5-7;5-8;5-9;5-10;5-11;5-12;6-7;6-8;6-10;6-11;6-12;7-8;7-9;7-10;7-11;7-12;8-10;8-12;9-10;9-11;10-11;10-12,"0,0,1,1,1,1,1,0,1,1,1,0,1,1,0,1,0,1,1,1,1,0,1,1,0,1,0,1,1,1,1,0,1,1,1,1,1,1,1,1,1,1,1,1,1,1,0,1,1,1,1,1,1,1,1,1,1,1,1,0,1,1,1,1,1,1,1,1,0,1,0,1,1,1,0,1,1,0"
95,13,62,9,0-2;0-5;0-6;0-8;0-9;0-10;0-11;0-12;1-2;1-3;1-4;1-6;1-7;1-9;1-10;1-11;1-12;2-3;2-4;2-5;2-6;2-7;2-8;2-9;2-10;2-11;2-12;3-4;3-5;3-6;3-7;3-8;3-11;3-12;4-6;4-7;4-9;4-10;4-11;4-12;5-6;5-7;5-8;5-11;5-12;6-7;6-8;6-9;6-10;6-11;6-12;7-8;7-11;7-12;8-11;8-12;9-10;9-11;9-12;10-11;10-12;11-12,"0,1,0,0,1,1,0,1,1,1,1,1,1,1,1,0,1,1,0,1,1,1,1,1,1,1,1,1,1,1,1,1,1,1,1,1,1,1,0,0,1,1,0,1,1,0,1,1,1,1,1,1,1,0,0,1,1,1,1,1,1,1,1,1,0,0,1,1,0,0,1,1,1,1,1,1,1,1"
96,13,62,9,0-1;0-2;0-3;0-4;0-5;0-6;0-7;0-8;0-9;0-10;0-11;0-12;1-2;1-3;1-4;1-5;1-6;1-7;1-8;1-9;1-10;1-11;1-12;2-3;2-4;2-5;2-7;2-8;2-10;2-12;3-4;3-5;3-7;3-8;3-10;3-12;4-6;4-7;4-8;4-12;5-7;5-8;5-9;5-10;5-11;6-7;6-8;6-9;6-11;6-12;7-8;7-9;7-10;7-11;7-12;8-9;8-10;8-11;8-12;9-10;9-11;10-11,"1,1,1,1,1,1,1,1,1,1,1,1,1,1,1,1,1,1,1,1,1,1,1,1,1,1,0,1,1,0,1,0,1,1,1,0,1,1,0,1,0,1,0,1,1,1,0,0,0,1,0,1,1,1,1,1,0,1,1,1,0,1,1,1,1,1,1,1,1,1,1,1,1,1,0,1,0,0"
97,13,62,9,0-1;0-2;0-4;0-5;0-6;0-8;0-9;0-10;1-2;1-3;1-4;1-5;1-6;1-7;1-8;1-9;1-10;1-11;1-12;2-4;2-5;2-6;2-8;2-9;2-11;2-12;3-5;3-6;3-7;3-9;3-10;3-11;3-12;4-5;4-6;4-8;4-9;4-10;5-6;5-7;5-8;5-9;5-10;5-11;5-12;6-7;6-8;6-9;6-10;6-11;6-12;7-9;7-10;7-11;7-12;8-9;8-11;8-12;9-10;9-11;9-12;11-12,"1,1,0,1,1,1,0,1,1,1,0,0,1,1,1,1,1,1,1,1,1,1,1,0,1,1,1,0,1,1,0,1,1,0,1,1,1,0,1,1,1,1,1,1,0,1,1,1,0,0,1,1,1,1,1,1,1,1,1,1,1,1,1,0,1,1,1,1,1,0,1,1,1,1,1,0,0,1"
98,13,62,9,0-2;0-3;0-4;0-6;0-7;0-8;0-10;0-11;0-12;1-3;1-4;1-5;1-6;1-7;1-9;1-10;1-11;2-3;2-4;2-5;2-8;2-9;2-10;2-11;2-12;3-4;3-5;3-6;3-7;3-8;3-9;3-10;3-11;3-12;4-5;4-6;4-7;4-8;4-9;4-10;4-11;4-12;5-9;5-10;5-11;5-12;6-7;6-8;6-10;6-11;7-8;7-10;7-11;8-10;8-11;8-12;9-10;9-11;9-12;10-11;10-12;11-12,"0,1,1,1,0,1,1,1,0,1,1,1,0,1,1,1,1,1,0,1,1,1,0,1,1,1,0,0,1,1,1,1,1,1,1,1,1,1,1,1,1,1,1,1,1,1,1,1,1,1,0,0,0,1,1,1,1,1,1,0,1,1,0,1,0,1,1,0,0,1,1,1,1,1,1,1,1,1"
99,13,62,9,0-1;0-2;0-3;0-4;0-5;0-6;0-7;0-8;0-9;0-10;0-11;0-12;1-4;1-5;1-6;1-9;1-10;1-11;1-12;2-3;2-4;2-5;2-7;2-8;2-9;2-11;2-12;3-4;3-5;3-7;3-8;3-9;3-11;3-12;4-5;4-6;4-9;4-11;4-12;5-6;5-7;5-8;5-9;5-10;5-11;5-12;6-9;6-10;6-11;6-12;7-8;7-10;7-11;7-12;8-10;8-11;8-12;9-11;9-12;10-11;10-12;11-12,"1,1,1,1,1,1,1,1,1,1,1,1,0,0,1,1,1,0,0,1,1,1,1,1,1,1,0,1,1,1,0,1,1,1,1,0,1,1,1,0,1,1,1,1,0,0,1,0,1,1,1,1,1,1,1,1,1,0,0,1,1,1,1,1,0,1,1,1,0,1,1,1,0,1,1,1,1,1"
100,13,62,9,0-1;0-2;0-3;0-4;0-7;0-9;0-10;0-11;1-2;1-5;1-6;1-7;1-9;1-10;1-11;2-3;2-4;2-5;2-6;2-7;2-8;2-9;2-10;2-11;2-12;3-4;3-7;3-8;3-9;3-10;3-11;3-12;4-7;4-8;4-9;4-10;4-11;4-12;5-6;5-8;5-9;5-10;5-11;5-12;6-8;6-9;6-10;6-11;6-12;7-9;7-10;7-11;8-9;8-10;8-11;8-12;9-10;9-11;9-12;10-11;10-12;11-12,"1,1,1,1,0,0,1,0,1,1,1,0,1,0,0,1,1,1,0,1,1,1,0,1,1,1,1,1,1,1,1,1,1,1,0,0,1,1,1,1,1,1,0,0,1,1,1,1,1,1,1,0,1,1,1,1,1,0,1,1,1,1,1,0,1,1,1,0,1,1,1,1,1,1,1,1,1,1"
101,13,62,9,0-1;0-2;0-3;0-4;0-5;0-6;0-7;0-10;0-11;1-3;1-4;1-5;1-7;1-8;1-10;1-11;1-12;2-3;2-4;2-5;2-6;2-7;2-9;2-10;3-4;3-5;3-6;3-7;3-8;3-9;3-10;3-11;3-12;4-5;4-6;4-7;4-8;4-9;4-10;4-11;4-12;5-6;5-7;5-10;5-11;6-7;6-9;6-10;7-8;7-9;7-10;7-11;7-12;8-9;8-10;8-11;8-12;9-10;9-12;10-11;10-12;11-12,"1,1,1,1,1,1,1,0,0,1,1,0,0,1,1,1,0,1,1,0,1,1,1,1,1,1,1,1,0,1,1,0,0,1,1,1,1,1,1,1,1,1,1,1,1,1,1,1,1,1,1,1,0,0,1,1,0,1,0,1,1,0,0,1,1,1,1,1,1,1,1,1,1,0,1,1,1,1"
102,13,62,9,0-1;0-3;0-4;0-5;0-6;0-7;0-8;0-9;1-2;1-3;1-4;1-5;1-6;1-7;1-8;1-9;1-10;1-11;1-12;2-4;2-5;2-7;2-8;2-9;2-10;2-11;2-12;3-4;3-5;3-6;3-7;3-8;3-9;4-5;4-7;4-8;4-9;4-10;5-6;5-7;5-8;5-9;5-10;5-11;5-12;6-7;6-9;6-11;6-12;7-8;7-9;7-10;7-11;7-12;8-9;8-10;9-10;9-11;9-12;10-11;10-12;11-12,"1,0,1,1,1,1,1,1,1,0,0,0,1,1,1,1,1,1,1,1,1,1,1,0,1,1,0,1,1,1,1,1,1,1,1,1,1,1,1,0,0,0,1,0,1,1,1,1,0,0,1,1,1,1,1,1,1,1,0,1,0,1,1,1,1,1,1,1,1,1,0,0,1,1,1,1,1,1"
103,13,62,9,0-1;0-3;0-4;0-5;0-6;0-7;0-9;0-11;1-2;1-3;1-4;1-5;1-6;1-7;1-8;1-9;1-10;1-11;1-12;2-3;2-5;2-6;2-7;2-8;2-9;2-10;2-12;3-4;3-5;3-6;3-7;3-8;3-9;3-10;3-11;3-12;4-6;4-7;4-10;4-11;4-12;5-6;5-7;5-8;5-9;5-11;6-7;6-8;6-9;6-10;6-11;6-12;7-8;7-9;7-10;7-11;7-12;8-9;8-10;8-12;9-11;10-12,"1,0,1,1,1,1,1,0,1,0,1,0,1,1,1,1,1,1,1,1,1,1,1,1,0,1,1,1,1,1,1,0,1,1,1,1,1,1,1,1,1,1,0,1,1,0,0,1,1,1,1,1,1,1,0,1,0,1,1,1,1,1,1,1,1,1,1,1,1,1,0,1,0,1,0,0,1,0"
104,13,62,9,0-1;0-2;0-3;0-4;0-5;0-6;0-7;0-8;0-9;0-10;0-11;0-12;1-2;1-3;1-5;1-6;1-7;1-9;1-10;1-12;2-3;2-4;2-6;2-9;2-10;2-12;3-4;3-6;3-9;3-10;3-12;4-8;4-9;4-10;4-11;4-12;5-6;5-7;5-8;5-9;5-10;5-11;5-12;6-7;6-9;6-10;6-12;7-8;7-9;7-10;7-11;7-12;8-9;8-10;8-11;8-12;9-10;9-11;9-12;10-11;10-12;11-12,"1,1,1,1,1,1,1,1,1,1,1,1,1,1,0,1,1,1,0,1,1,0,1,1,1,0,1,0,0,1,1,0,1,1,0,1,0,0,1,1,0,1,0,0,0,1,1,1,1,1,1,1,1,1,1,1,1,1,0,1,1,0,1,1,1,1,1,1,1,1,1,1,1,1,1,1,1,1"
105,13,62,9,0-2;0-4;0-5;0-6;0-7;0-9;0-10;0-11;1-2;1-3;1-4;1-5;1-7;1-8;1-9;1-10;1-12;2-3;2-4;2-5;2-6;2-7;2-8;2-9;2-10;2-11;2-12;3-4;3-6;3-8;3-9;3-10;3-11;3-12;4-5;4-6;4-7;4-8;4-9;4-10;4-11;4-12;5-7;5-8;5-9;5-10;6-9;6-10;6-11;6-12;7-8;7-9;7-10;8-9;8-10;8-12;9-10;9-11;9-12;10-11;10-12;11-12,"0,1,0,1,1,1,1,0,1,1,1,0,1,1,1,1,0,1,1,1,1,0,1,1,1,1,1,1,1,1,1,1,1,1,0,1,0,1,1,1,1,1,1,1,1,1,1,1,1,1,0,1,1,1,1,0,0,0,0,1,1,1,1,1,1,1,0,0,1,1,0,1,1,1,1,1,1,1"
106,13,63,9,0-2;0-4;0-5;0-6;0-8;0-9;0-10;0-11;0-12;1-3;1-5;1-7;1-8;1-9;1-10;1-11;1-12;2-4;2-5;2-6;2-8;2-9;2-10;2-11;2-12;3-6;3-7;3-8;3-9;3-10;3-11;3-12;4-6;4-7;4-9;4-10;4-11;4-12;5-7;5-8;5-9;5-10;5-11;5-12;6-8;6-9;6-10;6-11;6-12;7-9;7-10;7-11;7-12;8-9;8-10;8-11;8-12;9-10;9-11;9-12;10-11;10-12;11-12,"0,1,0,1,1,1,0,1,1,1,1,1,0,1,0,1,0,1,1,1,1,1,1,0,1,1,1,0,1,1,1,1,1,0,0,1,1,1,1,1,1,1,0,1,1,0,1,1,1,1,0,1,1,1,1,1,1,0,1,1,1,1,1,0,1,1,1,1,1,1,1,1,1,1,1,1,1,1"
107,13,63,9,0-1;0-2;0-4;0-5;0-6;0-7;0-8;0-11;0-12;1-2;1-3;1-4;1-5;1-6;1-7;1-8;1-9;1-10;1-11;1-12;2-4;2-5;2-6;2-7;2-9;2-10;2-11;2-12;3-4;3-5;3-6;3-8;3-9;3-10;3-11;4-5;4-6;4-7;4-8;4-9;4-10;4-11;4-12;5-6;5-7;5-8;5-9;5-10;5-11;5-12;6-7;6-8;6-9;6-10;6-11;6-12;7-8;7-11;7-12;8-12;9-10;9-11;10-12,"1,1,0,1,1,1,1,1,0,0,1,1,1,1,1,1,1,1,1,1,1,1,1,0,1,1,1,1,0,1,1,1,1,1,1,1,0,1,1,1,1,0,1,1,1,1,1,1,1,1,1,1,1,1,1,1,1,1,1,1,1,1,1,1,0,0,1,1,0,0,0,1,1,1,0,0,1,0"
108,13,63,9,0-1;0-3;0-4;0-5;0-6;0-7;0-8;0-11;0-12;1-2;1-3;1-4;1-5;1-6;1-7;1-8;1-9;1-10;1-11;1-12;2-4;2-5;2-7;2-8;2-9;2-10;2-12;3-4;3-5;3-7;3-8;3-9;3-11;4-5;4-6;4-7;4-8;4-9;4-10;4-11;4-12;5-6;5-7;5-8;5-9;5-10;5-11;5-12;6-7;6-9;6-10;6-11;6-12;7-8;7-9;7-10;7-11;7-12;8-11;8-12;9-10;10-12;11-12,"1,0,1,1,1,1,1,1,0,0,1,1,1,1,1,1,1,1,1,1,1,1,1,0,1,1,0,1,1,1,1,0,1,1,1,0,1,1,1,0,1,0,1,1,1,1,1,1,1,1,1,1,1,1,1,1,1,1,0,1,1,1,1,1,1,1,1,1,0,0,1,1,1,0,0,0,1,1"
109,13,63,9,0-1;0-2;0-3;0-4;0-5;0-6;0-7;0-8;0-9;0-10;0-11;0-12;1-2;1-3;1-4;1-5;1-6;1-7;1-8;1-9;1-10;1-11;1-12;2-4;2-5;2-8;2-10;2-11;2-12;3-4;3-5;3-7;3-8;3-9;3-10;4-5;4-6;4-7;4-8;4-9;4-10;4-11;4-12;5-6;5-8;5-9;6-7;6-8;6-9;6-11;6-12;7-8;7-9;7-10;7-11;7-12;8-9;8-10;8-11;8-12;10-11;10-12;11-12,"1,1,1,1,1,1,1,1,1,1,1,1,1,1,1,1,1,1,1,1,1,1,1,0,1,1,0,0,1,0,1,1,1,1,1,0,1,1,1,1,0,0,1,1,1,1,1,1,1,1,1,0,1,1,0,0,0,1,1,1,0,1,1,1,1,1,1,1,1,1,1,1,0,0,0,1,1,1"
110,13,63,9,0-1;0-2;0-3;0-4;0-6;0-7;0-9;0-10;0-11;0-12;1-2;1-3;1-4;1-5;1-6;1-7;1-8;1-9;1-10;1-11;1-12;2-3;2-4;2-6;2-7;2-8;2-10;2-12;3-4;3-5;3-6;3-7;3-8;3-9;3-10;3-11;3-12;4-6;4-7;4-8;4-10;4-11;5-7;5-8;5-9;5-10;5-11;5-12;6-7;6-8;6-10;6-12;7-8;7-9;7-10;7-11;7-12;8-10;9-10;9-11;9-12;10-11;10-12,"1,1,1,1,0,1,1,0,1,1,1,1,1,1,1,1,1,1,1,1,1,1,1,1,1,0,1,1,1,0,1,0,1,1,1,1,1,1,1,1,1,1,0,1,1,1,0,1,1,0,0,1,1,1,1,1,1,1,1,0,1,0,1,1,1,1,1,1,0,1,0,0,1,1,1,1,1,0"
111,13,63,9,0-1;0-2;0-3;0-4;0-5;0-6;0-9;0-10;0-11;0-12;1-2;1-3;1-4;1-5;1-6;1-7;1-8;1-9;1-10;1-11;1-12;2-3;2-4;2-5;2-6;2-7;2-8;2-9;2-10;2-11;2-12;3-5;3-6;3-8;3-10;3-11;3-12;4-6;4-8;4-9;4-10;4-11;5-6;5-7;5-9;5-10;5-12;6-7;6-8;6-9;6-10;6-11;6-12;7-8;7-9;7-10;7-12;8-10;8-11;9-10;9-12;10-11;10-12,"1,1,1,1,1,1,0,0,1,1,1,1,1,1,1,1,1,1,1,1,1,1,1,1,1,1,1,1,1,1,1,1,1,0,1,1,0,1,0,1,1,1,0,1,0,1,1,1,1,0,1,1,0,1,1,0,1,1,1,1,1,1,1,1,1,1,0,1,0,1,1,0,1,0,1,1,1,0"
112,13,63,9,0-2;0-3;0-4;0-5;0-6;0-7;0-8;0-11;1-2;1-5;1-6;1-7;1-8;1-9;1-10;1-12;2-5;2-6;2-7;2-8;2-9;2-10;3-4;3-5;3-6;3-7;3-8;3-9;3-11;3-12;4-5;4-6;4-7;4-8;4-10;4-11;4-12;5-6;5-7;5-8;5-9;5-10;5-11;5-12;6-7;6-8;6-9;6-10;6-11;6-12;7-8;7-9;7-10;7-11;7-12;8-9;8-10;8-11;8-12;9-12;10-11;10-12;11-12,"0,1,1,1,1,1,1,1,0,0,1,0,1,0,0,1,1,1,1,1,1,0,1,0,0,1,1,1,1,1,1,0,0,1,1,1,1,1,1,0,1,1,1,1,1,1,0,1,1,1,1,1,1,1,1,1,1,1,1,1,1,1,1,1,1,1,1,1,1,1,1,1,0,0,1,1,1,1"
113,13,63,9,0-1;0-2;0-3;0-4;0-5;0-6;0-7;0-8;0-9;0-10;0-11;0-12;1-3;1-4;1-5;1-7;1-9;1-10;1-11;1-12;2-3;2-4;2-5;2-6;2-7;2-8;2-9;2-12;3-4;3-5;3-6;3-7;3-8;3-9;3-10;3-11;3-12;4-5;4-6;4-7;4-8;4-9;4-10;4-11;4-12;5-6;5-7;5-8;5-9;5-10;5-11;5-12;6-7;6-8;6-10;7-9;7-10;7-12;8-10;8-11;9-11;9-12;11-12,"1,1,1,1,1,1,1,1,1,1,1,1,0,1,1,1,0,1,0,1,1,1,1,1,1,1,1,1,1,1,0,0,1,1,1,1,1,1,1,1,1,1,1,1,1,1,1,1,1,1,1,1,1,1,1,1,1,1,1,0,1,0,0,0,1,1,0,1,0,1,1,0,0,1,1,0,0,1"
114,13,63,9,0-1;0-2;0-3;0-4;0-5;0-6;0-7;0-8;0-9;0-10;0-11;0-12;1-2;1-3;1-4;1-5;1-6;1-9;1-10;1-11;1-12;2-3;2-4;2-5;2-6;2-8;2-9;2-12;3-4;3-5;3-6;3-7;3-8;3-9;3-10;3-11;3-12;4-5;4-6;4-7;4-8;4-9;4-10;4-11;4-12;5-6;5-7;5-9;5-10;6-7;6-8;6-9;6-10;6-11;6-12;7-8;7-10;7-11;8-9;8-12;9-12;10-11;11-12,"1,1,1,1,1,1,1,1,1,1,1,1,1,1,1,1,1,0,0,1,1,1,1,1,1,1,1,0,1,1,0,0,1,1,1,1,1,1,1,1,1,1,1,1,1,1,1,1,1,1,1,1,0,1,1,0,0,1,1,1,1,1,1,1,0,1,1,0,1,0,0,1,0,0,1,1,0,1"
115,13,63,9,0-1;0-2;0-3;0-4;0-5;0-6;0-8;0-9;0-12;1-2;1-3;1-4;1-6;1-7;1-8;1-9;1-11;1-12;2-3;2-4;2-5;2-6;2-7;2-8;2-9;2-10;2-11;2-12;3-4;3-5;3-6;3-7;3-8;3-9;3-10;3-11;3-12;4-5;4-6;4-9;4-11;4-12;5-6;5-9;5-10;5-12;6-8;6-9;6-12;7-8;7-9;7-10;7-11;7-12;8-9;8-10;8-12;9-10;9-11;9-12;10-11;10-12;11-12,"1,1,1,1,1,1,0,1,1,0,0,1,1,1,1,0,1,1,1,1,0,1,1,1,1,1,1,1,1,1,1,1,1,1,1,1,1,1,1,1,1,1,1,1,0,0,1,0,1,1,1,0,0,1,1,0,1,0,1,1,0,0,1,1,1,1,1,1,1,1,0,1,1,1,1,1,1,1"
116,13,63,9,0-1;0-2;0-4;0-6;0-7;0-8;0-9;0-11;0-12;1-2;1-3;1-4;1-8;1-10;1-11;1-12;2-3;2-4;2-5;2-6;2-7;2-8;2-9;2-10;2-11;2-12;3-4;3-5;3-8;3-10;3-11;3-12;4-5;4-6;4-7;4-8;4-9;4-10;4-11;4-12;5-7;5-8;5-9;5-10;5-11;5-12;6-7;6-8;6-9;6-10;6-11;7-8;7-9;7-11;7-12;8-9;8-10;8-11;8-12;9-11;9-12;10-11;11-12,"1,1,0,1,0,1,1,1,1,0,1,1,1,1,1,0,0,0,1,0,1,1,1,1,1,1,1,1,1,1,1,1,1,1,1,0,0,1,0,1,1,1,1,1,1,1,1,1,1,1,0,1,1,1,1,1,1,1,1,1,1,1,0,1,1,0,1,1,1,1,1,1,0,1,1,1,0,1"
117,13,63,9,0-3;0-4;0-5;0-6;0-7;0-8;0-9;0-10;0-11;0-12;1-2;1-3;1-4;1-5;1-6;1-7;1-9;1-12;2-3;2-5;2-8;2-9;2-10;2-11;2-12;3-4;3-5;3-6;3-7;3-8;3-9;3-10;3-11;3-12;4-5;4-6;4-7;4-8;4-9;4-12;5-6;5-7;5-8;5-9;5-10;5-11;5-12;6-7;6-8;6-9;6-12;7-9;7-11;7-12;8-9;8-10;8-12;9-10;9-11;9-12;10-11;10-12;11-12,"0,0,1,1,1,1,1,1,1,1,1,1,1,1,1,1,1,1,0,1,0,0,1,1,0,1,0,0,1,1,1,1,1,1,1,1,1,1,1,1,1,1,1,1,1,1,1,0,0,1,1,1,1,1,1,1,1,1,1,1,0,0,1,0,1,0,1,1,1,1,0,1,1,1,1,1,1,1"
118,13,63,9,0-1;0-3;0-5;0-7;0-8;0-10;0-11;0-12;1-2;1-3;1-4;1-5;1-6;1-7;1-8;1-9;1-10;1-11;1-12;2-3;2-4;2-5;2-6;2-7;2-9;2-10;2-11;3-5;3-6;3-7;3-9;3-10;3-11;4-5;4-6;4-7;4-8;4-10;4-11;4-12;5-6;5-7;5-8;5-10;5-11;6-7;6-9;6-10;6-11;7-8;7-9;7-10;7-11;7-12;8-10;8-11;8-12;9-10;9-11;9-12;10-11;10-12;11-12,"1,0,1,0,1,0,1,1,0,1,1,1,1,1,1,1,1,1,1,1,1,1,1,1,1,1,1,1,0,1,1,1,0,0,1,1,1,0,1,1,1,0,1,1,1,1,0,1,1,1,1,1,1,0,1,1,0,1,0,1,1,1,0,1,1,1,1,1,0,1,1,1,1,1,1,1,1,1"
119,13,63,9,0-1;0-2;0-3;0-4;0-5;0-6;0-7;0-8;0-9;0-10;0-11;0-12;1-5;1-6;1-7;1-8;1-10;1-11;1-12;2-3;2-4;2-5;2-7;2-9;2-10;2-11;2-12;3-4;3-7;3-8;3-9;3-10;3-11;3-12;4-5;4-7;4-9;4-10;4-11;4-12;5-6;5-7;5-10;5-11;5-12;6-7;6-8;6-9;6-10;6-11;7-8;7-9;7-10;7-11;7-12;8-10;8-11;8-12;9-10;9-11;10-11;10-12;11-12,"1,1,1,1,1,1,1,1,1,1,1,1,0,0,0,1,1,1,1,0,1,1,1,1,1,1,0,1,0,1,1,1,1,1,0,0,1,1,1,1,1,1,1,0,1,0,1,1,1,1,1,1,0,0,1,1,1,1,1,1,1,1,0,1,1,1,1,1,0,1,1,1,1,1,0,1,1,1"
120,13,63,9,0-1;0-2;0-4;0-5;0-6;0-7;0-8;0-9;0-12;1-2;1-3;1-4;1-5;1-6;1-7;1-8;1-9;1-10;1-11;1-12;2-3;2-5;2-6;2-7;2-8;2-9;2-10;2-12;3-5;3-8;3-9;3-10;3-11;3-12;4-5;4-6;4-7;4-9;4-11;4-12;5-6;5-7;5-8;5-9;5-10;5-11;5-12;6-7;6-8;6-9;6-12;7-9;7-10;7-12;8-9;8-11;8-12;9-10;9-11;9-12;10-11;10-12;11-12,"1,1,0,1,1,1,1,1,1,0,0,1,1,1,1,1,1,1,1,1,1,1,1,1,0,1,1,1,1,1,1,0,1,0,1,0,0,1,1,1,1,1,1,1,1,0,1,0,1,1,1,1,1,1,1,1,1,1,1,1,0,0,1,0,1,1,0,1,1,0,1,1,1,1,1,1,1,1"
121,13,63,9,0-1;0-3;0-4;0-5;0-6;0-7;0-8;0-9;0-10;1-2;1-3;1-5;1-6;1-7;1-8;1-9;1-10;1-12;2-5;2-6;2-7;2-8;2-9;2-11;2-12;3-4;3-5;3-6;3-7;3-8;3-9;3-10;4-6;4-7;4-8;4-9;4-10;4-11;5-6;5-7;5-8;5-9;5-11;6-7;6-8;6-9;6-10;6-11;6-12;7-8;7-9;7-10;7-11;7-12;8-9;8-10;8-11;8-12;9-10;9-11;9-12;10-12;11-12,"1,0,1,1,1,1,1,1,1,1,0,0,1,1,0,1,1,1,1,1,1,0,1,0,0,1,1,1,1,1,0,1,1,1,1,1,1,1,1,1,0,0,0,1,1,1,1,1,1,0,1,1,1,1,0,1,0,1,1,1,1,1,1,1,1,1,1,1,1,1,1,1,1,1,1,0,1,1"
122,13,63,9,0-1;0-3;0-4;0-5;0-6;0-7;0-8;0-9;0-11;1-2;1-3;1-5;1-6;1-7;1-9;1-10;1-11;2-3;2-5;2-6;2-7;2-8;2-9;2-10;3-4;3-5;3-6;3-7;3-8;3-9;3-10;3-11;3-12;4-5;4-6;4-7;4-8;4-11;4-12;5-6;5-7;5-8;5-9;5-10;5-11;5-12;6-7;6-8;6-9;6-10;6-11;6-12;7-8;7-9;7-10;7-11;7-12;8-12;9-10;9-11;10-11;10-12;11-12,"1,0,1,1,1,1,1,1,1,0,1,0,1,1,0,1,1,1,0,1,1,1,0,1,0,1,1,1,1,1,1,0,0,1,1,1,1,1,1,1,1,1,1,1,1,1,0,0,1,1,1,1,1,1,1,1,1,1,1,1,1,1,1,1,1,1,1,1,0,0,0,1,1,1,0,1,1,1"
123,13,63,9,0-1;0-2;0-4;0-5;0-7;0-8;0-9;0-10;0-11;1-2;1-3;1-4;1-5;1-6;1-7;1-9;1-10;1-11;2-3;2-4;2-5;2-6;2-7;2-8;2-9;2-10;2-11;2-12;3-5;3-6;3-7;3-8;3-9;3-10;4-5;4-6;4-7;4-10;4-11;4-12;5-6;5-7;5-8;5-9;5-10;5-11;5-12;6-7;6-10;6-11;6-12;7-8;7-9;7-10;7-11;7-12;8-9;8-10;8-12;9-10;10-11;10-12;11-12,"1,1,0,1,1,0,1,1,1,1,1,0,1,1,1,1,1,1,0,1,1,1,0,1,1,1,1,1,1,1,1,1,1,0,1,1,1,1,1,1,0,0,1,1,1,0,0,1,1,1,1,1,1,1,1,1,1,1,0,0,1,1,1,1,1,1,1,1,1,1,0,1,1,0,0,1,1,1"
124,13,63,9,0-1;0-2;0-3;0-4;0-5;0-6;0-7;0-8;0-9;0-10;0-11;0-12;1-2;1-5;1-8;1-9;1-10;1-11;1-12;2-3;2-4;2-5;2-6;2-7;2-8;2-9;2-10;2-11;2-12;3-4;3-5;3-6;3-7;3-8;3-12;4-6;4-7;4-8;4-9;4-10;4-12;5-8;5-9;5-11;5-12;6-7;6-8;6-9;6-10;6-12;7-8;7-10;7-11;7-12;8-9;8-10;8-11;8-12;9-10;9-12;10-11;10-12;11-12,"1,1,1,1,1,1,1,1,1,1,1,1,1,0,0,1,0,0,1,1,1,1,1,1,1,1,1,1,1,1,1,1,1,1,1,1,1,1,0,0,0,1,0,1,1,1,1,1,0,1,0,0,1,1,0,1,1,1,1,1,1,0,1,1,0,1,1,1,1,1,1,1,1,0,1,1,1,1"
125,13,63,9,0-1;0-2;0-3;0-4;0-5;0-6;0-7;0-8;0-9;0-10;0-11;0-12;1-3;1-4;1-5;1-9;1-10;1-11;1-12;2-4;2-6;2-7;2-8;2-9;2-10;2-11;2-12;3-4;3-5;3-8;3-9;3-10;3-11;4-5;4-6;4-7;4-8;4-9;4-10;4-11;4-12;5-7;5-8;5-9;5-11;6-7;6-8;6-9;6-10;6-11;6-12;7-9;7-11;7-12;8-9;8-10;8-11;9-10;9-11;9-12;10-11;10-12;11-12,"1,1,1,1,1,1,1,1,1,1,1,1,0,1,1,1,0,0,0,1,1,1,1,0,1,0,1,1,1,1,1,1,1,1,1,0,0,1,1,1,1,0,1,1,1,1,1,1,1,1,0,1,1,1,0,1,0,1,1,1,1,1,1,0,1,0,1,1,1,1,1,0,1,1,1,1,1,1"
126,13,63,9,0-1;0-2;0-3;0-5;0-7;0-8;0-10;0-11;1-2;1-3;1-4;1-5;1-6;1-7;1-8;1-9;1-10;1-11;1-12;2-3;2-5;2-8;2-9;2-10;2-11;2-12;3-4;3-5;3-6;3-7;3-8;3-9;3-10;3-11;3-12;4-5;4-6;4-8;4-9;4-11;4-12;5-6;5-7;5-8;5-9;5-10;5-11;5-12;6-7;6-8;6-9;6-10;6-12;7-8;7-10;7-11;8-9;8-10;8-11;8-12;9-10;9-12;10-12,"1,1,1,0,1,0,1,1,0,1,1,0,1,1,1,1,1,1,1,1,1,1,1,1,0,1,0,0,1,1,1,1,1,1,1,1,1,1,1,1,1,1,1,1,0,1,1,0,1,1,1,1,1,1,1,1,1,1,1,1,1,0,1,1,0,1,1,0,1,1,1,1,1,0,1,0,1,0"
127,13,63,9,0-2;0-4;0-5;0-7;0-9;0-10;0-11;0-12;1-3;1-5;1-6;1-7;1-8;1-9;1-10;1-11;1-12;2-4;2-6;2-8;2-9;2-10;2-11;2-12;3-5;3-6;3-7;3-8;3-9;3-10;3-11;3-12;4-7;4-8;4-9;4-10;4-11;4-12;5-7;5-9;5-10;5-11;5-12;6-8;6-9;6-10;6-11;6-12;7-8;7-9;7-10;7-11;7-12;8-9;8-10;8-11;8-12;9-10;9-11;9-12;10-11;10-12;11-12,"0,1,0,1,1,0,1,0,1,1,1,1,0,1,0,1,1,1,1,1,1,1,1,0,1,0,1,0,1,1,1,1,1,0,1,1,1,1,1,1,1,1,0,0,1,1,1,1,1,1,0,1,0,1,1,1,1,0,1,1,1,1,1,1,1,1,1,1,1,1,1,1,1,1,1,1,1,1"
128,13,63,9,0-1;0-2;0-3;0-4;0-5;0-6;0-7;0-8;0-9;0-10;0-11;0-12;1-4;1-6;1-8;1-9;1-10;1-11;1-12;2-3;2-4;2-5;2-6;2-7;2-9;2-10;2-11;2-12;3-4;3-5;3-7;3-8;3-9;3-10;3-11;4-5;4-6;4-7;4-8;4-9;4-10;4-11;4-12;5-7;5-9;5-10;5-12;6-9;6-10;6-11;6-12;7-8;7-9;7-10;7-11;8-9;8-10;8-11;9-10;9-11;9-12;10-11;10-12,"1,1,1,1,1,1,1,1,1,1,1,1,0,0,1,0,1,0,1,1,1,1,1,1,1,1,1,1,0,1,1,1,1,1,1,0,1,1,1,1,1,0,1,1,1,1,1,1,1,1,0,1,0,1,1,0,1,0,0,1,1,1,1,1,1,1,1,0,1,1,1,0,1,1,1,1,1,0"
129,13,63,9,0-1;0-2;0-6;0-7;0-8;0-9;0-10;0-12;1-2;1-3;1-4;1-5;1-6;1-7;1-9;1-10;1-12;2-3;2-4;2-5;2-6;2-7;2-8;2-9;2-10;2-11;2-12;3-4;3-5;3-6;3-9;3-10;3-11;3-12;4-5;4-6;4-9;4-10;4-11;4-12;5-6;5-7;5-9;5-10;6-7;6-8;6-9;6-10;6-11;6-12;7-8;7-9;7-10;8-9;8-10;8-11;8-12;9-10;9-11;9-12;10-11;10-12;11-12,"1,1,0,0,0,1,1,1,1,1,0,1,1,1,1,1,1,1,0,1,1,0,1,1,1,1,1,1,1,1,1,1,1,1,1,1,0,0,1,1,1,1,1,1,0,0,1,1,1,1,1,1,0,1,1,0,0,1,1,1,1,1,1,1,1,1,0,0,1,1,1,1,1,1,1,1,1,1"
130,13,63,9,0-2;0-4;0-5;0-6;0-7;0-8;0-9;0-10;0-12;1-3;1-5;1-6;1-7;1-9;1-10;1-11;1-12;2-3;2-4;2-5;2-6;2-7;2-8;2-9;2-11;2-12;3-5;3-6;3-7;3-8;3-11;3-12;4-5;4-6;4-7;4-8;4-9;4-10;4-12;5-6;5-7;5-8;5-9;5-10;5-11;5-12;6-7;6-8;6-9;6-10;6-11;6-12;7-8;7-9;7-10;7-11;7-12;8-12;9-10;9-11;9-12;10-12;11-12,"0,1,0,1,1,1,1,1,1,1,0,1,0,1,0,1,1,1,0,1,1,1,1,1,1,1,1,1,1,1,0,1,1,0,1,1,1,1,0,0,1,1,1,1,1,1,1,1,0,1,1,1,1,1,1,1,1,1,1,1,1,1,1,1,1,1,1,1,0,0,0,1,1,1,1,0,1,1"
131,13,63,9,0-1;0-2;0-3;0-4;0-5;0-6;0-7;0-8;0-9;0-10;0-11;0-12;1-2;1-3;1-4;1-5;1-6;1-7;1-8;1-9;1-10;1-11;1-12;2-3;2-4;2-5;2-6;2-7;2-8;2-9;2-10;2-11;2-12;3-7;3-8;3-9;3-10;3-12;4-5;4-6;4-7;4-8;4-9;4-11;4-12;5-8;5-9;5-11;5-12;6-7;6-9;6-10;6-11;7-8;7-9;7-10;7-12;8-9;8-12;9-10;9-11;9-12;10-11,"1,1,1,1,1,1,1,1,1,1,1,1,1,1,1,1,1,1,1,1,1,1,1,1,1,1,1,1,1,1,1,1,1,0,0,0,1,1,1,1,0,1,1,1,1,1,1,0,1,1,0,0,1,1,0,1,1,1,0,1,1,1,0,1,1,1,0,1,1,0,0,1,1,1,1,1,0,0"
132,13,63,9,0-1;0-3;0-4;0-5;0-8;0-9;0-10;0-11;1-2;1-3;1-4;1-5;1-6;1-7;1-8;1-9;1-10;1-11;1-12;2-3;2-5;2-6;2-7;2-8;2-11;2-12;3-4;3-5;3-6;3-7;3-8;3-9;3-10;3-11;3-12;4-5;4-6;4-8;4-10;4-11;5-6;5-7;5-8;5-9;5-10;5-11;5-12;6-7;6-8;6-10;6-11;6-12;7-8;7-9;7-10;7-12;8-9;8-10;8-11;8-12;9-10;9-12;10-12,"1,0,1,1,1,0,0,1,1,1,1,0,1,1,1,1,1,1,1,1,1,1,1,1,0,1,1,1,1,0,0,1,1,1,1,1,1,1,1,1,1,1,1,1,0,1,0,1,1,0,1,1,1,1,1,1,1,1,1,0,1,1,1,1,1,1,0,1,1,1,1,1,1,0,1,0,1,0"
133,13,63,9,0-1;0-2;0-3;0-4;0-5;0-6;0-7;0-8;0-9;0-10;0-11;0-12;1-3;1-4;1-5;1-6;1-9;1-11;1-12;2-3;2-4;2-5;2-6;2-7;2-8;2-9;3-4;3-5;3-6;3-7;3-8;3-9;3-10;3-11;3-12;4-5;4-6;4-8;4-9;4-12;5-6;5-8;5-9;5-12;6-7;6-8;6-9;6-10;6-11;6-12;7-8;7-9;7-10;7-11;8-9;8-10;8-12;9-10;9-11;9-12;10-11;10-12;11-12,"1,1,1,1,1,1,1,1,1,1,1,1,0,1,1,1,1,0,0,1,0,1,1,1,1,1,1,1,1,1,0,0,0,1,1,1,1,1,1,1,1,1,1,1,0,1,1,0,0,1,1,0,1,1,0,0,1,1,1,1,1,1,1,1,1,1,1,0,1,1,0,1,1,1,1,1,1,1"
134,13,63,9,0-1;0-2;0-3;0-4;0-5;0-6;0-7;0-8;0-9;0-10;0-11;0-12;1-2;1-3;1-4;1-5;1-6;1-7;1-8;1-9;1-10;1-11;1-12;2-3;2-4;2-5;2-6;2-7;2-8;2-10;2-12;3-5;3-7;3-8;3-10;3-12;4-5;4-6;4-7;4-9;4-10;5-6;5-7;5-8;5-9;5-10;5-11;5-12;6-7;6-8;6-9;6-11;6-12;7-8;7-9;7-10;7-11;7-12;8-11;8-12;9-10;9-11;11-12,"1,1,1,1,1,1,1,1,1,1,1,1,1,1,1,1,1,1,1,1,1,1,1,1,1,1,1,1,1,0,1,0,1,0,1,0,1,1,0,1,0,1,1,1,1,0,1,1,0,0,1,1,1,1,1,1,1,1,1,1,0,1,1,1,1,1,1,1,0,0,1,1,1,1,0,0,0,1"
135,13,63,9,0-1;0-2;0-3;0-4;0-5;0-6;0-7;0-8;0-9;0-10;0-11;0-12;1-2;1-3;1-4;1-5;1-6;1-7;1-8;1-9;1-10;1-11;1-12;2-3;2-6;2-7;2-9;2-11;2-12;3-6;3-7;3-8;3-10;3-11;3-12;4-5;4-6;4-7;4-9;4-10;4-11;5-6;5-8;5-9;5-10;5-11;6-7;6-8;6-9;6-10;6-11;6-12;7-9;7-10;7-11;7-12;8-10;8-11;8-12;9-11;10-11;10-12;11-12,"1,1,1,1,1,1,1,1,1,1,1,1,1,1,1,1,1,1,1,1,1,1,1,1,0,0,1,1,0,1,0,1,1,0,0,1,1,1,0,1,1,1,1,1,1,0,1,1,1,0,1,0,1,1,1,1,0,1,1,1,1,1,1,0,1,1,1,1,0,1,1,1,0,1,0,1,1,1"
136,13,63,9,0-1;0-3;0-4;0-5;0-6;0-9;0-10;0-11;1-3;1-4;1-5;1-6;1-8;1-9;1-10;1-11;1-12;2-3;2-4;2-6;2-7;2-9;2-10;2-11;2-12;3-4;3-6;3-9;3-10;3-11;3-12;4-5;4-6;4-7;4-8;4-9;4-10;4-11;4-12;5-6;5-7;5-8;5-10;5-11;6-7;6-8;6-9;6-10;6-11;6-12;7-8;7-10;7-11;7-12;8-10;8-11;8-12;9-10;9-11;9-12;10-11;10-12;11-12,"1,0,1,1,1,1,0,0,1,1,1,0,0,1,1,1,1,0,1,1,1,1,1,1,1,0,1,1,0,1,1,1,1,1,0,1,0,0,1,1,1,1,1,1,1,1,1,1,1,1,1,1,1,0,1,1,0,1,1,1,1,1,1,1,0,1,1,1,0,1,1,1,1,1,1,1,1,1"
137,13,63,9,0-1;0-2;0-3;0-5;0-6;0-8;0-10;0-12;1-2;1-3;1-4;1-5;1-6;1-7;1-8;1-9;1-10;1-11;1-12;2-3;2-4;2-6;2-8;2-10;2-11;2-12;3-4;3-5;3-6;3-7;3-8;3-9;3-10;3-11;3-12;4-6;4-7;4-10;4-11;4-12;5-6;5-7;5-8;5-9;5-12;6-7;6-8;6-9;6-10;6-11;6-12;7-9;7-11;7-12;8-9;8-10;8-11;8-12;9-11;9-12;10-11;10-12;11-12,"1,1,1,0,1,1,0,1,0,1,0,1,1,1,1,1,1,1,1,1,1,1,1,1,1,0,1,0,1,0,1,1,1,1,1,1,1,1,1,1,1,1,0,1,1,0,0,1,1,1,1,1,1,1,0,0,1,1,1,1,1,1,1,0,1,0,1,1,1,1,1,1,0,1,1,1,1,1"
138,13,63,9,0-1;0-2;0-3;0-4;0-5;0-6;0-8;0-9;0-10;1-2;1-3;1-4;1-5;1-6;1-7;1-8;1-9;1-10;1-11;1-12;2-3;2-4;2-5;2-6;2-7;2-8;2-9;2-10;2-11;2-12;3-4;3-5;3-6;3-7;3-8;3-9;3-10;3-11;3-12;4-5;4-8;4-10;4-11;5-6;5-7;5-8;5-9;5-10;5-11;5-12;6-9;6-10;6-12;7-8;7-9;7-11;7-12;8-9;8-10;8-11;9-10;9-12;11-12,"1,1,1,1,1,1,0,1,1,1,0,0,1,1,1,1,1,1,1,1,1,1,1,1,1,1,1,1,1,1,1,1,1,1,1,1,1,1,1,1,1,1,1,0,0,1,0,1,1,0,1,1,1,1,1,1,1,0,0,1,1,0,1,1,1,0,1,1,1,1,1,0,1,0,1,0,0,1"
139,13,63,9,0-1;0-2;0-3;0-4;0-6;0-7;0-10;0-12;1-2;1-3;1-4;1-5;1-6;1-7;1-8;1-9;1-10;1-11;1-12;2-3;2-4;2-5;2-6;2-7;2-8;2-9;2-10;2-11;2-12;3-4;3-5;3-6;3-7;3-8;3-9;3-10;3-11;3-12;4-5;4-6;4-7;4-8;4-9;4-10;4-11;4-12;5-8;5-9;5-10;5-11;5-12;6-7;6-10;6-11;7-9;7-12;8-9;8-10;8-11;8-12;9-12;10-11;10-12,"1,1,1,1,0,1,1,0,0,1,0,1,1,1,1,1,1,1,1,1,1,1,1,1,1,1,1,1,1,1,1,1,1,1,1,1,1,1,1,1,1,1,1,1,1,1,1,1,1,1,0,0,1,1,1,1,1,1,0,0,1,1,0,0,1,0,0,1,1,1,1,1,0,0,1,1,1,0"
140,13,63,9,0-4;0-5;0-6;0-7;0-8;0-9;0-11;0-12;1-2;1-5;1-6;1-7;1-9;1-10;1-11;1-12;2-3;2-5;2-7;2-8;2-9;2-10;2-11;2-12;3-4;3-7;3-8;3-9;3-10;3-11;3-12;4-6;4-7;4-8;4-9;4-11;4-12;5-6;5-7;5-8;5-9;5-10;5-11;5-12;6-7;6-9;6-11;6-12;7-8;7-9;7-10;7-11;7-12;8-9;8-10;8-11;8-12;9-10;9-11;9-12;10-11;10-12;11-12,"0,0,0,1,1,1,1,1,1,0,1,1,1,0,0,1,1,1,0,1,1,1,1,1,0,1,0,1,1,1,1,1,1,1,0,0,1,1,1,1,1,1,0,1,1,1,1,0,1,1,1,1,1,1,1,1,1,1,0,1,0,1,1,1,1,1,1,1,1,1,1,1,1,1,1,1,1,1"
141,13,63,9,0-1;0-2;0-3;0-4;0-5;0-6;0-7;0-8;0-9;0-10;0-11;0-12;1-3;1-4;1-5;1-6;1-7;1-8;1-9;1-10;1-12;2-4;2-5;2-7;2-9;2-10;2-11;2-12;3-4;3-6;3-7;3-9;3-10;3-12;4-5;4-6;4-7;4-8;4-9;4-10;4-11;4-12;5-7;5-8;5-9;5-10;5-11;5-12;6-8;6-9;6-11;6-12;7-9;7-10;7-12;8-9;8-11;8-12;9-10;9-11;9-12;10-12;11-12,"1,1,1,1,1,1,1,1,1,1,1,1,0,1,1,1,1,1,1,1,1,0,1,0,1,1,0,1,0,1,1,1,1,1,0,1,1,0,1,1,0,1,1,1,1,1,1,1,1,1,0,1,1,1,1,1,1,0,1,1,0,1,1,0,1,1,0,1,1,0,1,1,1,1,1,0,1,1"
142,13,63,9,0-1;0-3;0-4;0-6;0-7;0-8;0-10;0-11;0-12;1-2;1-3;1-4;1-5;1-6;1-7;1-8;1-9;1-10;1-11;1-12;2-4;2-5;2-6;2-9;2-10;2-11;2-12;3-4;3-7;3-8;3-9;3-10;3-11;4-5;4-6;4-7;4-8;4-9;4-10;4-11;4-12;5-6;5-8;5-9;5-10;5-11;6-7;6-8;6-10;6-11;6-12;7-8;7-10;7-11;7-12;8-9;8-10;8-11;9-10;9-11;10-11;10-12;11-12,"1,0,1,1,0,1,1,1,0,1,1,1,1,1,1,1,1,1,1,1,1,1,1,0,1,1,1,0,0,1,1,1,1,1,0,0,1,1,1,1,1,0,1,1,1,1,1,1,1,1,1,0,1,1,1,1,0,1,1,0,1,1,1,1,0,1,1,1,1,1,1,0,1,1,0,1,1,1"
143,13,63,9,0-1;0-2;0-5;0-6;0-7;0-8;0-9;0-10;0-11;0-12;1-4;1-5;1-7;1-8;1-9;1-10;1-11;2-3;2-4;2-5;2-6;2-7;2-8;2-9;2-11;2-12;3-4;3-5;3-6;3-7;3-8;3-9;3-12;4-5;4-7;4-8;4-9;4-11;5-6;5-7;5-8;5-9;5-10;5-11;5-12;6-7;6-8;6-9;6-10;6-12;7-8;7-9;7-10;7-11;7-12;8-9;8-10;8-11;8-12;9-10;9-11;9-12;10-12,"1,1,0,0,1,1,1,1,1,1,1,1,0,0,1,1,0,1,1,1,1,1,0,1,1,1,1,1,1,1,0,1,1,1,1,1,1,1,1,0,0,1,1,0,1,1,1,0,1,0,1,1,1,1,1,1,1,1,1,1,1,0,1,1,1,1,1,1,1,1,1,1,1,1,1,0,1,0"
144,13,63,9,0-1;0-2;0-3;0-4;0-5;0-6;0-7;0-8;0-9;0-10;0-11;0-12;1-3;1-5;1-7;1-8;1-9;1-10;1-12;2-3;2-4;2-5;2-6;2-7;2-8;2-10;2-11;2-12;3-4;3-5;3-6;3-7;3-8;3-9;3-10;3-11;3-12;4-6;4-7;4-8;4-9;4-10;4-11;5-7;5-8;5-10;5-12;6-7;6-10;6-11;6-12;7-8;7-9;7-10;7-11;7-12;8-9;8-10;8-11;9-10;9-11;10-11;10-12,"1,1,1,1,1,1,1,1,1,1,1,1,0,1,0,1,0,1,1,1,1,0,1,1,1,1,1,1,1,0,1,1,1,1,1,1,1,1,1,1,1,1,0,1,1,1,1,1,1,0,0,1,1,0,1,0,1,1,0,0,1,1,1,1,1,1,1,1,1,1,1,0,1,1,0,1,1,0"
145,13,63,9,0-1;0-2;0-3;0-4;0-5;0-6;0-7;0-8;0-9;0-10;0-11;0-12;1-2;1-3;1-5;1-6;1-8;1-9;1-10;1-11;1-12;2-4;2-5;2-6;2-9;2-10;2-11;2-12;3-5;3-7;3-8;3-9;3-10;3-11;4-5;4-6;4-7;4-9;4-10;4-11;5-6;5-7;5-8;5-9;5-10;5-11;5-12;6-9;6-10;6-11;6-12;7-8;7-9;7-10;7-11;8-9;8-10;8-12;9-10;9-11;9-12;10-11;10-12,"1,1,1,1,1,1,1,1,1,1,1,1,1,1,0,1,1,0,1,1,1,1,1,0,1,1,1,0,0,1,1,1,1,0,1,0,1,1,1,1,1,0,1,1,1,0,1,1,1,0,1,1,1,1,1,1,1,0,0,1,1,1,1,1,1,1,1,0,1,1,0,1,1,1,1,1,1,0"
146,13,63,9,0-1;0-2;0-4;0-5;0-6;0-8;0-9;0-11;0-12;1-2;1-3;1-4;1-5;1-6;1-7;1-8;1-9;1-10;1-11;1-12;2-3;2-4;2-5;2-6;2-7;2-8;2-9;2-10;2-11;2-12;3-4;3-5;3-7;3-9;3-10;3-12;4-5;4-6;4-7;4-9;4-11;4-12;5-6;5-7;5-8;5-9;5-10;5-11;5-12;6-7;6-9;6-11;7-9;7-10;8-9;8-10;8-11;8-12;9-10;9-11;9-12;10-12;11-12,"1,1,0,1,1,1,0,1,1,0,1,1,1,1,1,1,1,1,1,1,1,1,1,1,1,1,1,1,1,1,1,1,1,1,1,0,1,0,1,1,0,1,1,1,1,0,1,0,1,1,1,1,1,1,1,1,1,1,0,1,0,1,0,0,1,1,0,0,1,1,1,1,1,1,1,0,1,1"
147,13,63,9,0-2;0-3;0-4;0-5;0-6;0-8;0-9;0-12;1-2;1-3;1-4;1-5;1-6;1-7;1-8;1-10;1-11;1-12;2-3;2-4;2-5;2-6;2-7;2-8;2-9;2-11;3-4;3-5;3-6;3-8;3-12;4-5;4-6;4-7;4-8;4-9;4-10;4-11;4-12;5-6;5-7;5-8;5-9;5-10;5-11;5-12;6-7;6-8;6-9;6-10;6-11;6-12;7-8;7-9;7-10;7-11;8-9;8-10;8-11;8-12;9-11;10-11;10-12,"0,1,1,1,1,1,0,1,1,0,0,1,1,1,1,1,1,1,1,0,1,1,1,1,1,1,1,1,1,1,0,1,0,1,1,1,0,1,0,0,0,1,1,1,1,1,1,1,1,1,1,1,1,1,1,1,1,1,1,1,1,1,1,1,1,1,1,0,1,1,1,1,0,1,0,1,1,0"
148,13,63,9,0-2;0-4;0-5;0-7;0-8;0-9;0-10;0-11;0-12;1-3;1-5;1-6;1-7;1-9;1-10;1-11;1-12;2-4;2-6;2-7;2-8;2-9;2-10;2-11;2-12;3-5;3-6;3-8;3-9;3-10;3-11;3-12;4-6;4-7;4-8;4-9;4-10;4-11;4-12;5-8;5-9;5-10;5-11;5-12;6-7;6-9;6-10;6-11;6-12;7-9;7-10;7-11;7-12;8-9;8-10;8-11;8-12;9-10;9-11;9-12;10-11;10-12;11-12,"0,1,0,1,1,0,1,1,1,1,1,1,0,1,0,1,1,1,0,1,1,1,1,0,1,0,1,1,1,1,1,1,1,0,1,1,0,1,1,1,1,1,0,1,1,1,1,1,1,1,0,0,1,1,1,1,1,1,0,1,1,1,1,0,1,1,1,1,1,1,1,1,1,1,1,1,1,1"
149,13,63,9,0-1;0-2;0-3;0-4;0-5;0-6;0-7;0-8;1-2;1-3;1-4;1-5;1-8;1-9;1-10;1-12;2-3;2-4;2-5;2-6;2-7;2-8;2-9;2-10;2-11;2-12;3-4;3-5;3-6;3-7;3-8;3-9;3-10;3-11;3-12;4-5;4-6;4-7;4-8;4-9;4-10;4-11;4-12;5-6;5-7;5-8;5-9;5-10;5-11;5-12;6-7;6-8;6-11;7-9;7-11;7-12;8-10;9-10;9-11;9-12;10-11;10-12;11-12,"1,1,1,1,1,1,1,1,0,0,0,0,1,1,1,1,0,0,1,1,1,0,1,1,1,1,1,1,1,1,1,1,1,1,1,1,1,1,1,1,1,1,1,1,1,1,1,1,1,1,1,1,1,1,1,1,1,1,1,0,0,1,0,0,1,0,1,1,0,1,0,0,1,1,1,1,1,1"
150,13,63,9,0-1;0-2;0-3;0-4;0-5;0-6;0-7;0-8;0-9;0-10;0-11;0-12;1-2;1-4;1-5;1-8;1-9;1-10;1-11;1-12;2-4;2-7;2-8;2-9;2-10;2-11;2-12;3-5;3-6;3-7;3-8;3-10;3-11;3-12;4-6;4-7;4-8;4-9;4-11;4-12;5-6;5-8;5-9;5-10;5-11;5-12;6-7;6-8;6-11;6-12;7-8;7-11;7-12;8-9;8-10;8-11;8-12;9-10;9-11;9-12;10-11;10-12;11-12,"1,1,1,1,1,1,1,1,1,1,1,1,1,0,1,1,0,0,1,1,1,1,1,0,1,0,0,1,1,1,1,1,1,0,1,1,1,1,0,1,1,1,0,1,1,1,1,0,1,1,1,0,1,1,1,1,1,1,1,0,0,1,1,1,0,0,1,1,1,1,1,1,1,1,1,1,1,1"
151,13,63,9,0-1;0-2;0-3;0-4;0-5;0-6;0-7;0-8;0-9;0-10;0-11;0-12;1-2;1-3;1-4;1-5;1-6;1-7;1-10;1-11;2-3;2-5;2-6;2-7;2-10;2-11;2-12;3-6;3-7;3-8;3-10;3-11;3-12;4-5;4-6;4-7;4-8;4-9;4-11;5-6;5-7;5-9;5-10;5-11;6-7;6-8;6-9;6-10;6-11;6-12;7-8;7-9;7-10;7-11;7-12;8-9;8-11;8-12;9-11;9-12;10-11;10-12;11-12,"1,1,1,1,1,1,1,1,1,1,1,1,1,1,1,1,1,1,0,0,1,1,0,1,0,1,1,1,0,0,1,1,1,0,0,1,1,1,0,1,1,1,1,1,1,1,1,0,1,0,1,1,0,1,1,1,0,1,1,1,1,1,1,1,1,1,1,1,1,0,1,1,0,1,1,1,1,1"
152,13,63,9,0-1;0-3;0-4;0-5;0-6;0-7;0-8;0-10;0-11;1-2;1-3;1-4;1-5;1-7;1-8;1-10;1-11;2-3;2-4;2-5;2-7;2-9;2-11;2-12;3-4;3-5;3-6;3-7;3-8;3-9;3-10;3-11;3-12;4-5;4-6;4-7;4-8;4-9;4-10;4-11;4-12;5-6;5-7;5-8;5-9;5-10;5-11;5-12;6-7;6-8;6-9;6-10;6-12;7-8;7-9;7-10;7-11;7-12;8-9;8-10;9-12;10-11;11-12,"1,0,1,1,1,1,1,1,0,1,1,0,1,1,1,1,0,1,1,0,1,1,0,1,1,1,0,1,0,1,0,1,1,1,1,1,1,1,1,1,1,1,1,1,1,1,1,1,1,1,1,1,1,1,1,1,1,1,1,1,1,0,1,1,1,1,1,1,1,1,0,0,0,0,1,1,0,1"
153,13,63,9,0-1;0-2;0-4;0-5;0-8;0-9;0-10;0-11;0-12;1-2;1-4;1-5;1-7;1-9;1-10;1-11;1-12;2-3;2-4;2-5;2-6;2-7;2-8;2-9;2-10;2-11;2-12;3-4;3-6;3-7;3-8;3-9;3-10;3-12;4-5;4-6;4-7;4-8;4-9;4-10;4-11;4-12;5-6;5-7;5-9;5-11;5-12;6-7;6-8;6-9;6-11;6-12;7-9;7-11;7-12;8-9;8-10;8-12;9-10;9-11;9-12;10-12;11-12,"1,1,0,1,1,0,0,1,1,1,1,1,1,0,1,1,0,1,0,1,1,1,1,1,1,1,1,1,1,1,1,1,1,1,0,1,1,1,1,1,0,1,1,1,1,1,1,1,1,1,1,1,0,1,0,1,1,1,1,1,0,1,1,0,1,0,1,1,1,1,0,1,1,1,1,0,1,1"
154,13,63,9,0-1;0-2;0-4;0-5;0-6;0-7;0-9;0-10;0-12;1-2;1-3;1-4;1-5;1-6;1-7;1-8;1-9;1-10;1-11;1-12;2-3;2-4;2-5;2-6;2-7;2-8;2-9;2-10;2-11;2-12;3-4;3-7;3-8;3-9;3-11;3-12;4-5;4-6;4-7;4-8;4-9;4-10;4-11;4-12;5-6;5-7;5-9;5-10;5-12;6-8;6-10;6-11;6-12;7-9;7-11;7-12;8-10;8-11;8-12;9-10;9-12;10-12;11-12,"1,1,0,1,1,1,1,0,1,1,0,1,1,1,1,1,1,1,1,1,1,1,1,1,1,1,1,1,1,1,1,1,1,1,0,0,1,1,1,0,1,1,1,1,1,1,1,1,1,1,1,1,0,1,1,0,1,0,1,0,1,1,1,0,1,0,1,1,0,1,1,1,1,0,1,0,1,1"
155,13,63,9,0-1;0-2;0-3;0-4;0-5;0-6;0-7;0-8;0-9;0-10;0-11;0-12;1-2;1-4;1-5;1-6;1-7;1-10;1-11;1-12;2-3;2-6;2-7;2-8;2-11;2-12;3-6;3-7;3-8;3-9;3-11;3-12;4-5;4-6;4-8;4-9;4-10;4-11;4-12;5-6;5-7;5-9;5-10;5-11;5-12;6-7;6-8;6-9;6-10;6-11;6-12;7-11;7-12;8-9;8-10;8-11;8-12;9-10;9-11;9-12;10-11;10-12;11-12,"1,1,1,1,1,1,1,1,1,1,1,1,1,0,1,1,1,1,0,0,1,1,1,1,0,0,1,1,1,0,0,1,1,0,0,1,1,1,1,0,1,1,1,1,0,1,1,1,1,1,1,1,0,1,1,1,1,1,1,1,1,1,1,0,0,0,1,1,1,1,1,1,1,1,1,1,1,1"
156,13,63,9,0-1;0-3;0-4;0-5;0-8;0-9;0-10;0-11;0-12;1-2;1-3;1-4;1-5;1-6;1-7;1-8;1-9;1-10;1-11;1-12;2-3;2-5;2-6;2-7;2-9;2-10;2-11;2-12;3-5;3-6;3-8;3-9;3-10;3-12;4-5;4-7;4-8;4-10;4-11;4-12;5-6;5-7;5-8;5-9;5-10;5-11;5-12;6-7;6-8;6-9;6-10;6-12;7-10;7-11;7-12;8-9;8-10;8-12;9-10;9-12;10-11;10-12;11-12,"1,0,1,1,1,0,0,1,1,1,1,1,1,1,1,1,1,1,1,1,1,1,1,1,0,1,1,1,0,1,1,1,1,0,1,1,0,1,1,1,0,1,1,0,1,1,0,1,1,1,1,1,1,1,1,1,1,1,1,1,1,0,1,0,0,1,1,1,1,1,0,1,1,0,1,1,1,1"
157,13,63,9,0-1;0-2;0-3;0-4;0-5;0-6;0-7;0-8;0-9;0-10;0-11;0-12;1-2;1-3;1-4;1-5;1-6;1-7;1-8;1-9;1-10;1-11;1-12;2-4;2-6;2-7;2-8;2-9;2-10;2-12;3-5;3-6;3-7;3-9;3-10;3-11;4-5;4-7;4-8;4-9;4-11;4-12;5-6;5-7;5-9;5-11;6-7;6-9;6-10;7-8;7-9;7-10;7-11;7-12;8-9;8-10;8-11;8-12;9-10;9-11;9-12;10-12;11-12,"1,1,1,1,1,1,1,1,1,1,1,1,1,1,1,1,1,1,1,1,1,1,1,0,1,0,1,1,1,1,1,0,1,0,1,1,1,0,1,1,1,0,1,0,1,1,1,0,1,1,1,1,0,1,0,1,0,1,0,1,1,0,0,1,1,1,1,1,1,1,1,1,1,1,1,0,1,1"
158,13,63,9,0-1;0-2;0-3;0-4;0-5;0-6;0-7;0-8;0-9;0-10;0-11;0-12;1-2;1-3;1-4;1-5;1-6;1-7;1-8;1-9;1-10;1-11;1-12;2-3;2-4;2-6;2-7;2-8;2-11;2-12;3-4;3-5;3-6;3-7;3-8;3-9;3-10;3-11;3-12;4-5;4-6;4-7;4-8;4-9;4-10;4-11;4-12;5-6;5-7;5-8;5-9;5-10;6-7;6-8;6-10;7-8;7-12;8-12;9-10;9-11;9-12;10-11;11-12,"1,1,1,1,1,1,1,1,1,1,1,1,1,1,1,1,1,1,1,1,1,1,1,1,1,0,1,1,1,0,0,1,1,1,1,1,1,1,1,1,1,1,1,1,1,1,1,1,1,1,1,1,1,1,1,0,0,1,1,0,1,0,0,1,0,0,0,1,0,0,0,1,1,1,1,1,0,1"
159,13,63,9,0-1;0-2;0-3;0-4;0-5;0-6;0-7;0-8;0-9;0-10;0-11;0-12;1-2;1-6;1-7;1-8;1-9;1-11;1-12;2-4;2-5;2-7;2-8;2-9;2-10;2-11;3-4;3-5;3-6;3-8;3-9;3-10;3-11;3-12;4-5;4-7;4-8;4-9;4-10;4-11;5-8;5-9;5-10;5-11;5-12;6-7;6-8;6-9;6-11;6-12;7-8;7-9;7-10;7-11;8-9;8-10;8-11;8-12;9-10;9-11;9-12;10-11;11-12,"1,1,1,1,1,1,1,1,1,1,1,1,1,0,0,0,1,1,1,1,0,1,1,0,1,1,0,1,1,1,1,1,0,1,1,1,0,1,1,1,1,1,1,0,1,1,1,1,1,0,0,0,1,1,1,1,1,1,1,1,0,1,1,1,1,1,1,0,1,1,1,1,1,1,1,1,0,1"
160,13,63,9,0-1;0-2;0-5;0-6;0-7;0-9;0-10;0-11;0-12;1-2;1-3;1-4;1-5;1-6;1-7;1-8;1-9;1-10;1-11;1-12;2-3;2-4;2-5;2-6;2-7;2-8;2-9;2-10;2-11;2-12;3-4;3-5;3-7;3-8;3-9;3-10;3-11;4-6;4-8;4-10;4-11;4-12;5-7;5-9;5-10;5-11;5-12;6-8;6-10;6-11;6-12;7-8;7-9;7-10;7-11;8-9;8-10;8-11;9-10;9-11;10-11;10-12;11-12,"1,1,0,0,1,1,1,0,1,1,1,1,1,1,1,1,1,1,1,1,1,1,1,1,1,1,1,1,1,1,1,1,1,1,1,0,1,1,1,1,1,0,0,1,0,1,0,1,1,1,0,1,0,1,1,1,1,0,1,0,1,1,1,1,1,1,1,0,1,1,1,0,1,1,0,1,1,1"
161,13,63,9,0-1;0-2;0-3;0-4;0-5;0-6;0-7;0-8;0-9;0-10;0-11;0-12;1-2;1-4;1-5;1-6;1-7;1-9;1-10;2-5;2-6;2-8;2-9;2-10;2-11;2-12;3-4;3-5;3-6;3-7;3-8;3-10;3-11;3-12;4-5;4-6;4-7;4-8;4-10;4-11;5-6;5-7;5-8;5-9;5-10;5-11;5-12;6-7;6-8;6-9;6-10;6-11;6-12;7-9;7-10;8-10;8-11;8-12;9-10;9-12;10-11;10-12;11-12,"1,1,1,1,1,1,1,1,1,1,1,1,1,0,1,1,1,1,0,1,1,0,0,0,0,1,1,0,1,1,1,1,1,1,1,1,1,1,0,1,1,1,1,1,1,1,0,1,1,0,1,1,1,1,1,1,1,1,1,1,1,1,1,0,1,1,0,0,0,1,1,1,1,0,1,1,1,1"
162,13,63,9,0-1;0-2;0-3;0-5;0-7;0-8;0-9;0-11;0-12;1-2;1-4;1-5;1-7;1-8;1-9;1-10;1-12;2-3;2-4;2-5;2-6;2-7;2-8;2-9;2-10;2-11;2-12;3-4;3-5;3-6;3-9;3-11;3-12;4-5;4-6;4-7;4-9;4-10;4-12;5-6;5-7;5-8;5-9;5-10;5-11;5-12;6-9;6-10;6-11;6-12;7-8;7-9;7-10;7-12;8-9;8-10;8-11;8-12;9-10;9-11;9-12;10-12;11-12,"1,1,1,0,1,0,1,1,1,0,1,1,1,0,1,1,0,1,1,1,1,0,1,1,1,1,1,1,1,1,1,1,1,1,1,1,0,0,1,0,1,1,1,1,1,0,1,1,0,1,1,1,1,1,1,1,1,0,0,1,1,1,1,1,1,1,0,1,1,1,1,1,1,1,1,0,1,1"
163,13,63,9,0-1;0-2;0-3;0-4;0-6;0-8;0-10;0-11;0-12;1-2;1-3;1-4;1-5;1-6;1-7;1-8;1-9;1-10;1-11;1-12;2-3;2-4;2-5;2-6;2-7;2-8;2-9;2-10;2-11;2-12;3-5;3-9;3-10;3-11;3-12;4-6;4-7;4-8;4-10;4-11;4-12;5-7;5-9;5-10;5-11;5-12;6-7;6-8;6-9;6-10;6-11;7-8;7-9;7-10;7-11;8-10;8-11;8-12;9-10;9-11;10-11;10-12;11-12,"1,1,1,1,0,1,0,1,0,1,1,1,1,1,1,1,1,1,1,1,1,1,1,1,1,1,1,1,1,1,1,1,1,0,1,0,0,0,1,1,1,1,0,1,1,1,0,1,1,1,0,1,0,1,1,1,1,1,1,1,1,1,0,1,1,1,1,0,0,1,1,1,1,1,0,1,1,1"
164,13,63,9,0-1;0-2;0-4;0-6;0-8;0-9;0-10;0-11;0-12;1-3;1-4;1-6;1-7;1-8;1-9;1-11;1-12;2-4;2-5;2-6;2-7;2-8;2-10;2-11;3-4;3-5;3-6;3-7;3-8;3-9;3-11;3-12;4-5;4-6;4-7;4-8;4-9;4-10;4-11;4-12;5-6;5-7;5-8;5-10;5-11;6-7;6-8;6-9;6-10;6-11;6-12;7-8;7-9;7-11;8-9;8-10;8-11;8-12;9-11;9-12;10-11;10-12;11-12,"1,1,0,1,0,1,0,1,1,1,1,1,0,1,1,0,1,1,1,1,0,1,1,0,1,1,1,1,1,0,1,1,0,1,1,1,1,1,1,0,1,1,1,1,1,1,1,1,1,1,1,1,1,0,1,1,0,1,1,1,1,1,1,1,1,0,1,0,1,1,1,1,0,1,1,1,1,1"
165,13,63,9,0-1;0-3;0-4;0-5;0-6;0-8;0-10;0-12;1-2;1-3;1-4;1-5;1-6;1-7;1-8;1-9;1-10;1-11;1-12;2-4;2-5;2-6;2-7;2-8;2-9;2-10;2-11;3-4;3-5;3-6;3-7;3-9;3-10;3-12;4-5;4-6;4-7;4-8;4-9;4-10;4-11;4-12;5-6;5-7;5-8;5-9;5-10;5-11;5-12;6-7;6-9;6-10;7-9;7-10;7-11;8-10;8-11;8-12;9-10;9-11;10-11;10-12;11-12,"1,0,1,1,1,1,0,1,0,1,0,1,1,1,1,1,1,1,1,1,1,1,1,0,1,1,1,1,1,1,1,1,0,1,1,1,1,0,1,1,0,1,1,1,1,1,1,1,1,1,1,1,1,1,1,1,1,1,0,1,1,0,0,0,1,1,1,0,0,1,1,1,1,1,0,1,1,1"
166,13,63,9,0-2;0-5;0-7;0-8;0-9;0-10;0-11;0-12;1-2;1-3;1-4;1-5;1-6;1-7;1-8;1-11;1-12;2-3;2-4;2-5;2-7;2-8;2-11;2-12;3-4;3-5;3-6;3-7;3-8;3-11;3-12;4-5;4-6;4-7;4-10;4-11;4-12;5-6;5-7;5-8;5-9;5-10;5-11;5-12;6-7;6-9;6-10;6-11;6-12;7-8;7-9;7-10;7-11;7-12;8-9;8-11;8-12;9-10;9-11;9-12;10-11;10-12;11-12,"0,1,0,0,1,0,1,1,1,1,1,1,1,1,1,1,1,1,1,0,0,1,1,1,1,1,0,1,1,0,0,1,1,1,1,1,1,1,0,0,1,1,1,1,1,0,0,1,1,1,1,1,1,1,1,1,1,1,0,1,1,1,1,1,1,1,1,1,1,0,1,1,1,1,1,1,1,1"
167,13,63,9,0-1;0-2;0-4;0-5;0-6;0-8;0-9;0-10;0-11;1-2;1-3;1-4;1-5;1-6;1-7;1-8;1-9;1-10;1-11;1-12;2-3;2-4;2-5;2-8;2-9;2-12;3-4;3-5;3-7;3-8;3-9;3-12;4-5;4-6;4-7;4-8;4-9;4-10;4-11;4-12;5-6;5-7;5-8;5-9;5-10;5-11;5-12;6-7;6-8;6-9;6-10;6-11;7-8;7-10;7-11;7-12;8-9;8-10;8-11;8-12;9-11;10-11;10-12,"1,1,0,1,1,1,0,1,1,1,1,0,1,1,1,1,1,1,1,1,1,1,1,1,1,1,0,0,1,1,0,0,1,1,1,0,1,1,1,0,0,1,1,1,1,1,1,1,1,1,1,1,1,1,1,1,1,1,1,1,1,1,0,1,0,1,1,1,1,1,1,1,0,1,0,1,1,0"
168,13,63,9,0-1;0-2;0-4;0-5;0-6;0-7;0-8;0-9;0-11;1-2;1-4;1-5;1-6;1-7;1-9;1-10;1-11;2-3;2-4;2-5;2-6;2-7;2-8;2-9;2-10;2-11;2-12;3-5;3-7;3-8;3-9;3-10;3-11;3-12;4-5;4-6;4-7;4-9;4-10;4-11;5-6;5-7;5-8;5-9;5-10;5-11;5-12;6-7;6-10;6-11;6-12;7-8;7-9;7-10;7-11;7-12;8-9;8-11;8-12;9-11;10-11;10-12;11-12,"1,1,0,1,1,1,1,1,1,0,1,0,1,0,1,1,1,1,0,1,1,1,0,1,1,1,1,1,1,1,1,1,1,0,1,0,1,1,1,1,1,1,1,1,1,0,1,1,1,0,1,1,1,1,1,1,1,1,0,0,1,1,1,1,1,1,1,1,1,0,1,1,0,1,0,1,1,1"
169,13,64,9,0-3;0-4;0-6;0-8;0-9;0-10;0-11;0-12;1-4;1-5;1-7;1-8;1-9;1-10;1-11;1-12;2-5;2-6;2-7;2-8;2-9;2-10;2-11;2-12;3-6;3-7;3-8;3-9;3-10;3-11;3-12;4-6;4-8;4-9;4-10;4-11;4-12;5-7;5-8;5-9;5-10;5-11;5-12;6-7;6-8;6-9;6-10;6-11;6-12;7-8;7-9;7-10;7-11;7-12;8-9;8-10;8-11;8-12;9-10;9-11;9-12;10-11;10-12;11-12,"0,0,1,1,0,1,0,1,1,1,1,1,0,0,1,1,0,1,1,1,1,1,1,0,0,1,1,1,1,1,1,1,1,0,0,1,1,1,1,1,1,1,0,1,0,1,1,1,1,1,0,1,1,1,1,1,1,1,1,1,1,1,1,1,1,1,1,1,1,1,1,1,1,1,1,1,1,1"
170,13,64,9,0-1;0-2;0-3;0-4;0-5;0-6;0-8;0-9;0-10;0-11;1-2;1-3;1-4;1-5;1-6;1-7;1-8;1-9;1-10;1-11;1-12;2-3;2-5;2-6;2-7;2-9;2-10;2-11;2-12;3-5;3-6;3-8;3-10;3-11;4-5;4-6;4-7;4-8;4-10;4-11;5-6;5-7;5-8;5-9;5-10;5-11;5-12;6-7;6-8;6-9;6-10;6-11;6-12;7-10;7-11;7-12;8-10;8-11;9-10;9-11;9-12;10-11;10-12;11-12,"1,1,1,1,1,1,0,1,1,1,1,0,1,1,1,1,1,1,1,1,1,1,1,1,0,1,1,1,0,1,1,1,1,0,1,1,0,1,0,1,1,0,1,1,1,1,0,1,1,0,1,1,1,1,1,1,1,1,1,1,1,1,1,0,0,1,1,1,0,1,1,0,1,1,1,1,1,1"
171,13,64,9,0-1;0-2;0-3;0-5;0-6;0-9;0-10;0-11;1-2;1-3;1-4;1-5;1-6;1-7;1-8;1-9;1-10;1-11;1-12;2-3;2-4;2-5;2-6;2-9;2-10;3-4;3-5;3-6;3-7;3-8;3-9;3-10;3-11;3-12;4-5;4-6;4-7;4-8;4-9;4-10;4-12;5-6;5-7;5-8;5-9;5-10;5-11;5-12;6-9;6-10;6-11;6-12;7-8;7-9;7-10;7-11;8-9;8-10;8-12;9-10;9-11;9-12;10-11;10-12,"1,1,1,0,1,1,0,0,1,1,1,0,1,1,1,1,1,1,1,1,1,1,1,1,1,1,1,0,0,1,1,0,0,1,1,1,1,1,1,1,1,1,1,1,1,1,1,1,0,1,1,1,1,1,1,1,1,0,0,1,1,1,1,1,1,1,1,0,1,1,0,1,1,1,1,1,1,0"
172,13,64,9,0-1;0-2;0-3;0-5;0-7;0-8;0-11;0-12;1-2;1-3;1-4;1-5;1-6;1-7;1-8;1-9;1-10;1-11;1-12;2-3;2-4;2-5;2-6;2-7;2-8;2-9;2-10;2-11;2-12;3-5;3-6;3-7;3-9;3-10;3-11;3-12;4-5;4-7;4-8;4-10;4-11;4-12;5-6;5-7;5-8;5-9;5-10;5-11;5-12;6-7;6-9;6-10;6-12;7-8;7-9;7-10;7-11;7-12;8-11;8-12;9-11;9-12;10-12;11-12,"1,1,1,0,1,0,1,1,0,0,1,1,1,1,1,1,1,1,1,1,1,1,1,1,1,1,1,1,1,1,1,1,1,0,1,1,1,0,1,1,1,1,1,0,1,1,0,1,1,1,1,1,1,1,1,1,1,1,0,1,1,0,1,1,1,1,1,1,0,0,1,1,0,1,1,0,1,1"
173,13,64,9,0-2;0-3;0-6;0-7;0-8;0-10;0-11;0-12;1-2;1-4;1-5;1-6;1-7;1-8;1-9;1-10;1-11;1-12;2-3;2-4;2-5;2-6;2-7;2-8;2-9;2-10;2-11;2-12;3-4;3-6;3-7;3-8;3-11;3-12;4-6;4-7;4-8;4-9;4-11;5-6;5-7;5-8;5-9;5-11;5-12;6-7;6-8;6-9;6-10;6-11;6-12;7-8;7-9;7-10;7-11;7-12;8-9;8-10;8-11;8-12;9-11;10-11;10-12;11-12,"0,1,1,0,0,1,1,1,0,1,1,1,1,0,1,1,1,1,1,1,1,1,1,1,1,1,1,1,1,1,1,1,1,1,0,1,1,1,0,0,1,1,0,1,1,1,1,0,1,0,1,1,1,1,0,1,1,1,1,1,1,1,1,1,1,1,1,1,1,1,1,1,0,1,0,1,1,1"
174,13,64,9,0-1;0-2;0-3;0-4;0-7;0-9;0-10;0-11;1-2;1-3;1-4;1-5;1-6;1-7;1-8;1-9;1-10;1-11;1-12;2-3;2-4;2-5;2-6;2-7;2-8;2-9;2-10;2-11;2-12;3-4;3-5;3-6;3-7;3-8;3-9;3-10;3-11;3-12;4-6;4-7;4-10;4-11;5-6;5-7;5-9;5-11;5-12;6-7;6-10;6-11;7-8;7-9;7-10;7-11;7-12;8-9;8-10;8-11;8-12;9-10;9-11;9-12;10-11;11-12,"1,1,1,1,0,0,1,0,1,1,1,0,1,1,1,1,1,1,1,1,1,1,1,1,1,1,1,1,1,1,1,1,1,1,1,1,1,1,1,1,1,1,0,1,1,0,0,1,1,0,1,1,0,1,0,1,1,1,0,0,1,1,0,1,1,1,1,1,1,1,1,1,1,1,1,1,0,1"
175,13,64,9,0-1;0-4;0-5;0-8;0-9;0-10;0-11;0-12;1-2;1-3;1-4;1-5;1-6;1-7;1-8;1-9;1-10;1-11;1-12;2-3;2-4;2-5;2-6;2-7;2-8;2-9;2-10;2-11;3-4;3-5;3-8;3-9;3-10;3-12;4-5;4-6;4-8;4-9;4-10;4-12;5-6;5-7;5-8;5-9;5-10;5-11;5-12;6-7;6-8;6-9;6-10;7-8;7-9;7-10;7-11;8-9;8-10;8-11;8-12;9-10;9-11;9-12;10-11;10-12,"1,0,0,1,1,0,0,1,1,1,1,1,1,1,1,1,1,1,1,1,1,1,1,1,1,1,1,1,1,1,1,1,0,1,1,0,0,1,1,1,0,1,1,1,0,1,1,1,0,1,1,1,1,1,1,1,1,1,1,1,1,0,0,1,1,1,1,0,1,1,1,1,1,1,1,1,1,0"
176,13,64,9,0-1;0-2;0-3;0-4;0-6;0-7;0-8;0-10;0-11;0-12;1-2;1-3;1-4;1-5;1-6;1-7;1-8;1-9;1-10;1-11;1-12;2-3;2-4;2-5;2-6;2-7;2-8;2-9;2-10;2-11;2-12;3-4;3-5;3-6;3-7;3-8;3-9;3-10;3-11;3-12;4-7;4-8;4-11;4-12;5-7;5-8;5-9;5-10;5-11;6-7;6-9;6-10;6-11;7-8;7-9;7-10;7-11;7-12;8-11;9-10;9-11;10-11;10-12;11-12,"1,1,1,1,0,1,1,1,0,1,1,1,1,1,1,1,1,1,1,1,1,1,1,1,1,1,1,1,1,1,1,1,1,1,1,1,1,1,1,1,1,1,0,0,1,1,0,0,1,1,0,1,1,1,1,1,0,1,0,1,1,1,0,1,1,1,1,1,0,0,1,0,1,1,0,1,1,1"
177,13,64,9,0-1;0-2;0-4;0-6;0-7;0-9;0-11;0-12;1-2;1-3;1-4;1-5;1-6;1-7;1-8;1-9;1-10;1-11;1-12;2-4;2-5;2-6;2-9;2-11;2-12;3-4;3-6;3-7;3-8;3-9;3-10;3-11;4-5;4-6;4-7;4-8;4-9;4-10;4-11;4-12;5-6;5-9;5-10;5-11;5-12;6-7;6-8;6-9;6-10;6-11;6-12;7-8;7-9;7-10;7-11;7-12;8-9;8-11;8-12;9-10;9-11;9-12;10-11;11-12,"1,1,0,1,0,1,1,0,1,0,1,1,1,1,1,1,1,1,1,1,1,1,1,0,1,1,1,0,0,1,0,1,1,1,0,1,1,1,1,1,1,0,1,1,1,1,1,1,1,1,1,0,0,1,1,1,1,1,1,1,1,1,1,1,1,1,1,1,1,0,1,1,1,1,1,1,0,1"
178,13,64,9,0-1;0-4;0-5;0-7;0-8;0-10;0-11;0-12;1-2;1-3;1-4;1-5;1-6;1-7;1-8;1-9;1-10;1-11;1-12;2-6;2-7;2-8;2-9;2-10;2-11;2-12;3-4;3-5;3-7;3-8;3-9;3-10;3-12;4-5;4-7;4-8;4-10;4-12;5-6;5-7;5-8;5-10;5-11;5-12;6-7;6-8;6-10;6-11;6-12;7-8;7-9;7-10;7-11;7-12;8-9;8-10;8-11;8-12;9-10;9-11;9-12;10-11;10-12;11-12,"1,0,0,1,1,0,1,1,0,1,1,1,1,1,1,1,1,1,1,1,1,1,1,0,0,0,1,1,1,1,1,1,1,1,1,0,1,1,1,1,0,1,1,0,1,1,0,1,0,1,1,1,1,0,1,1,1,1,1,0,1,1,1,1,1,1,1,1,1,1,1,1,1,1,1,1,1,1"
179,13,64,9,0-1;0-2;0-3;0-4;0-5;0-6;0-7;0-8;0-9;0-10;0-11;0-12;1-2;1-3;1-4;1-5;1-6;1-7;1-8;1-9;1-10;1-11;1-12;2-3;2-4;2-5;2-6;2-7;2-8;2-9;2-10;2-11;2-12;3-4;3-6;3-8;3-10;3-12;4-5;4-6;4-7;4-8;4-10;4-12;5-8;5-10;5-11;5-12;6-7;6-8;6-12;7-8;7-9;7-12;8-9;8-10;8-11;8-12;9-10;9-11;9-12;10-11;10-12;11-12,"1,1,1,1,1,1,1,1,1,1,1,1,1,1,1,1,1,1,1,1,1,1,1,1,1,1,1,1,1,1,1,1,1,1,0,1,0,1,0,1,0,1,1,1,1,1,0,1,0,1,0,0,1,0,1,1,1,1,1,0,0,0,1,1,1,0,0,1,1,1,1,1,1,1,1,1,1,1"
180,13,64,9,0-1;0-2;0-3;0-4;0-5;0-8;0-11;0-12;1-2;1-3;1-4;1-5;1-6;1-7;1-8;1-9;1-10;1-11;1-12;2-3;2-4;2-5;2-6;2-7;2-8;2-10;2-11;3-4;3-5;3-6;3-7;3-8;3-9;3-10;3-11;3-12;4-5;4-6;4-7;4-8;4-9;4-10;4-11;4-12;5-6;5-8;5-9;5-11;5-12;6-7;6-8;6-11;7-8;7-10;7-11;8-9;8-10;8-11;8-12;9-10;9-11;9-12;10-11;11-12,"1,1,1,1,1,0,0,1,0,0,1,1,1,1,1,1,1,1,1,1,1,1,1,1,1,1,1,1,1,0,1,1,0,1,1,1,1,1,1,1,1,1,1,1,1,1,1,1,1,1,1,0,1,1,0,1,1,1,1,0,0,1,0,1,0,1,1,0,1,1,1,1,1,1,1,1,0,1"
181,13,64,9,0-1;0-2;0-4;0-5;0-6;0-7;0-9;0-10;0-11;0-12;1-2;1-5;1-7;1-8;1-9;1-10;1-12;2-3;2-4;2-5;2-6;2-7;2-8;2-9;2-10;2-11;2-12;3-4;3-5;3-6;3-8;3-9;3-10;3-12;4-5;4-6;4-9;4-10;4-12;5-6;5-7;5-8;5-9;5-10;5-11;5-12;6-8;6-9;6-10;6-11;6-12;7-9;7-10;7-11;7-12;8-9;8-10;8-12;9-10;9-11;9-12;10-11;10-12;11-12,"1,1,0,1,1,1,1,0,1,1,1,1,1,0,0,1,0,1,1,1,1,0,1,1,1,1,1,1,1,1,1,1,1,1,1,1,0,1,1,1,0,1,1,1,0,0,1,1,0,1,1,1,1,1,1,1,1,0,1,1,1,1,1,0,1,1,1,1,1,1,0,1,1,1,1,1,1,1"
182,13,64,9,0-1;0-2;0-3;0-4;0-5;0-6;0-7;0-8;0-9;0-10;0-11;0-12;1-3;1-4;1-5;1-6;1-7;1-9;1-10;2-3;2-5;2-6;2-8;2-9;2-10;2-11;3-4;3-5;3-6;3-7;3-8;3-9;3-10;3-11;3-12;4-6;4-7;4-8;4-9;4-10;5-6;5-7;5-9;5-10;5-11;5-12;6-7;6-8;6-9;6-10;6-11;6-12;7-8;7-9;7-10;7-12;8-9;8-10;9-10;9-11;9-12;10-11;10-12;11-12,"1,1,1,1,1,1,1,1,1,1,1,1,0,1,1,1,1,1,0,1,1,0,0,1,0,1,1,0,1,1,1,1,0,1,1,1,1,1,1,1,1,1,0,1,1,1,1,1,0,0,1,1,0,1,1,1,1,1,1,1,1,1,1,1,1,1,0,1,1,1,0,0,1,1,1,1,1,1"
183,13,64,9,0-1;0-2;0-4;0-6;0-7;0-9;0-10;0-12;1-2;1-3;1-4;1-5;1-6;1-7;1-9;1-10;1-12;2-4;2-6;2-7;2-8;2-10;2-12;3-4;3-5;3-6;3-7;3-10;3-11;3-12;4-5;4-6;4-7;4-8;4-9;4-10;4-11;4-12;5-6;5-7;5-8;5-9;5-10;5-11;5-12;6-7;6-8;6-9;6-10;6-11;6-12;7-8;7-9;7-10;7-11;7-12;8-10;8-11;8-12;9-10;9-12;10-11;10-12;11-12,"1,1,0,1,0,1,1,0,1,1,0,1,1,1,1,1,1,1,0,1,1,0,1,0,1,0,1,1,1,0,1,0,1,1,1,1,1,0,0,1,1,1,1,1,1,1,1,1,1,1,1,1,1,1,1,1,1,1,1,1,1,1,1,1,1,1,1,1,0,1,1,1,1,0,1,1,1,1"
184,13,64,9,0-2;0-3;0-5;0-7;0-8;0-9;0-10;0-12;1-2;1-3;1-5;1-6;1-7;1-9;1-10;1-12;2-3;2-4;2-5;2-6;2-7;2-8;2-9;2-10;2-11;2-12;3-4;3-5;3-6;3-7;3-8;3-9;3-10;3-11;3-12;4-5;4-6;4-7;4-9;4-10;4-11;5-6;5-7;5-8;5-9;5-10;5-11;5-12;6-7;6-8;6-9;6-10;6-11;7-8;7-9;7-10;7-11;7-12;8-9;8-11;9-10;9-11;9-12;10-12,"0,1,1,0,1,0,1,1,1,1,0,1,1,1,0,1,1,1,0,1,1,0,1,1,1,1,1,1,1,1,1,1,1,1,1,1,1,1,1,1,1,1,1,1,1,0,1,1,1,0,1,1,1,1,1,1,1,1,1,1,1,1,0,1,1,1,1,1,1,0,1,0,1,1,1,0,1,0"
185,13,64,9,0-1;0-4;0-5;0-7;0-8;0-9;0-10;0-12;1-2;1-3;1-4;1-5;1-6;1-7;1-8;1-9;1-10;1-11;1-12;2-5;2-7;2-8;2-9;2-10;2-11;2-12;3-4;3-5;3-6;3-8;3-10;3-11;3-12;4-5;4-8;4-10;4-11;4-12;5-6;5-7;5-8;5-9;5-10;5-11;5-12;6-8;6-9;6-10;6-11;6-12;7-8;7-9;7-10;7-12;8-9;8-10;8-11;8-12;9-10;9-11;9-12;10-11;10-12;11-12,"1,0,0,1,1,0,1,1,1,1,0,1,1,1,1,1,1,1,1,1,1,1,1,0,0,1,0,1,1,1,1,1,1,1,1,1,0,1,0,1,1,1,1,0,0,1,0,1,1,1,1,1,1,1,1,1,1,0,1,1,1,1,1,1,1,1,0,1,1,1,1,1,1,1,1,1,1,1"
186,13,64,9,0-1;0-2;0-3;0-4;0-5;0-6;0-7;0-8;0-9;0-10;0-11;0-12;1-2;1-3;1-4;1-5;1-6;1-7;1-8;1-9;1-10;1-11;1-12;2-3;2-4;2-5;2-6;2-7;2-8;2-9;2-10;2-11;2-12;3-4;3-6;3-7;3-8;3-12;4-5;4-6;4-7;4-8;4-9;4-10;4-11;4-12;5-6;5-9;5-11;5-12;6-7;6-8;6-9;6-10;6-11;6-12;7-8;7-10;8-9;8-10;8-11;9-11;10-11;11-12,"1,1,1,1,1,1,1,1,1,1,1,1,1,1,1,1,1,1,1,1,1,1,1,1,1,1,1,1,1,1,1,1,1,1,0,1,1,1,0,0,0,1,1,1,1,1,1,1,1,1,1,0,0,1,0,1,1,1,1,1,1,1,1,1,0,1,0,0,1,1,1,0,0,1,0,1,0,1"
187,13,64,9,0-1;0-3;0-4;0-5;0-7;0-8;0-9;0-10;0-11;0-12;1-3;1-4;1-7;1-8;1-10;1-11;1-12;2-3;2-4;2-6;2-7;2-8;2-9;2-10;2-12;3-4;3-7;3-8;3-10;3-12;4-5;4-6;4-7;4-8;4-9;4-10;4-11;4-12;5-6;5-7;5-8;5-9;5-10;5-12;6-7;6-8;6-9;6-10;6-12;7-8;7-9;7-10;7-11;7-12;8-9;8-10;8-11;8-12;9-10;9-11;9-12;10-11;10-12;11-12,"1,0,1,1,1,0,1,1,1,1,1,1,0,1,1,0,0,1,1,0,1,1,1,1,1,0,1,1,1,1,1,0,1,1,0,0,1,1,0,1,0,1,1,1,1,1,1,1,1,1,1,1,1,1,1,0,1,1,1,1,1,0,1,1,1,1,1,1,1,1,1,1,1,1,1,1,1,1"
188,13,64,9,0-1;0-2;0-3;0-4;0-5;0-6;0-7;0-8;0-9;0-10;0-11;0-12;1-2;1-3;1-4;1-5;1-8;1-9;1-10;2-4;2-5;2-7;2-8;2-9;2-10;3-4;3-5;3-8;3-9;3-10;3-12;4-5;4-6;4-7;4-8;4-9;4-10;4-11;4-12;5-6;5-7;5-8;5-9;5-10;5-11;5-12;6-7;6-8;6-9;6-10;6-11;7-8;7-9;7-10;7-11;7-12;8-9;8-10;9-10;9-11;9-12;10-11;10-12;11-12,"1,1,1,1,1,1,1,1,1,1,1,1,1,1,1,1,0,0,1,1,1,0,0,0,1,1,0,1,1,1,1,0,0,1,1,0,0,1,1,1,0,1,1,1,1,1,1,1,1,1,1,1,1,1,1,1,1,1,1,1,1,1,0,1,1,1,1,1,1,1,0,0,1,1,1,1,1,1"
189,13,64,9,0-1;0-2;0-4;0-5;0-6;0-7;0-9;0-11;1-2;1-3;1-4;1-5;1-6;1-7;1-8;1-9;1-10;1-11;1-12;2-3;2-4;2-5;2-6;2-7;2-8;2-9;2-10;2-11;2-12;3-4;3-5;3-6;3-9;3-10;3-12;4-5;4-6;4-7;4-8;4-9;4-10;4-11;4-12;5-6;5-7;5-8;5-9;5-10;5-11;5-12;6-7;6-8;6-9;6-10;6-11;6-12;7-10;7-11;8-10;8-11;8-12;9-11;10-11;10-12,"1,1,0,1,1,1,1,0,1,0,1,0,1,1,1,1,1,1,1,1,1,1,1,1,1,1,1,1,1,1,1,1,1,1,1,1,0,0,1,1,0,1,1,1,1,1,1,1,1,1,1,1,1,1,1,1,1,1,1,1,1,1,1,0,0,1,1,0,0,1,1,1,0,1,0,1,1,0"
190,13,64,9,0-3;0-4;0-5;0-6;0-8;0-9;0-10;0-11;0-12;1-4;1-5;1-7;1-8;1-9;1-10;1-11;1-12;2-5;2-6;2-7;2-8;2-9;2-10;2-11;2-12;3-4;3-6;3-7;3-9;3-10;3-11;3-12;4-6;4-7;4-8;4-9;4-10;4-11;4-12;5-8;5-9;5-10;5-11;5-12;6-7;6-8;6-9;6-10;6-11;6-12;7-9;7-10;7-11;7-12;8-9;8-10;8-11;8-12;9-10;9-11;9-12;10-11;10-12;11-12,"0,0,1,1,1,1,0,1,1,1,1,1,0,0,1,1,0,1,1,1,1,1,1,0,0,1,1,1,1,1,1,1,1,1,0,1,1,0,1,1,1,1,0,1,1,1,1,1,1,1,0,0,1,1,1,1,1,1,1,1,1,1,1,0,1,1,1,1,1,1,1,1,1,1,1,1,1,1"
191,13,64,9,0-1;0-2;0-4;0-5;0-7;0-8;0-9;0-11;1-2;1-3;1-4;1-5;1-6;1-7;1-8;1-9;1-10;1-11;1-12;2-4;2-5;2-6;2-7;2-8;2-9;2-11;2-12;3-4;3-5;3-6;3-7;3-8;3-10;3-11;4-5;4-6;4-7;4-8;4-9;4-10;4-11;4-12;5-6;5-7;5-8;5-9;5-10;5-11;5-12;6-8;6-9;6-10;6-11;6-12;7-8;7-11;7-12;8-9;8-10;8-11;8-12;9-10;9-11;10-12,"1,1,0,1,1,0,1,1,1,0,1,0,1,1,1,1,1,1,1,1,1,1,1,0,1,1,1,1,1,1,0,1,1,1,1,1,1,1,0,1,1,0,1,1,1,1,1,1,1,1,1,1,1,1,1,1,1,0,1,1,1,1,1,1,0,0,1,1,1,1,1,1,1,1,0,0,1,0"
192,13,64,9,0-2;0-4;0-5;0-6;0-8;0-9;0-10;0-11;1-2;1-3;1-5;1-6;1-7;1-8;1-9;1-10;1-11;1-12;2-3;2-5;2-6;2-7;2-8;2-9;2-11;3-5;3-6;3-8;3-9;3-11;3-12;4-5;4-6;4-7;4-8;4-10;4-11;4-12;5-6;5-7;5-8;5-9;5-10;5-11;5-12;6-7;6-8;6-9;6-10;6-11;6-12;7-8;7-10;7-11;8-9;8-10;8-11;8-12;9-10;9-11;9-12;10-11;10-12;11-12,"0,1,0,1,1,1,0,1,1,1,1,0,1,1,0,1,1,1,1,1,1,1,1,1,0,1,1,1,1,1,0,1,0,0,1,1,0,1,1,0,1,1,1,1,1,1,0,1,1,1,1,1,1,1,1,1,1,1,1,1,1,1,1,1,0,1,1,0,1,1,1,1,1,1,1,1,1,1"
193,13,64,9,0-1;0-2;0-3;0-4;0-5;0-6;0-7;0-8;0-9;0-10;0-11;0-12;1-2;1-3;1-5;1-6;1-7;1-8;1-9;1-11;1-12;2-3;2-4;2-5;2-6;2-7;2-8;2-9;2-10;2-11;2-12;3-4;3-5;3-7;3-8;3-12;4-5;4-7;4-10;4-11;4-12;5-6;5-7;5-8;5-9;5-10;5-11;5-12;6-8;6-9;6-11;6-12;7-9;7-10;7-11;7-12;8-9;8-10;8-12;9-10;9-11;9-12;10-12;11-12,"1,1,1,1,1,1,1,1,1,1,1,1,1,1,0,1,1,1,1,1,0,1,1,1,1,1,1,1,1,1,1,1,1,1,1,0,1,1,0,0,0,1,1,0,1,0,0,1,1,1,1,1,1,1,1,1,1,0,1,1,0,1,1,0,1,1,1,1,1,1,0,1,1,1,1,0,1,1"
194,13,64,9,0-2;0-4;0-5;0-6;0-7;0-8;0-9;0-10;1-2;1-4;1-5;1-6;1-7;1-9;1-10;1-12;2-3;2-4;2-5;2-6;2-7;2-8;2-9;2-10;2-11;2-12;3-4;3-6;3-7;3-8;3-9;3-11;3-12;4-5;4-6;4-7;4-8;4-9;4-10;4-11;4-12;5-6;5-8;5-9;5-10;5-11;5-12;6-7;6-8;6-9;6-10;6-11;6-12;7-8;7-9;7-12;8-9;8-11;8-12;9-10;9-11;9-12;10-11;11-12,"0,1,0,1,1,1,1,1,1,1,0,0,1,0,1,1,1,1,0,1,1,0,1,1,1,1,1,1,1,1,1,1,1,1,0,1,1,1,1,0,1,1,1,1,1,1,1,1,1,1,1,0,1,1,1,1,1,1,1,1,1,1,1,1,1,0,0,1,1,0,1,1,1,1,1,1,0,1"
195,13,64,9,0-1;0-2;0-5;0-6;0-7;0-8;0-9;0-10;0-11;1-2;1-3;1-4;1-5;1-6;1-7;1-8;1-9;1-10;1-11;1-12;2-4;2-5;2-6;2-7;2-8;2-10;2-11;2-12;3-4;3-5;3-6;3-7;3-9;3-10;3-12;4-5;4-6;4-7;4-8;4-9;4-10;4-12;5-6;5-7;5-8;5-9;5-10;5-11;5-12;6-7;6-8;6-9;6-10;6-11;6-12;7-10;8-9;8-10;8-11;8-12;9-10;10-11;10-12;11-12,"1,1,0,0,1,1,1,1,1,1,1,0,1,1,1,1,1,1,1,1,1,1,1,0,1,1,1,1,1,0,1,1,1,1,1,1,1,0,1,1,0,1,1,1,1,1,1,1,0,1,1,1,1,1,1,1,1,1,1,1,1,1,1,0,0,1,0,0,1,1,1,1,1,0,0,1,1,1"
196,13,64,9,0-1;0-2;0-4;0-7;0-8;0-9;0-10;0-12;1-2;1-3;1-4;1-6;1-7;1-8;1-9;1-10;1-12;2-3;2-4;2-5;2-6;2-7;2-8;2-9;2-10;2-11;2-12;3-5;3-6;3-7;3-8;3-9;3-10;4-5;4-6;4-7;4-8;4-9;4-12;5-6;5-7;5-8;5-9;5-11;6-7;6-8;6-9;6-11;6-12;7-8;7-9;7-10;7-11;7-12;8-9;8-10;8-11;8-12;9-10;9-11;9-12;10-11;10-12;11-12,"1,1,0,1,0,0,1,1,1,1,0,1,1,1,1,0,1,1,1,1,1,0,1,1,1,1,1,1,1,1,1,1,1,0,1,1,1,1,1,1,0,0,1,1,1,1,1,0,0,1,1,1,1,1,0,1,0,1,1,1,0,1,1,1,1,1,1,1,1,1,1,1,1,1,1,1,1,1"
197,13,64,9,0-1;0-2;0-3;0-4;0-5;0-6;0-7;0-8;0-9;0-10;0-11;0-12;1-2;1-3;1-4;1-5;1-6;1-7;1-8;1-11;1-12;2-3;2-4;2-5;2-7;2-8;2-10;2-12;3-4;3-5;3-6;3-7;3-8;3-9;3-10;3-11;3-12;4-5;4-6;4-7;4-9;5-6;5-7;5-8;5-9;5-10;5-11;5-12;6-7;6-9;6-10;6-11;6-12;7-8;7-9;7-10;7-11;7-12;8-11;8-12;9-10;9-11;10-12;11-12,"1,1,1,1,1,1,1,1,1,1,1,1,1,1,1,1,1,1,1,0,0,1,1,1,1,1,0,1,1,0,1,0,1,1,1,1,1,1,1,1,1,1,1,1,1,0,1,0,0,0,1,1,1,1,1,1,1,1,0,1,1,1,1,1,1,1,1,1,0,0,1,1,1,1,0,0,1,1"
198,13,64,9,0-1;0-2;0-3;0-4;0-5;0-6;0-7;0-8;0-9;0-10;0-11;0-12;1-2;1-3;1-4;1-8;1-9;1-11;1-12;2-3;2-4;2-5;2-6;2-7;2-8;2-9;2-10;2-11;2-12;3-4;3-6;3-7;3-10;3-11;3-12;4-5;4-6;4-7;4-8;4-11;4-12;5-6;5-7;5-8;5-9;5-11;5-12;6-7;6-11;6-12;7-8;7-10;7-11;7-12;8-9;8-10;8-11;8-12;9-10;9-11;9-12;10-11;10-12;11-12,"1,1,1,1,1,1,1,1,1,1,1,1,1,1,1,0,0,0,1,1,0,1,1,1,1,1,1,1,1,1,1,1,1,1,0,1,1,0,0,1,1,1,1,1,1,1,0,0,1,1,1,1,1,1,0,1,1,1,0,0,0,1,1,1,0,1,1,1,1,1,1,1,1,1,1,1,1,1"
199,13,64,9,0-1;0-3;0-5;0-6;0-7;0-8;0-10;0-11;0-12;1-2;1-4;1-5;1-6;1-7;1-8;1-10;1-11;1-12;2-3;2-4;2-5;2-7;2-8;2-10;2-11;3-5;3-7;3-8;3-9;3-10;3-11;4-5;4-6;4-7;4-8;4-9;4-11;4-12;5-6;5-7;5-8;5-9;5-10;5-11;5-12;6-7;6-8;6-11;6-12;7-8;7-9;7-10;7-11;7-12;8-9;8-10;8-11;8-12;9-10;9-11;9-12;10-11;10-12;11-12,"1,0,1,0,1,1,1,1,0,1,1,1,1,0,1,1,1,1,1,0,1,1,1,1,1,1,0,1,1,0,1,1,0,0,1,0,1,1,1,1,1,0,1,1,1,1,1,0,1,1,1,1,1,1,1,1,1,1,1,0,0,1,1,1,1,1,1,1,1,1,1,1,1,1,1,1,1,1"
200,13,64,9,0-2;0-3;0-4;0-5;0-7;0-10;0-11;0-12;1-2;1-3;1-4;1-5;1-7;1-9;1-11;1-12;2-3;2-4;2-6;2-7;2-11;2-12;3-4;3-5;3-6;3-7;3-8;3-9;3-10;3-11;3-12;4-5;4-6;4-7;4-8;4-9;4-10;4-11;4-12;5-8;5-9;5-10;5-11;5-12;6-7;6-8;6-9;6-10;6-11;6-12;7-9;7-10;7-11;7-12;8-9;8-10;8-11;8-12;9-10;9-11;9-12;10-11;10-12;11-12,"0,1,1,1,1,0,1,0,0,1,1,1,1,1,1,1,0,1,0,1,0,1,1,1,1,0,1,1,0,0,0,1,1,1,1,1,1,1,1,1,1,1,1,1,1,1,1,1,1,1,0,0,1,1,1,1,1,1,1,1,1,1,1,0,1,1,1,1,1,1,1,1,1,1,1,1,1,1"
201,13,64,9,0-2;0-4;0-5;0-6;0-8;0-9;0-10;0-11;1-3;1-4;1-6;1-7;1-8;1-9;1-10;1-12;2-3;2-4;2-5;2-6;2-8;2-9;2-10;2-11;2-12;3-5;3-6;3-8;3-9;3-10;3-12;4-6;4-8;4-9;4-10;4-11;4-12;5-6;5-7;5-8;5-9;5-10;5-11;6-7;6-8;6-9;6-10;6-11;6-12;7-8;7-9;7-10;7-11;7-12;8-9;8-10;8-11;8-12;9-10;9-11;9-12;10-11;10-12;11-12,"0,1,0,1,1,1,0,1,1,1,1,0,0,1,1,0,1,1,1,1,1,0,1,1,1,1,1,0,1,1,1,1,1,0,1,1,0,1,1,1,0,1,0,1,0,1,1,1,1,1,1,1,1,1,1,1,0,1,1,1,1,1,1,1,1,1,1,1,1,1,1,1,1,1,1,1,1,1"
202,13,64,9,0-1;0-3;0-4;0-5;0-7;0-9;0-10;0-11;1-2;1-3;1-4;1-5;1-6;1-7;1-10;1-11;1-12;2-3;2-4;2-5;2-6;2-7;2-8;2-10;2-11;2-12;3-4;3-5;3-7;3-8;3-10;3-12;4-5;4-6;4-7;4-8;4-9;4-10;4-11;4-12;5-6;5-7;5-8;5-9;5-10;5-11;5-12;6-7;6-9;6-10;6-11;6-12;7-8;7-9;7-10;7-11;7-12;8-9;8-10;8-11;9-10;9-11;10-11;10-12,"1,0,1,1,1,0,1,0,1,1,1,0,1,1,1,1,1,1,0,0,1,1,1,1,1,1,1,1,1,0,1,1,1,1,1,0,1,1,0,1,0,1,1,1,1,1,1,1,1,1,1,1,1,1,1,1,1,1,0,1,1,1,1,1,1,1,1,1,1,1,1,0,1,1,0,1,1,0"
203,13,64,9,0-1;0-2;0-3;0-5;0-6;0-7;0-9;0-11;0-12;1-2;1-3;1-5;1-6;1-8;1-9;1-10;1-11;1-12;2-3;2-4;2-9;2-10;2-11;2-12;3-4;3-5;3-6;3-7;3-8;3-9;3-10;3-11;3-12;4-7;4-8;4-9;4-10;4-11;4-12;5-6;5-7;5-8;5-9;5-10;5-11;5-12;6-8;6-9;6-11;6-12;7-9;7-10;7-11;7-12;8-9;8-10;8-11;8-12;9-10;9-11;9-12;10-11;10-12;11-12,"1,1,1,0,1,1,1,0,1,0,1,1,1,1,0,1,1,0,1,1,1,1,1,1,1,0,0,0,0,1,1,1,1,1,1,1,1,1,1,1,1,1,0,0,1,1,1,1,1,1,1,1,1,1,1,1,1,0,1,1,0,1,1,0,1,1,1,1,1,1,1,1,1,1,1,1,1,1"
204,13,64,9,0-1;0-3;0-4;0-5;0-6;0-7;0-10;0-11;0-12;1-2;1-3;1-4;1-5;1-6;1-7;1-8;1-9;1-10;1-11;1-12;2-3;2-4;2-5;2-6;2-7;2-8;2-9;2-10;2-11;3-4;3-5;3-6;3-7;3-8;3-10;3-12;4-5;4-6;4-7;4-8;4-11;4-12;5-6;5-7;5-8;5-9;5-10;5-11;5-12;6-7;6-8;6-9;6-10;6-11;6-12;7-8;7-9;7-10;7-11;7-12;8-9;8-12;9-10;9-11,"1,0,1,1,1,1,1,0,0,1,1,1,1,1,1,1,1,1,1,1,1,1,1,1,1,1,1,1,1,1,1,1,0,1,1,1,1,1,0,1,0,1,1,1,1,1,0,0,1,1,1,1,1,1,1,1,1,1,1,1,1,1,1,1,1,1,1,1,1,0,0,1,1,1,0,0,0,0"
205,13,64,9,0-2;0-3;0-4;0-5;0-6;0-7;0-9;0-10;0-11;0-12;1-3;1-4;1-5;1-6;1-7;1-8;1-10;1-11;1-12;2-4;2-5;2-7;2-8;2-9;2-10;2-11;2-12;3-4;3-5;3-9;3-10;3-11;3-12;4-5;4-6;4-7;4-8;4-9;4-10;4-11;4-12;5-6;5-7;5-8;5-9;5-10;5-11;5-12;6-7;6-9;6-11;6-12;7-8;7-10;7-11;7-12;8-10;8-11;8-12;9-11;9-12;10-11;10-12;11-12,"0,1,1,1,1,1,1,0,1,1,1,1,0,1,1,1,1,1,1,0,1,1,1,0,1,1,0,1,1,1,1,1,1,1,1,0,0,0,1,1,1,1,1,1,1,1,1,1,1,1,1,1,1,1,1,1,1,1,0,1,0,1,1,1,0,1,1,1,0,1,1,1,0,1,1,1,1,1"
206,13,64,9,0-1;0-2;0-3;0-4;0-5;0-6;0-7;0-8;0-9;0-10;0-11;0-12;1-2;1-4;1-6;1-7;1-10;1-11;1-12;2-3;2-4;2-5;2-6;2-7;2-8;2-9;2-10;2-11;2-12;3-5;3-6;3-7;3-8;3-10;3-11;3-12;4-5;4-6;4-7;4-8;4-9;4-11;5-6;5-7;5-8;5-11;6-7;6-8;6-9;6-10;6-11;6-12;7-8;7-9;7-10;7-11;7-12;8-9;8-11;8-12;9-10;9-12;10-12;11-12,"1,1,1,1,1,1,1,1,1,1,1,1,1,0,1,0,1,1,0,0,1,1,1,1,1,1,1,1,1,1,1,1,1,0,1,1,1,1,0,1,1,1,1,1,1,1,1,0,1,0,1,1,1,0,0,1,0,1,1,1,1,1,1,1,1,1,1,1,1,0,1,1,1,0,1,0,1,1"
207,13,64,9,0-2;0-4;0-6;0-7;0-8;0-10;0-11;0-12;1-3;1-4;1-6;1-7;1-8;1-9;1-10;1-11;1-12;2-3;2-5;2-6;2-7;2-8;2-9;2-10;2-11;3-5;3-6;3-7;3-8;3-9;3-10;3-11;3-12;4-5;4-7;4-8;4-10;4-11;4-12;5-7;5-8;5-10;5-11;5-12;6-7;6-8;6-9;6-10;6-11;6-12;7-8;7-9;7-10;7-11;7-12;8-9;8-10;8-11;8-12;9-10;9-11;10-11;10-12;11-12,"0,1,0,1,0,1,1,1,0,1,1,1,0,1,1,0,1,1,1,1,1,1,1,1,0,1,1,1,1,1,1,1,0,0,1,1,1,1,1,1,1,1,1,0,1,1,0,1,1,1,0,1,1,0,1,1,1,1,1,1,1,1,1,1,1,1,1,1,1,1,1,1,1,1,0,1,1,1"
208,13,64,9,0-1;0-2;0-3;0-4;0-5;0-6;0-7;0-10;0-12;1-2;1-4;1-5;1-6;1-7;1-9;1-12;2-3;2-4;2-5;2-6;2-7;2-8;2-9;2-10;2-11;2-12;3-4;3-5;3-6;3-7;3-8;3-11;4-5;4-6;4-7;4-8;4-9;4-10;4-11;4-12;5-6;5-7;5-8;5-9;5-10;5-11;5-12;6-7;6-9;6-11;6-12;7-8;7-9;7-10;7-11;7-12;8-9;8-10;8-11;9-11;9-12;10-11;10-12;11-12,"1,1,1,1,1,1,1,0,0,1,0,1,1,0,1,1,1,1,0,1,0,0,1,1,1,1,1,1,1,1,1,1,1,1,1,1,1,1,0,0,1,0,1,1,1,1,1,1,1,1,1,1,1,1,1,1,1,1,0,1,0,1,1,1,1,1,1,1,1,1,1,0,0,1,1,1,1,1"
209,13,64,9,0-1;0-5;0-6;0-7;0-8;0-9;0-11;0-12;1-2;1-3;1-4;1-5;1-6;1-7;1-8;1-9;1-10;1-11;1-12;2-3;2-5;2-6;2-7;2-8;2-9;2-10;3-4;3-5;3-6;3-7;3-8;3-9;3-10;3-12;4-5;4-6;4-8;4-9;4-11;4-12;5-6;5-7;5-8;5-9;5-10;5-11;5-12;6-7;6-8;6-9;6-10;6-11;6-12;7-8;7-9;7-10;7-12;8-9;8-10;8-11;8-12;10-11;10-12;11-12,"1,0,0,0,1,1,1,1,1,0,1,1,1,1,1,1,1,1,1,1,1,1,1,1,0,1,1,1,1,1,1,0,0,1,1,1,1,1,1,1,0,1,1,1,0,1,1,0,1,1,1,1,1,1,1,1,1,1,1,1,1,1,1,1,1,1,0,1,1,1,1,1,0,0,0,1,1,1"
210,13,64,9,0-2;0-3;0-4;0-5;0-6;0-7;0-9;0-10;1-2;1-3;1-4;1-5;1-6;1-7;1-8;1-12;2-3;2-4;2-5;2-6;2-7;2-9;2-10;2-12;3-4;3-5;3-6;3-7;3-8;3-9;3-10;3-11;3-12;4-5;4-6;4-7;4-8;4-9;4-10;4-11;4-12;5-6;5-7;5-9;5-11;6-7;6-8;6-9;6-10;6-11;6-12;7-8;7-9;7-10;7-11;7-12;8-10;8-11;8-12;9-10;9-11;9-12;10-12;11-12,"0,1,1,1,1,1,1,0,1,1,0,0,1,1,1,1,1,1,1,0,0,0,1,1,1,1,1,1,0,1,1,0,1,1,1,1,1,1,1,1,1,1,1,1,1,1,1,1,1,1,1,1,0,1,0,1,0,1,1,1,1,1,1,1,1,1,1,1,0,1,1,1,1,1,1,0,1,1"
211,13,64,9,0-3;0-4;0-5;0-6;0-9;0-10;0-11;0-12;1-4;1-5;1-7;1-8;1-9;1-10;1-11;1-12;2-5;2-6;2-7;2-8;2-9;2-10;2-11;2-12;3-4;3-6;3-8;3-9;3-10;3-11;3-12;4-6;4-7;4-8;4-9;4-10;4-11;4-12;5-7;5-9;5-10;5-11;5-12;6-7;6-8;6-9;6-10;6-11;6-12;7-8;7-9;7-10;7-11;7-12;8-9;8-10;8-11;8-12;9-10;9-11;9-12;10-11;10-12;11-12,"0,0,1,1,1,1,0,0,1,1,1,1,0,0,1,1,0,1,1,1,1,1,1,0,0,1,1,1,1,1,1,1,1,1,0,1,0,1,1,1,1,1,0,1,1,1,1,1,1,1,0,1,0,1,1,1,1,1,1,1,1,1,1,1,1,1,1,1,1,1,1,1,1,1,1,1,1,1"
212,13,64,9,0-1;0-2;0-3;0-4;0-5;0-6;0-7;0-8;0-9;0-10;0-11;0-12;1-2;1-3;1-4;1-5;1-6;1-7;1-8;1-9;1-10;1-11;1-12;2-3;2-6;2-7;2-8;2-9;2-11;3-4;3-5;3-6;3-7;3-8;3-9;3-10;3-11;3-12;4-5;4-7;4-8;4-9;4-10;4-11;4-12;5-7;5-9;5-11;5-12;6-8;6-9;6-11;6-12;7-8;7-9;7-10;7-11;8-9;8-10;8-11;9-11;10-11;10-12;11-12,"1,1,1,1,1,1,1,1,1,1,1,1,1,1,1,1,1,1,1,1,1,1,1,1,0,0,1,1,1,1,0,1,0,1,1,1,1,1,1,1,1,1,1,0,1,1,1,1,1,1,0,1,0,1,0,1,1,0,1,1,0,1,1,1,1,1,1,0,1,1,1,0,0,1,0,1,1,1"
213,13,64,9,0-1;0-4;0-5;0-6;0-7;0-9;0-10;0-12;1-2;1-3;1-4;1-5;1-6;1-8;1-9;1-10;1-12;2-3;2-4;2-5;2-7;2-8;2-9;2-10;3-4;3-5;3-6;3-8;3-9;3-10;3-11;3-12;4-5;4-6;4-7;4-8;4-9;4-10;4-11;4-12;5-6;5-7;5-8;5-9;5-10;5-11;5-12;6-8;6-9;6-10;6-11;6-12;7-8;7-9;7-10;7-11;8-9;8-10;8-11;9-10;9-11;9-12;10-11;10-12,"1,0,0,1,1,1,1,0,1,1,0,1,1,1,1,1,1,0,1,1,1,0,1,1,1,1,0,1,1,1,1,0,0,1,1,1,0,1,1,1,1,1,1,1,1,1,1,1,1,1,1,1,1,1,1,1,1,0,1,1,1,1,1,1,1,1,1,0,1,1,1,0,1,1,1,1,1,0"
214,13,64,9,0-4;0-6;0-7;0-8;0-9;0-10;0-11;0-12;1-2;1-3;1-5;1-6;1-7;1-8;1-9;1-11;2-3;2-6;2-7;2-8;2-10;2-11;2-12;3-4;3-5;3-6;3-7;3-8;3-10;3-11;3-12;4-5;4-6;4-7;4-8;4-9;4-10;4-11;4-12;5-6;5-7;5-8;5-10;5-11;6-7;6-8;6-9;6-10;6-11;6-12;7-8;7-9;7-10;7-11;7-12;8-9;8-10;8-11;8-12;9-11;9-12;10-11;10-12;11-12,"0,0,0,1,0,1,1,1,1,1,1,1,1,1,0,1,1,1,1,1,0,1,0,1,0,0,1,1,1,0,1,1,1,1,1,1,1,1,0,1,1,1,1,1,1,1,1,1,1,1,1,1,1,0,1,1,0,1,1,1,1,1,1,1,1,1,1,1,1,1,1,1,0,1,1,1,1,1"
215,13,64,9,0-1;0-2;0-4;0-5;0-6;0-7;0-8;0-9;0-10;0-11;1-2;1-3;1-4;1-5;1-6;1-7;1-8;1-9;1-10;1-11;1-12;2-4;2-5;2-6;2-8;2-9;2-11;3-4;3-5;3-6;3-8;3-10;3-11;3-12;4-5;4-7;4-8;4-11;5-6;5-7;5-8;5-9;5-10;5-11;5-12;6-8;6-9;6-10;6-11;6-12;7-8;7-9;7-10;7-11;8-9;8-10;8-11;8-12;9-10;9-11;9-12;10-11;10-12;11-12,"1,1,0,1,1,1,1,1,1,1,1,0,1,1,1,1,1,1,1,1,1,1,1,0,1,1,1,0,1,1,0,1,0,1,1,1,0,1,0,1,1,1,1,0,1,1,0,0,1,0,1,1,1,1,1,1,1,0,1,1,1,1,1,1,1,1,1,0,1,1,1,1,1,1,1,1,1,1"
216,13,64,9,0-1;0-2;0-5;0-6;0-7;0-8;0-9;0-11;1-2;1-3;1-5;1-7;1-8;1-9;1-10;1-11;1-12;2-3;2-4;2-5;2-6;2-7;2-8;2-9;2-10;2-11;2-12;3-4;3-5;3-7;3-8;3-9;3-10;3-11;3-12;4-5;4-6;4-7;4-8;4-10;4-12;5-6;5-7;5-8;5-9;5-10;5-11;5-12;6-7;6-8;6-9;6-11;7-8;7-9;7-10;7-11;7-12;8-9;8-10;8-11;8-12;9-10;9-11;11-12,"1,1,0,0,1,1,1,1,1,0,1,0,1,1,0,1,0,1,1,1,1,1,1,1,1,1,1,1,1,1,1,1,1,1,1,0,1,1,1,1,1,1,1,1,1,1,0,1,0,1,1,1,1,1,1,1,1,1,1,1,0,1,0,1,1,1,1,1,1,1,1,1,1,1,0,0,0,1"
217,13,64,9,0-1;0-2;0-3;0-4;0-5;0-6;0-7;0-8;0-9;0-10;0-11;0-12;1-2;1-4;1-6;1-7;1-8;1-11;1-12;2-3;2-4;2-5;2-6;2-7;2-8;2-9;2-10;2-11;2-12;3-5;3-6;3-7;3-8;3-9;3-10;3-11;3-12;4-5;4-6;4-7;4-9;4-12;5-7;5-10;5-11;5-12;6-7;6-8;6-9;6-11;6-12;7-8;7-9;7-10;7-11;7-12;8-9;8-10;8-11;8-12;9-12;10-11;10-12;11-12,"1,1,1,1,1,1,1,1,1,1,1,1,1,0,1,0,1,1,1,0,0,1,1,1,1,1,1,1,1,1,1,1,1,0,1,1,1,1,1,1,1,1,1,1,1,0,1,0,0,1,0,1,0,0,1,1,1,1,1,1,0,1,1,1,1,1,1,1,1,1,1,1,0,0,1,1,1,1"
218,13,64,9,0-1;0-2;0-3;0-4;0-5;0-6;0-7;0-8;0-9;0-10;0-11;0-12;1-3;1-4;1-6;1-8;1-9;1-11;1-12;2-4;2-5;2-6;2-7;2-8;2-9;2-11;3-4;3-5;3-6;3-8;3-9;3-10;3-11;3-12;4-5;4-6;4-7;4-8;4-9;4-10;4-11;4-12;5-6;5-7;5-9;5-10;5-11;5-12;6-7;6-8;6-9;6-10;6-11;6-12;7-9;7-11;7-12;8-10;8-11;9-11;9-12;10-11;10-12;11-12,"1,1,1,1,1,1,1,1,1,1,1,1,0,1,1,0,1,0,1,1,0,1,1,0,1,1,1,1,1,1,0,1,0,1,1,1,0,1,1,1,1,1,1,1,1,1,1,1,1,1,1,1,0,1,1,1,1,1,1,1,1,1,1,0,1,0,1,1,0,1,1,0,0,1,1,1,1,1"
219,13,64,9,0-1;0-2;0-3;0-4;0-5;0-6;0-7;0-8;0-9;0-10;0-11;0-12;1-2;1-3;1-4;1-5;1-6;1-7;1-8;1-9;1-10;1-11;1-12;2-4;2-5;2-7;2-8;2-10;2-11;3-4;3-5;3-6;3-7;3-8;3-9;3-11;3-12;4-5;4-7;4-8;4-9;4-10;4-11;5-6;5-7;5-8;5-11;5-12;6-7;6-8;6-11;6-12;7-8;7-9;7-10;7-11;7-12;8-9;8-10;8-11;8-12;9-10;9-11;10-12,"1,1,1,1,1,1,1,1,1,1,1,1,1,1,1,1,1,1,1,1,1,1,1,0,1,1,0,1,1,0,1,1,0,1,1,1,1,1,1,0,1,1,1,0,1,1,1,1,1,0,1,1,1,0,0,1,1,1,1,0,0,1,1,1,1,1,1,1,1,1,1,1,1,1,0,0,1,0"
220,13,64,9,0-1;0-2;0-3;0-4;0-5;0-6;0-7;0-8;0-9;0-11;1-2;1-3;1-4;1-5;1-6;1-7;1-8;1-9;1-10;1-11;1-12;2-3;2-5;2-6;2-7;2-8;2-10;2-11;2-12;3-6;3-7;3-8;3-11;3-12;4-5;4-6;4-7;4-9;4-11;4-12;5-6;5-7;5-8;5-9;5-10;5-11;6-7;6-8;6-9;6-10;6-11;6-12;7-8;7-9;7-10;7-11;7-12;8-9;8-10;8-11;9-11;10-11;10-12;11-12,"1,1,1,1,1,1,1,1,1,0,1,0,1,1,1,1,1,1,1,1,1,1,1,1,0,1,1,1,1,0,1,1,1,0,0,1,1,1,0,0,1,1,1,1,1,0,1,0,1,1,1,1,1,1,1,1,0,1,1,1,1,1,1,1,1,1,1,1,1,1,1,0,0,1,0,1,1,1"
221,13,64,9,0-1;0-2;0-3;0-4;0-5;0-6;0-7;0-8;0-9;0-10;0-11;0-12;1-2;1-3;1-4;1-5;1-7;1-8;1-9;2-3;2-4;2-5;2-6;2-7;2-8;2-9;2-10;2-11;2-12;3-4;3-5;3-6;3-7;3-8;3-9;3-10;3-11;3-12;4-5;4-7;4-8;4-9;4-10;4-11;5-8;5-11;5-12;6-7;6-8;6-9;6-10;6-12;7-8;7-9;7-10;7-12;8-9;8-10;8-11;8-12;9-10;9-11;10-11;10-12,"1,1,1,1,1,1,1,1,1,1,1,1,1,1,1,1,0,1,1,1,0,0,0,1,1,1,1,1,1,1,1,1,1,1,1,1,1,1,1,1,1,1,1,0,1,1,1,1,1,0,0,0,1,0,0,1,1,1,1,1,1,0,1,1,1,1,0,1,1,1,1,1,1,1,0,1,1,0"
222,13,64,9,0-1;0-2;0-3;0-4;0-5;0-6;0-7;0-10;0-11;0-12;1-2;1-3;1-4;1-5;1-7;1-8;1-10;1-11;1-12;2-3;2-4;2-5;2-6;2-7;2-8;2-10;2-12;3-4;3-5;3-6;3-7;3-8;3-9;3-10;3-11;3-12;4-5;4-6;4-7;4-8;4-9;4-12;5-6;5-7;5-8;5-9;5-10;5-11;5-12;6-7;6-9;6-12;7-8;7-9;7-10;7-11;7-12;8-9;8-12;9-11;9-12;10-11;10-12;11-12,"1,1,1,1,1,1,1,0,0,1,1,1,1,1,1,1,0,1,1,0,1,1,1,1,1,1,1,1,1,0,1,0,1,1,1,1,1,1,1,1,1,1,1,1,1,1,1,0,0,1,1,1,1,1,1,1,1,1,0,1,0,0,1,1,1,1,1,1,1,0,0,1,0,1,1,1,1,1"
223,13,64,9,0-1;0-2;0-3;0-4;0-5;0-6;0-7;0-8;0-9;0-10;0-11;0-12;1-2;1-3;1-4;1-5;1-6;1-8;1-9;1-10;1-12;2-3;2-8;2-9;2-10;2-11;2-12;3-4;3-5;3-6;3-7;3-8;3-9;3-10;3-11;3-12;4-5;4-6;4-7;4-8;4-9;4-10;4-12;5-7;5-9;5-10;5-12;6-8;6-9;6-10;6-11;7-9;7-10;7-11;7-12;8-9;8-10;8-11;8-12;9-10;9-11;9-12;10-11;10-12,"1,1,1,1,1,1,1,1,1,1,1,1,1,1,1,1,1,0,1,1,1,0,1,1,0,0,0,0,1,1,1,1,1,1,1,1,1,1,1,1,1,1,1,1,1,1,1,1,0,1,0,1,0,1,1,0,1,0,1,1,1,1,0,0,1,1,1,1,1,1,1,1,1,1,1,1,1,0"
224,13,64,9,0-1;0-2;0-3;0-4;0-5;0-6;0-7;0-8;0-9;0-10;1-2;1-3;1-5;1-6;1-7;1-8;1-10;1-11;1-12;2-3;2-6;2-7;2-8;2-9;2-10;2-11;2-12;3-4;3-5;3-6;3-7;3-8;3-9;3-10;3-11;3-12;4-5;4-6;4-7;4-8;4-9;4-11;5-6;5-7;5-8;5-10;6-7;6-8;6-9;6-10;6-11;6-12;7-8;7-9;7-10;7-11;7-12;8-9;8-10;8-11;8-12;9-10;10-12;11-12,"1,1,1,1,1,1,1,1,1,1,0,0,1,1,0,1,1,1,1,0,1,1,1,1,0,0,1,1,1,1,1,1,1,1,1,1,1,1,1,1,1,1,1,1,1,1,1,0,1,0,1,1,1,0,1,0,0,1,1,1,1,1,1,1,1,1,1,1,1,1,1,1,1,0,0,0,1,1"
225,13,64,9,0-1;0-5;0-6;0-7;0-9;0-10;0-11;0-12;1-3;1-4;1-5;1-6;1-7;1-8;1-9;1-10;1-12;2-3;2-4;2-5;2-7;2-9;2-10;2-11;2-12;3-4;3-5;3-6;3-7;3-8;3-9;3-10;3-12;4-5;4-7;4-8;4-9;4-10;4-11;4-12;5-6;5-7;5-8;5-9;5-10;5-11;5-12;6-7;6-9;6-10;6-12;7-9;7-10;7-12;8-9;8-10;8-11;8-12;9-10;9-11;9-12;10-11;10-12;11-12,"1,0,0,0,1,1,1,0,1,1,1,1,0,1,1,1,1,1,1,1,1,0,1,1,1,1,0,1,0,1,1,1,1,1,1,1,1,1,1,1,0,1,1,0,1,1,1,1,1,1,1,1,1,1,1,1,1,1,0,1,1,0,1,0,1,1,0,1,1,1,1,1,1,1,1,1,1,1"
226,13,64,9,0-1;0-2;0-3;0-4;0-5;0-6;0-7;0-8;0-9;0-10;0-11;0-12;1-2;1-3;1-4;1-6;1-8;1-9;1-11;2-4;2-5;2-6;2-8;2-9;2-10;2-11;2-12;3-4;3-5;3-6;3-7;3-8;3-9;4-5;4-6;4-7;4-8;4-9;4-10;4-11;4-12;5-6;5-8;5-9;5-12;6-8;6-9;6-11;6-12;7-8;7-9;7-10;7-11;7-12;8-9;8-10;8-11;8-12;9-10;9-11;9-12;10-11;10-12;11-12,"1,1,1,1,1,1,1,1,1,1,1,1,1,1,1,0,1,0,1,1,0,1,0,0,1,1,1,0,1,1,1,1,1,1,1,1,1,1,1,0,0,0,1,1,1,1,1,1,1,1,1,0,1,1,0,0,1,0,1,1,0,1,1,1,1,1,1,1,1,1,1,1,1,1,1,1,1,1"
227,13,64,9,0-2;0-3;0-5;0-6;0-7;0-8;0-9;0-12;1-2;1-4;1-5;1-6;1-7;1-8;1-9;1-10;1-11;1-12;2-3;2-5;2-6;2-7;2-8;2-9;2-11;2-12;3-4;3-5;3-6;3-8;3-11;3-12;4-5;4-6;4-7;4-8;4-10;4-12;5-6;5-7;5-8;5-9;5-10;5-11;5-12;6-7;6-8;6-9;6-10;6-11;6-12;7-8;7-9;7-10;7-12;8-9;8-10;8-11;8-12;9-10;9-11;9-12;10-12;11-12,"0,1,1,0,1,1,1,1,1,0,0,1,1,0,1,1,1,1,1,1,1,1,1,1,0,1,1,1,1,1,0,1,1,1,1,1,0,1,0,0,1,1,1,1,1,1,0,1,0,1,1,1,1,1,1,1,1,1,1,1,1,1,1,1,1,1,0,1,1,1,1,1,1,1,1,0,1,1"
228,13,64,9,0-1;0-2;0-3;0-4;0-5;0-6;0-7;0-8;0-9;0-11;1-2;1-3;1-4;1-5;1-7;1-10;1-11;2-3;2-4;2-5;2-6;2-7;2-8;2-9;2-10;2-11;2-12;3-4;3-5;3-6;3-7;3-9;3-10;3-11;4-5;4-6;4-7;4-8;4-9;4-10;4-11;4-12;5-6;5-7;5-8;5-10;5-11;6-7;6-8;6-9;6-11;6-12;7-8;7-9;7-10;7-11;7-12;8-11;8-12;9-11;9-12;10-11;10-12;11-12,"1,1,1,1,1,1,1,1,1,0,1,0,1,1,1,1,0,1,0,0,1,1,0,1,1,1,1,1,1,1,1,1,1,1,1,1,1,0,1,1,1,0,1,1,1,1,1,1,1,1,1,1,1,0,1,1,0,1,1,1,0,1,1,1,1,1,1,1,0,0,1,1,0,1,1,1,1,1"
229,13,64,9,0-1;0-3;0-4;0-5;0-6;0-7;0-8;0-9;0-10;0-11;1-2;1-3;1-4;1-5;1-6;1-7;1-8;1-9;1-10;1-11;1-12;2-3;2-4;2-5;2-7;2-9;2-10;2-12;3-4;3-5;3-6;3-7;3-8;3-9;3-10;3-11;3-12;4-5;4-6;4-7;4-8;4-9;4-10;4-11;4-12;5-6;5-7;5-8;5-9;5-10;5-11;5-12;6-7;6-9;6-11;7-8;7-9;7-10;8-10;8-12;9-10;9-11;10-12;11-12,"1,0,1,1,1,1,1,1,1,1,1,0,1,1,1,1,1,1,1,1,1,1,1,1,1,1,0,1,0,1,1,0,1,1,1,1,1,1,1,1,1,1,1,1,1,1,1,1,1,1,1,1,1,1,1,1,1,1,0,1,0,1,0,1,1,1,0,0,0,1,0,1,1,1,0,0,1,1"
230,13,64,9,0-1;0-2;0-3;0-4;0-5;0-6;0-7;0-8;0-9;0-10;0-11;0-12;1-3;1-5;1-6;1-7;1-8;1-9;1-10;1-11;1-12;2-4;2-5;2-6;2-8;2-9;2-10;2-11;3-4;3-5;3-6;3-7;3-9;3-10;3-11;3-12;4-7;4-9;4-10;4-11;4-12;5-6;5-8;5-9;5-10;5-11;5-12;6-7;6-8;6-9;6-10;6-11;7-9;7-10;7-11;8-9;8-10;8-11;9-10;9-11;9-12;10-11;10-12;11-12,"1,1,1,1,1,1,1,1,1,1,1,1,0,1,0,1,1,1,1,1,1,1,1,0,1,1,1,0,1,1,1,1,0,1,1,1,1,0,1,1,1,1,0,0,1,0,1,1,1,1,1,0,1,1,1,1,1,1,1,1,1,1,0,0,1,1,1,0,1,1,1,0,1,1,1,1,1,1"
231,13,64,9,0-1;0-2;0-3;0-4;0-5;0-6;0-7;0-8;0-9;0-10;0-11;0-12;1-3;1-4;1-5;1-6;1-7;1-8;1-9;1-10;1-12;2-3;2-4;2-5;2-7;2-8;2-11;2-12;3-4;3-5;3-6;3-7;3-8;3-9;3-10;3-11;3-12;4-5;4-6;4-7;4-8;4-9;4-10;4-11;4-12;5-6;5-7;5-8;5-9;5-10;5-11;5-12;6-8;6-9;6-12;7-9;7-10;7-11;7-12;8-10;9-10;9-11;9-12;11-12,"1,1,1,1,1,1,1,1,1,1,1,1,0,1,1,1,1,1,1,1,1,0,1,1,1,1,0,1,1,0,0,1,1,1,1,1,1,1,1,1,1,1,1,1,1,1,1,1,1,1,1,1,1,1,1,1,1,0,1,1,0,0,1,0,1,1,1,1,0,1,0,0,1,1,1,0,0,1"
232,13,64,9,0-2;0-4;0-5;0-6;0-8;0-9;0-10;0-11;0-12;1-3;1-4;1-6;1-7;1-8;1-9;1-10;1-11;1-12;2-4;2-5;2-7;2-9;2-10;2-11;2-12;3-5;3-6;3-7;3-8;3-9;3-10;3-11;3-12;4-6;4-7;4-9;4-10;4-11;4-12;5-7;5-8;5-9;5-10;5-11;5-12;6-8;6-9;6-10;6-11;6-12;7-9;7-10;7-11;7-12;8-9;8-10;8-11;8-12;9-10;9-11;9-12;10-11;10-12;11-12,"0,1,0,1,1,1,0,1,1,1,1,1,0,1,1,0,1,1,1,1,1,1,1,0,1,1,0,1,0,1,1,1,1,0,1,1,1,1,1,1,1,1,0,1,1,0,1,1,1,1,0,1,1,1,1,1,1,0,1,1,1,1,1,0,1,1,1,1,1,1,1,1,1,1,1,1,1,1"
233,13,64,9,0-2;0-3;0-4;0-5;0-6;0-7;0-8;0-11;0-12;1-4;1-5;1-6;1-8;1-9;1-10;1-11;1-12;2-3;2-4;2-5;2-6;2-7;2-8;2-10;2-12;3-4;3-5;3-6;3-7;3-8;3-9;3-11;4-5;4-6;4-7;4-8;4-9;4-10;4-11;4-12;5-6;5-7;5-8;5-9;5-10;5-11;5-12;6-7;6-8;6-9;6-10;6-11;6-12;7-8;7-9;7-10;8-9;8-10;8-11;8-12;9-10;9-11;10-12;11-12,"0,1,1,1,1,1,1,1,0,0,1,1,0,0,1,1,1,0,1,1,1,1,1,1,1,1,1,1,1,0,1,0,1,1,1,1,1,1,1,0,1,0,1,1,1,1,1,1,1,1,1,1,1,1,1,1,1,1,1,1,1,1,1,1,1,1,0,0,1,1,1,1,1,1,0,0,1,1"
234,13,64,9,0-2;0-4;0-5;0-6;0-7;0-9;0-10;0-11;0-12;1-2;1-3;1-4;1-5;1-7;1-8;1-9;1-11;1-12;2-3;2-4;2-5;2-7;2-10;2-11;2-12;3-4;3-5;3-7;3-8;3-10;3-11;3-12;4-5;4-7;4-9;4-11;4-12;5-6;5-7;5-8;5-9;5-10;5-11;5-12;6-7;6-8;6-9;6-10;6-11;6-12;7-8;7-9;7-10;7-11;7-12;8-9;8-10;8-11;8-12;9-11;9-12;10-11;10-12;11-12,"0,1,0,1,1,1,1,0,1,1,1,1,1,1,1,1,0,1,1,1,0,1,1,1,1,1,0,1,0,0,1,1,1,1,1,0,1,1,0,1,1,1,1,0,1,0,1,0,1,1,1,1,1,1,1,1,1,1,1,1,1,1,1,1,1,1,1,1,1,1,1,1,0,1,1,1,1,1"
235,13,64,9,0-1;0-2;0-3;0-4;0-5;0-6;0-7;0-8;0-9;0-10;0-11;0-12;1-2;1-4;1-5;1-6;1-7;1-8;1-9;1-12;2-3;2-4;2-7;2-8;2-9;2-11;2-12;3-4;3-7;3-8;3-9;3-10;3-11;4-5;4-6;4-7;4-8;4-9;4-10;4-11;4-12;5-6;5-8;5-9;5-10;5-11;5-12;6-7;6-8;6-9;6-10;6-12;7-8;7-9;7-10;8-9;8-10;8-11;8-12;9-10;9-11;9-12;10-11;11-12,"1,1,1,1,1,1,1,1,1,1,1,1,1,0,1,1,1,1,1,1,0,0,1,1,1,0,0,1,1,1,0,1,1,1,0,0,1,1,1,1,1,0,1,1,1,1,1,1,1,1,1,0,1,1,1,1,1,1,1,1,1,0,1,1,1,1,0,0,1,1,1,1,1,1,1,1,0,1"
236,13,64,9,0-2;0-3;0-5;0-6;0-7;0-8;0-10;0-12;1-3;1-4;1-5;1-7;1-8;1-9;1-10;1-11;1-12;2-3;2-4;2-5;2-6;2-7;2-8;2-9;2-10;3-5;3-7;3-8;3-9;3-10;3-12;4-5;4-6;4-7;4-8;4-9;4-10;4-11;5-6;5-7;5-8;5-9;5-10;5-11;5-12;6-7;6-8;6-10;6-11;6-12;7-8;7-9;7-10;7-11;7-12;8-9;8-10;8-11;8-12;9-10;9-11;10-11;10-12;11-12,"0,1,1,0,1,1,1,1,0,1,0,1,0,1,1,1,0,1,1,1,1,1,1,1,1,1,1,1,1,1,1,0,0,0,1,0,1,1,1,1,0,1,1,1,1,1,1,1,1,0,1,1,1,1,1,1,1,1,1,0,1,1,1,1,1,1,1,1,1,1,1,1,1,1,0,1,1,1"
237,13,64,9,0-1;0-2;0-3;0-5;0-6;0-7;0-8;0-9;0-12;1-2;1-4;1-5;1-6;1-7;1-8;1-11;1-12;2-3;2-4;2-5;2-6;2-7;2-8;2-9;2-10;2-11;2-12;3-5;3-7;3-8;3-9;3-10;3-12;4-5;4-6;4-7;4-8;4-10;4-11;4-12;5-7;5-8;5-10;5-12;6-7;6-8;6-9;6-11;6-12;7-8;7-9;7-10;7-11;7-12;8-9;8-10;8-11;8-12;9-10;9-11;9-12;10-11;10-12;11-12,"1,1,1,0,1,1,1,1,1,0,0,1,1,0,1,1,1,1,1,0,0,1,1,1,1,1,1,1,1,1,1,1,1,0,1,0,1,1,1,1,0,1,1,1,1,1,0,1,1,1,0,1,1,0,1,0,1,1,1,1,0,1,1,1,1,1,1,1,1,1,1,1,1,1,1,1,1,1"
238,13,64,9,0-1;0-2;0-3;0-4;0-6;0-7;0-8;0-10;0-11;1-2;1-3;1-4;1-5;1-6;1-7;1-8;1-9;1-10;1-11;1-12;2-3;2-4;2-5;2-6;2-7;2-8;2-9;2-10;2-11;2-12;3-4;3-5;3-6;3-7;3-8;3-9;3-10;3-11;3-12;4-5;4-7;4-8;4-10;4-12;5-7;5-9;5-10;5-11;5-12;6-8;6-9;6-10;6-11;6-12;7-10;7-11;8-9;8-10;8-12;9-10;9-11;9-12;10-11;10-12,"1,1,1,1,0,1,1,1,0,1,1,0,1,1,1,1,1,1,1,1,1,1,1,1,1,1,1,1,1,1,1,1,1,1,1,1,1,1,1,1,1,1,1,0,1,1,0,1,0,1,0,1,0,1,1,1,1,0,1,1,1,1,1,0,0,1,1,0,1,1,0,1,1,1,1,1,1,0"
239,13,64,9,0-1;0-2;0-3;0-4;0-5;0-6;0-7;0-8;0-9;0-10;0-11;0-12;1-2;1-4;1-6;1-7;1-8;1-9;1-10;1-12;2-6;2-7;2-8;2-9;2-10;2-11;2-12;3-4;3-5;3-6;3-7;3-10;3-11;3-12;4-5;4-6;4-7;4-9;4-10;4-12;5-7;5-8;5-9;5-10;5-11;5-12;6-7;6-10;6-11;6-12;7-8;7-9;7-10;7-11;7-12;8-9;8-10;8-11;8-12;9-10;9-12;10-11;10-12;11-12,"1,1,1,1,1,1,1,1,1,1,1,1,1,0,1,0,1,1,1,1,1,0,1,0,0,0,1,1,1,1,1,1,1,1,1,1,1,0,0,1,1,1,1,1,1,0,1,1,0,1,0,1,1,1,1,1,1,1,0,0,1,1,1,1,1,1,1,1,1,1,1,1,1,0,1,1,1,1"
240,13,64,9,0-1;0-2;0-3;0-4;0-5;0-6;0-7;0-8;0-9;0-10;0-11;0-12;1-3;1-4;1-5;1-6;1-7;1-8;1-9;1-10;2-3;2-4;2-5;2-6;2-8;2-10;2-11;2-12;3-5;3-6;3-7;3-8;3-10;3-12;4-5;4-6;4-8;4-9;4-10;4-11;5-6;5-8;5-10;5-12;6-7;6-8;6-9;6-10;6-11;6-12;7-8;7-9;7-10;7-11;7-12;8-9;8-10;8-11;8-12;9-10;9-11;10-11;10-12;11-12,"1,1,1,1,1,1,1,1,1,1,1,1,0,1,1,1,1,1,1,1,1,0,0,1,1,1,1,0,1,0,1,1,1,0,1,1,1,1,0,1,0,1,1,1,0,1,1,1,1,0,1,0,1,0,1,0,1,1,1,1,1,1,1,1,1,1,1,1,1,1,1,1,1,1,0,1,1,1"
241,13,64,9,0-1;0-3;0-4;0-5;0-6;0-8;0-9;0-10;0-12;1-2;1-3;1-4;1-5;1-6;1-7;1-8;1-9;1-10;1-11;1-12;2-3;2-4;2-5;2-6;2-7;2-9;2-11;2-12;3-4;3-5;3-6;3-8;3-9;3-12;4-5;4-6;4-7;4-8;4-9;4-10;4-11;4-12;5-6;5-7;5-8;5-9;5-10;5-11;5-12;6-7;6-8;6-9;6-10;6-11;6-12;7-9;7-10;7-11;8-10;8-11;8-12;9-10;10-11;11-12,"1,0,1,1,1,1,0,1,1,1,0,1,1,1,1,1,1,1,1,1,1,1,1,1,1,1,1,1,0,1,0,1,1,1,1,1,0,1,1,0,0,1,1,1,1,1,1,1,1,1,1,1,1,1,1,1,1,1,1,1,1,1,1,0,1,1,1,0,0,1,1,1,1,0,0,1,0,1"
242,13,64,9,0-1;0-2;0-3;0-4;0-5;0-6;0-7;0-8;0-9;0-10;0-11;0-12;1-2;1-3;1-4;1-5;1-6;1-7;1-8;1-9;1-10;1-11;1-12;2-4;2-7;2-8;2-9;2-10;2-12;3-5;3-6;3-7;3-9;3-10;3-11;3-12;4-6;4-8;4-9;4-10;4-11;4-12;5-6;5-7;5-8;5-10;5-11;5-12;6-9;6-10;6-11;6-12;7-8;7-9;7-10;7-12;8-10;8-11;8-12;9-10;9-12;10-11;10-12;11-12,"1,1,1,1,1,1,1,1,1,1,1,1,1,1,1,1,1,1,1,1,1,1,1,0,1,0,0,1,1,1,1,0,1,0,1,1,1,0,1,1,1,1,0,1,0,1,1,1,1,1,1,1,1,0,1,1,1,0,0,1,1,1,1,1,1,1,0,1,0,1,1,1,1,0,1,1,1,1"
243,13,64,9,0-1;0-2;0-3;0-5;0-6;0-7;0-9;0-10;0-11;1-2;1-3;1-4;1-5;1-6;1-7;1-8;1-9;1-10;1-11;1-12;2-3;2-4;2-5;2-6;2-7;2-8;2-9;2-10;2-11;2-12;3-5;3-7;3-8;3-10;3-11;4-6;4-7;4-8;4-9;4-10;4-11;4-12;5-7;5-8;5-9;5-11;5-12;6-7;6-9;6-10;6-11;6-12;7-8;7-9;7-10;7-11;7-12;8-10;8-11;8-12;9-11;9-12;10-11;11-12,"1,1,1,0,1,1,1,0,1,1,1,0,1,1,1,1,1,1,1,1,1,1,1,1,1,1,1,1,1,1,1,1,1,0,1,0,1,1,0,1,1,0,0,1,1,1,1,1,1,1,0,1,1,1,0,1,1,1,0,1,1,1,1,1,1,1,1,1,0,1,1,1,0,1,1,1,0,1"
244,13,64,9,0-2;0-4;0-5;0-6;0-7;0-8;0-9;0-10;0-11;1-2;1-3;1-4;1-7;1-8;1-9;1-10;1-11;1-12;2-3;2-4;2-6;2-7;2-8;2-9;2-11;3-4;3-6;3-7;3-9;3-11;3-12;4-5;4-6;4-7;4-8;4-9;4-10;4-11;4-12;5-6;5-7;5-8;5-9;5-10;5-11;5-12;6-7;6-9;6-11;6-12;7-8;7-9;7-10;7-11;7-12;8-9;8-10;8-11;9-10;9-11;9-12;10-11;10-12;11-12,"0,1,0,1,1,1,1,1,1,1,1,0,1,1,1,0,0,1,1,1,1,1,1,1,1,0,1,1,1,1,0,1,0,1,0,1,1,0,1,0,1,1,1,1,1,1,1,1,1,1,1,1,1,1,1,1,1,1,0,1,0,1,1,1,1,1,1,1,1,1,1,0,1,1,1,1,1,1"
245,13,64,9,0-1;0-2;0-3;0-4;0-5;0-6;0-7;0-8;0-9;0-10;0-11;0-12;1-2;1-3;1-4;1-5;1-7;1-8;1-9;1-11;2-3;2-4;2-5;2-6;2-7;2-8;2-9;2-10;2-11;2-12;3-4;3-5;3-6;3-7;3-8;3-9;3-10;3-11;3-12;4-8;4-9;4-10;4-11;4-12;5-6;5-7;5-9;5-10;5-11;6-7;6-9;6-10;6-11;6-12;7-8;7-9;7-12;8-9;8-12;9-10;9-11;9-12;10-11;10-12,"1,1,1,1,1,1,1,1,1,1,1,1,1,1,1,1,0,1,1,1,0,1,0,1,1,1,1,1,1,1,1,1,1,1,1,1,1,1,1,1,1,1,0,0,0,1,1,1,1,1,1,1,0,1,1,1,0,1,0,1,1,1,1,1,1,0,0,1,1,0,0,1,1,1,1,1,1,0"
246,13,64,9,0-1;0-2;0-4;0-5;0-6;0-7;0-8;0-10;0-12;1-3;1-5;1-6;1-7;1-8;1-10;1-11;1-12;2-4;2-5;2-6;2-7;2-8;2-9;2-10;2-12;3-5;3-6;3-8;3-9;3-10;3-11;3-12;4-5;4-6;4-7;4-8;4-9;4-10;4-11;5-6;5-7;5-8;5-9;5-10;5-11;5-12;6-7;6-8;6-9;6-10;6-11;6-12;7-8;7-10;7-11;8-9;8-10;8-11;8-12;9-10;9-11;9-12;10-11;10-12,"1,1,0,1,1,1,1,1,0,1,0,1,0,1,0,1,1,1,1,0,1,1,1,0,1,1,1,1,1,1,1,0,1,0,1,1,0,1,1,1,1,1,1,1,1,1,1,1,1,0,1,1,1,1,1,1,1,1,1,1,1,1,1,1,0,1,1,0,1,1,1,1,1,1,1,1,1,0"
247,13,64,9,0-1;0-2;0-3;0-4;0-5;0-6;0-8;0-9;0-12;1-2;1-3;1-4;1-5;1-6;1-7;1-8;1-9;1-10;1-11;1-12;2-3;2-4;2-5;2-8;2-9;2-10;2-11;3-4;3-5;3-6;3-7;3-8;3-9;3-10;3-11;3-12;4-5;4-6;4-7;4-9;4-11;5-6;5-7;5-8;5-9;5-10;5-11;5-12;6-7;6-8;6-9;6-12;7-9;7-10;7-11;7-12;8-9;8-10;8-12;9-10;9-11;9-12;10-11;10-12,"1,1,1,1,1,1,0,1,1,0,0,1,1,1,1,1,1,1,1,1,1,1,1,1,1,1,0,0,1,1,1,1,0,1,1,1,1,1,1,1,1,1,1,1,1,0,1,0,1,0,1,1,1,1,1,1,1,1,1,1,0,0,1,0,1,1,1,1,1,1,0,1,1,1,1,1,1,0"
248,13,64,9,0-1;0-2;0-3;0-5;0-6;0-7;0-8;0-10;0-11;1-2;1-4;1-5;1-6;1-7;1-8;1-9;1-10;2-3;2-4;2-5;2-6;2-7;2-8;2-10;3-4;3-5;3-6;3-8;3-10;3-11;3-12;4-5;4-6;4-8;4-9;4-10;4-12;5-6;5-7;5-8;5-9;5-10;5-11;5-12;6-7;6-8;6-9;6-10;6-11;6-12;7-8;7-9;7-10;7-11;8-9;8-10;8-11;8-12;9-10;9-11;9-12;10-11;10-12;11-12,"1,1,1,0,1,1,1,1,0,1,1,0,1,0,1,1,1,1,1,1,1,0,0,1,1,1,1,1,1,0,1,0,0,1,1,1,0,1,0,1,1,1,1,1,0,1,1,1,0,1,1,1,1,1,1,1,1,1,1,1,1,1,1,1,1,1,1,0,1,1,1,1,1,1,1,1,1,1"
249,13,64,9,0-1;0-2;0-3;0-4;0-5;0-6;0-8;0-9;0-12;1-2;1-3;1-4;1-5;1-6;1-7;1-8;1-9;1-10;1-11;1-12;2-3;2-4;2-5;2-6;2-7;2-8;2-9;2-10;2-11;2-12;3-4;3-5;3-6;3-7;3-9;4-5;4-6;4-7;4-8;4-9;4-10;4-11;4-12;5-6;5-7;5-8;5-10;6-7;6-8;6-9;6-10;6-11;6-12;7-9;7-10;7-11;8-10;8-11;8-12;9-11;9-12;10-11;10-12;11-12,"1,1,1,1,1,1,0,1,1,0,0,1,1,1,1,1,1,1,1,1,1,1,1,1,1,1,1,1,1,1,1,1,1,1,1,1,1,0,1,0,0,0,1,1,1,1,1,1,1,1,1,1,1,0,1,0,0,1,1,1,1,1,1,0,1,1,1,0,0,1,1,1,0,1,1,1,1,1"
250,13,64,9,0-1;0-3;0-4;0-5;0-6;0-7;0-9;0-11;1-2;1-3;1-4;1-5;1-6;1-7;1-8;1-9;1-10;1-11;1-12;2-3;2-4;2-5;2-6;2-7;2-8;2-10;2-12;3-4;3-5;3-6;3-7;3-9;3-10;4-5;4-6;4-7;4-8;4-9;4-10;4-11;4-12;5-6;5-7;5-8;5-9;5-10;5-11;5-12;6-7;6-11;6-12;7-8;7-9;7-10;7-11;7-12;8-9;8-10;8-11;8-12;9-10;9-11;10-12;11-12,"1,0,1,1,1,1,1,0,1,0,1,0,1,1,1,1,1,1,1,1,1,1,1,1,1,1,1,1,1,0,1,0,1,1,1,1,1,0,1,1,0,0,1,1,1,1,1,1,1,1,1,1,1,1,1,1,1,1,0,0,0,1,1,1,1,1,1,1,1,1,1,1,1,1,0,0,1,1"
251,13,64,9,0-1;0-3;0-4;0-5;0-8;0-9;0-10;0-11;0-12;1-2;1-3;1-4;1-5;1-6;1-7;1-8;1-9;1-10;1-11;1-12;2-4;2-5;2-6;2-7;2-8;2-9;2-11;2-12;3-5;3-6;3-7;3-8;3-9;3-10;3-12;4-5;4-6;4-8;4-10;4-11;4-12;5-6;5-7;5-8;5-9;5-10;5-11;5-12;6-7;6-8;6-10;6-12;7-8;7-9;7-12;8-9;8-10;8-11;8-12;9-11;9-12;10-11;10-12;11-12,"1,0,1,1,1,0,0,1,1,1,1,1,1,1,1,1,1,1,1,1,1,1,1,0,1,1,1,1,1,1,0,1,1,0,1,1,1,1,1,1,0,1,1,1,0,1,0,1,1,1,1,1,1,1,1,1,1,1,1,0,1,0,1,1,1,0,0,1,1,1,1,1,0,1,1,1,1,1"
252,13,64,9,0-1;0-2;0-5;0-6;0-8;0-9;0-11;0-12;1-2;1-5;1-6;1-7;1-8;1-9;1-10;1-12;2-3;2-4;2-5;2-6;2-7;2-8;2-9;2-10;2-11;2-12;3-4;3-6;3-7;3-8;3-9;3-10;3-11;3-12;4-5;4-6;4-7;4-8;4-9;4-10;4-11;5-6;5-7;5-8;5-9;5-11;6-7;6-8;6-9;6-10;6-11;6-12;7-8;7-9;7-10;8-9;8-10;8-11;8-12;9-10;9-11;9-12;10-12;11-12,"1,1,0,0,1,1,0,1,1,0,1,1,1,0,0,1,1,1,1,1,1,0,1,1,1,1,1,1,1,1,1,1,1,1,0,1,1,1,1,1,1,1,1,1,1,1,1,1,1,0,1,1,1,1,0,1,0,1,1,1,1,1,1,1,1,1,0,0,1,1,1,1,1,1,1,0,1,1"
253,14,65,9,0-2;0-4;0-6;0-8;0-9;0-11;0-12;0-13;1-3;1-5;1-7;1-9;1-10;1-11;1-12;1-13;2-4;2-6;2-8;2-9;2-11;2-12;2-13;3-5;3-7;3-9;3-10;3-11;3-12;3-13;4-6;4-8;4-10;4-11;4-12;4-13;5-7;5-9;5-10;5-11;5-12;5-13;6-8;6-10;6-11;6-12;6-13;7-9;7-10;7-11;7-12;7-13;8-10;8-11;8-12;8-13;9-11;9-12;9-13;10-11;10-12;10-13;11-12;11-13;12-13,"0,1,0,1,0,1,0,1,1,0,1,1,1,0,1,0,1,0,1,0,1,1,1,1,1,0,1,0,1,0,1,1,0,1,1,1,0,1,0,1,0,1,1,1,1,1,0,1,0,1,0,1,1,1,1,0,1,0,1,1,1,1,1,0,1,0,1,1,1,1,0,1,1,1,1,1,0,1,1,1,1,0,1,1,1,1,1,1,1,1,1"
254,14,65,9,0-1;0-2;0-3;0-4;0-6;0-10;0-11;0-12;1-2;1-3;1-4;1-6;1-10;1-11;1-12;2-3;2-4;2-5;2-6;2-7;2-8;2-9;2-10;2-11;2-12;2-13;3-4;3-6;3-10;3-11;3-12;4-5;4-6;4-7;4-8;4-9;4-10;4-11;4-12;4-13;5-6;5-7;5-8;5-9;5-11;5-13;6-7;6-8;6-9;6-10;6-11;6-12;6-13;7-8;7-9;7-12;7-13;8-9;8-12;8-13;9-11;9-13;10-11;10-12;12-13,"1,1,1,1,0,1,0,0,0,1,1,1,0,1,1,1,0,1,0,0,0,1,1,1,0,1,1,1,1,1,1,1,1,1,1,1,1,0,1,0,0,0,1,1,1,0,1,1,1,1,1,1,1,1,1,1,1,1,1,0,1,0,1,1,1,1,1,1,1,1,1,1,0,0,1,1,1,0,0,1,1,0,1,0,1,1,1,0,0,0,1"
255,14,65,9,0-1;0-2;0-5;0-7;0-9;0-10;0-11;0-12;0-13;1-2;1-3;1-4;1-5;1-6;1-7;1-8;1-9;1-10;1-11;1-12;1-13;2-3;2-4;2-5;2-6;2-7;2-8;2-9;2-10;2-11;2-12;2-13;3-4;3-6;3-7;3-8;3-9;3-12;4-5;4-6;4-7;4-8;4-10;4-11;4-13;5-7;5-10;5-11;5-13;6-7;6-8;6-9;6-12;7-8;7-9;7-10;7-11;7-12;7-13;8-9;8-12;9-12;10-11;10-13;11-13,"1,1,0,0,1,0,1,0,1,1,1,1,1,1,1,1,1,1,1,1,1,1,1,1,1,1,1,1,1,1,1,1,1,1,1,1,1,0,1,1,1,1,0,0,1,0,1,1,1,1,0,1,1,0,1,0,1,0,0,1,1,0,1,1,1,1,0,0,1,0,1,1,1,1,1,1,1,0,0,1,0,0,0,1,0,1,0,1,0,1,0"
256,14,65,9,0-1;0-4;0-5;0-6;0-7;0-9;0-10;0-11;1-2;1-5;1-6;1-7;1-9;1-10;1-11;2-3;2-5;2-6;2-7;2-8;2-9;2-10;2-12;2-13;3-4;3-6;3-8;3-9;3-10;3-12;3-13;4-6;4-8;4-9;4-10;4-11;4-12;4-13;5-6;5-7;5-9;5-10;5-11;6-7;6-8;6-9;6-10;6-11;6-12;6-13;7-9;7-10;7-11;8-9;8-10;8-12;8-13;9-10;9-11;9-12;9-13;10-11;10-12;10-13;12-13,"1,0,0,1,1,1,1,0,1,1,1,0,0,1,0,0,1,1,1,0,1,1,1,0,0,1,0,1,1,1,1,1,1,0,1,1,1,0,1,0,1,1,1,0,1,1,0,1,0,1,1,1,1,1,1,1,1,0,1,1,1,0,0,1,1,1,1,1,1,1,0,1,1,1,0,0,1,1,0,1,1,1,1,1,1,1,1,1,0,0,1"
257,14,65,9,0-1;0-3;0-6;0-8;0-9;0-10;0-11;0-13;1-3;1-6;1-8;1-9;1-10;1-11;1-13;2-4;2-5;2-7;2-9;2-10;2-11;2-12;2-13;3-6;3-7;3-8;3-10;3-11;3-13;4-5;4-7;4-9;4-10;4-11;4-12;4-13;5-7;5-9;5-10;5-11;5-12;5-13;6-7;6-8;6-10;6-11;6-13;7-8;7-10;7-11;7-12;7-13;8-10;8-11;8-13;9-10;9-11;9-12;9-13;10-11;10-12;10-13;11-12;11-13;12-13,"1,0,1,0,0,1,0,1,1,1,1,0,1,0,1,0,0,1,0,1,1,1,1,0,1,0,1,1,0,1,0,1,1,1,1,1,0,0,1,1,1,0,1,1,0,1,1,0,1,0,1,1,1,1,1,0,1,0,1,1,1,1,1,1,1,0,1,1,0,1,1,0,1,1,1,1,0,1,1,0,1,1,1,1,1,1,1,1,1,1,1"
258,14,65,9,0-2;0-3;0-4;0-5;0-6;0-8;0-9;0-10;1-2;1-7;1-8;1-9;1-10;1-11;1-12;1-13;2-3;2-4;2-5;2-6;2-7;2-8;2-9;2-10;2-11;2-12;2-13;3-4;3-5;3-6;3-8;3-9;3-10;4-5;4-6;4-8;4-9;4-12;5-6;5-8;5-9;5-10;6-8;6-9;6-12;7-8;7-9;7-10;7-11;7-12;7-13;8-9;8-10;8-11;8-12;8-13;9-10;9-11;9-12;9-13;10-11;10-13;11-12;11-13;12-13,"0,1,1,1,1,1,0,1,1,1,0,0,0,1,0,0,0,0,1,1,1,1,1,1,1,1,1,1,1,1,1,1,1,1,1,1,1,1,1,0,1,1,1,0,0,0,1,1,0,1,1,0,0,1,0,1,0,1,1,1,0,0,0,0,1,1,0,0,1,0,1,1,1,1,1,1,1,1,1,1,1,1,1,1,1,1,0,1,1,1,1"
259,14,65,9,0-3;0-4;0-6;0-7;0-8;0-10;0-12;0-13;1-2;1-5;1-6;1-9;1-10;1-11;1-12;1-13;2-5;2-6;2-9;2-10;2-11;2-12;2-13;3-4;3-6;3-7;3-8;3-10;3-12;3-13;4-6;4-7;4-8;4-10;4-12;4-13;5-6;5-7;5-9;5-11;5-12;5-13;6-7;6-8;6-9;6-10;6-11;6-12;6-13;7-8;7-9;7-12;7-13;8-10;8-12;8-13;9-11;9-12;9-13;10-11;10-12;10-13;11-12;11-13;12-13,"0,0,1,1,0,1,1,1,0,1,0,1,1,1,0,0,1,1,0,0,1,1,1,1,1,0,0,1,1,0,0,1,1,1,1,1,1,0,1,1,1,0,1,0,1,1,0,1,1,1,0,1,0,1,1,1,1,0,1,0,1,1,1,1,1,1,1,1,1,1,1,1,0,0,1,1,0,1,0,1,1,0,1,1,1,1,1,1,1,1,1"
260,14,65,9,0-5;0-6;0-7;0-9;0-10;0-11;0-12;0-13;1-2;1-3;1-4;1-6;1-7;1-8;1-9;1-13;2-3;2-4;2-7;2-8;2-9;2-12;2-13;3-4;3-6;3-7;3-8;3-9;3-13;4-7;4-8;4-9;4-12;4-13;5-6;5-7;5-9;5-10;5-11;5-12;5-13;6-7;6-9;6-10;6-11;6-13;7-8;7-9;7-10;7-11;7-12;7-13;8-9;8-12;8-13;9-10;9-11;9-12;9-13;10-11;10-12;10-13;11-12;11-13;12-13,"0,0,0,0,1,1,1,0,1,1,1,1,1,1,1,1,0,1,1,1,1,0,0,0,1,1,1,0,0,1,1,1,0,0,1,1,1,0,1,1,1,1,0,0,0,1,0,0,1,1,1,0,0,1,1,1,1,0,1,1,1,1,1,1,0,1,1,1,0,1,1,1,1,1,1,1,1,0,0,1,1,1,1,1,1,1,1,1,1,1,1"
261,14,65,9,0-1;0-2;0-3;0-4;0-5;0-7;0-10;0-13;1-3;1-4;1-5;1-7;1-9;1-10;1-13;2-3;2-5;2-6;2-7;2-8;2-10;2-11;2-12;2-13;3-4;3-5;3-7;3-10;3-13;4-5;4-7;4-9;4-10;4-13;5-6;5-7;5-8;5-9;5-10;5-11;5-12;5-13;6-8;6-9;6-10;6-11;6-12;6-13;7-10;7-13;8-9;8-10;8-11;8-12;8-13;9-10;9-11;9-12;9-13;10-11;10-12;10-13;11-12;11-13;12-13,"1,1,1,1,1,0,1,0,0,1,0,0,1,0,1,1,1,0,1,0,1,1,0,0,1,1,0,1,1,1,1,0,1,1,1,1,1,1,0,1,0,0,1,0,0,1,1,0,1,0,1,1,0,0,1,1,1,1,1,1,1,1,1,0,1,1,1,1,1,1,0,0,1,0,0,1,1,1,1,1,1,1,1,1,1,1,1,1,1,1,1"
262,14,65,9,0-1;0-3;0-4;0-7;0-8;0-9;0-10;0-11;1-3;1-4;1-7;1-8;1-9;1-10;1-11;2-3;2-4;2-5;2-6;2-8;2-11;2-12;2-13;3-4;3-5;3-6;3-7;3-8;3-9;3-10;3-11;3-12;3-13;4-5;4-6;4-7;4-8;4-9;4-10;4-11;4-12;4-13;5-6;5-8;5-11;5-12;5-13;6-8;6-10;6-12;6-13;7-8;7-9;7-10;7-11;8-9;8-10;8-11;8-12;8-13;9-10;9-11;10-13;11-12;12-13,"1,0,1,1,0,0,1,1,1,1,1,0,0,0,1,1,0,0,1,1,1,1,1,0,0,1,1,1,1,0,1,0,0,1,1,1,1,1,1,1,1,1,1,1,1,1,1,1,1,1,1,1,1,1,1,1,0,1,0,0,1,1,1,0,1,0,1,0,1,1,1,1,1,1,0,0,1,1,1,1,1,1,1,0,0,0,0,1,1,0,1"
263,14,65,9,0-1;0-4;0-5;0-7;0-9;0-11;0-12;0-13;1-2;1-3;1-4;1-5;1-6;1-7;1-8;1-9;1-10;1-11;1-12;1-13;2-3;2-4;2-6;2-7;2-8;2-10;2-12;3-4;3-6;3-7;3-8;3-10;3-12;4-5;4-6;4-7;4-8;4-9;4-10;4-11;4-12;4-13;5-6;5-7;5-9;5-11;5-13;6-7;6-8;6-9;6-10;6-13;7-8;7-9;7-10;7-11;7-12;7-13;8-10;8-12;9-11;9-13;10-12;11-12;11-13,"1,0,0,1,1,0,1,0,1,0,1,1,1,1,1,1,1,1,1,1,1,1,1,1,1,1,1,0,1,1,1,0,1,0,1,0,1,0,1,1,1,0,1,0,1,0,1,1,1,1,1,1,1,1,1,1,1,0,1,0,1,0,1,1,1,1,1,0,0,1,1,1,1,1,1,1,0,1,0,1,0,0,1,0,1,0,1,0,1,1,0"
264,14,65,9,0-1;0-3;0-4;0-5;0-7;0-10;0-11;0-12;1-2;1-3;1-4;1-5;1-6;1-7;1-8;1-9;1-10;1-11;1-12;1-13;2-5;2-6;2-7;2-8;2-9;2-12;2-13;3-4;3-5;3-7;3-10;3-11;3-12;4-5;4-7;4-10;4-11;4-12;5-6;5-7;5-8;5-9;5-10;5-11;5-12;5-13;6-7;6-8;6-9;6-10;6-13;7-8;7-9;7-10;7-11;7-12;7-13;8-9;8-12;8-13;9-10;9-13;10-11;11-12;12-13,"1,0,1,1,1,0,1,0,0,1,1,1,0,1,1,1,1,1,1,1,1,1,1,1,1,0,0,1,1,1,1,1,0,0,1,1,1,1,0,1,0,0,1,1,1,0,1,0,1,0,0,1,1,1,0,1,1,1,1,1,1,1,1,1,1,1,1,0,0,1,1,1,1,1,1,1,1,0,0,1,1,1,0,0,1,1,0,0,1,0,1"
265,14,65,9,0-2;0-6;0-7;0-8;0-10;0-11;0-12;0-13;1-2;1-3;1-4;1-5;1-8;1-9;1-10;1-12;2-3;2-4;2-5;2-6;2-7;2-8;2-9;2-10;2-11;2-12;2-13;3-4;3-5;3-7;3-9;3-10;3-11;3-12;3-13;4-5;4-8;4-9;4-10;4-12;5-8;5-9;5-10;5-12;6-7;6-8;6-10;6-11;6-12;6-13;7-10;7-11;7-12;7-13;8-9;8-10;8-12;9-10;9-12;10-11;10-12;10-13;11-12;11-13;12-13,"0,1,0,0,0,1,1,1,0,1,1,1,1,1,1,1,1,0,0,1,1,1,0,1,0,1,1,1,1,1,1,1,1,1,1,1,1,1,0,1,0,1,1,1,1,1,1,0,0,1,1,1,0,1,0,0,0,1,1,1,0,1,0,1,1,0,1,1,1,1,0,0,1,1,1,1,1,1,0,1,0,1,0,1,0,1,1,1,1,1,1"
266,14,65,9,0-2;0-3;0-4;0-6;0-8;0-10;0-12;0-13;1-2;1-5;1-7;1-9;1-10;1-11;1-12;1-13;2-3;2-4;2-5;2-6;2-7;2-8;2-9;2-10;2-11;2-12;2-13;3-4;3-6;3-8;3-10;3-12;3-13;4-6;4-8;4-10;4-12;4-13;5-7;5-9;5-10;5-11;5-12;5-13;6-7;6-8;6-10;6-11;6-12;7-9;7-10;7-11;7-12;8-10;8-12;8-13;9-10;9-11;9-12;9-13;10-11;10-12;10-13;11-12;12-13,"0,1,1,1,0,1,0,1,0,1,0,1,1,1,0,0,1,0,1,0,1,1,1,1,1,1,1,1,1,1,1,1,1,1,1,1,1,0,1,0,1,0,1,0,1,1,0,1,0,1,0,1,0,1,1,0,1,0,1,1,1,1,1,1,1,0,1,1,1,0,0,1,1,1,1,0,0,1,0,1,1,1,1,1,1,1,1,1,1,0,1"
267,14,65,9,0-1;0-2;0-3;0-4;0-5;0-6;0-7;0-8;0-9;0-10;0-11;0-12;0-13;1-2;1-3;1-6;1-7;1-10;1-11;1-12;2-3;2-6;2-7;2-10;2-11;2-12;3-4;3-6;3-7;3-8;3-11;3-12;3-13;4-5;4-6;4-8;4-9;4-11;4-13;5-6;5-8;5-9;5-10;5-11;5-13;6-7;6-8;6-9;6-10;6-11;6-12;6-13;7-10;7-11;7-12;8-9;8-11;8-13;9-10;9-11;9-13;10-11;10-12;11-12;11-13,"1,1,1,1,1,1,1,1,1,1,1,1,1,1,1,0,0,1,1,0,0,1,1,1,0,1,0,0,1,1,0,0,1,1,1,0,1,0,1,1,1,0,0,1,1,1,1,1,0,1,1,0,1,0,1,1,0,1,1,1,1,0,1,1,1,1,1,1,1,1,0,0,1,1,1,0,1,0,1,0,1,1,1,0,1,1,1,0,1,1,0"
268,14,65,9,0-1;0-3;0-4;0-5;0-7;0-9;0-12;0-13;1-2;1-3;1-4;1-5;1-6;1-7;1-8;1-9;1-10;1-11;1-12;1-13;2-3;2-6;2-7;2-8;2-10;2-11;2-12;3-4;3-5;3-6;3-7;3-8;3-9;3-10;3-11;3-12;3-13;4-5;4-6;4-7;4-8;4-9;4-10;4-13;5-7;5-9;5-12;5-13;6-7;6-8;6-10;6-11;7-8;7-9;7-10;7-11;7-12;7-13;8-10;8-11;9-12;9-13;10-11;11-12;12-13,"1,0,1,1,1,0,1,0,1,0,0,1,1,1,1,1,1,1,1,1,1,1,1,1,1,1,0,0,1,1,1,0,1,1,1,0,1,1,1,1,1,1,1,1,1,1,1,1,1,1,1,1,0,0,1,0,1,0,1,0,0,1,1,1,1,0,1,1,0,0,1,1,1,1,1,1,0,1,1,0,0,0,0,1,1,1,0,0,1,0,1"
269,14,65,9,0-1;0-2;0-5;0-6;0-7;0-9;0-11;0-13;1-2;1-5;1-6;1-7;1-9;1-11;1-13;2-3;2-5;2-6;2-7;2-8;2-11;2-13;3-4;3-5;3-7;3-8;3-10;3-12;3-13;4-5;4-7;4-8;4-9;4-10;4-12;4-13;5-6;5-7;5-8;5-9;5-10;5-11;5-12;5-13;6-7;6-9;6-11;6-13;7-8;7-9;7-10;7-11;7-12;7-13;8-10;8-12;8-13;9-10;9-11;9-12;9-13;10-12;10-13;11-13;12-13,"1,1,0,0,1,1,1,0,1,0,1,0,1,1,0,0,1,1,1,0,1,0,1,0,1,1,0,1,1,1,1,0,0,1,0,1,1,1,0,1,1,0,1,0,1,1,1,0,1,1,1,1,0,1,1,1,1,1,1,1,1,1,1,1,0,1,0,1,0,1,1,1,1,1,1,1,0,1,0,1,1,1,1,1,1,0,1,1,0,1,1"
270,14,65,9,0-1;0-2;0-3;0-5;0-8;0-9;0-12;0-13;1-2;1-3;1-4;1-5;1-6;1-7;1-8;1-9;1-10;1-11;1-12;1-13;2-3;2-4;2-5;2-6;2-7;2-8;2-9;2-10;2-11;2-12;2-13;3-5;3-8;3-9;3-12;3-13;4-5;4-6;4-7;4-10;4-11;4-12;5-6;5-7;5-8;5-9;5-10;5-11;5-12;5-13;6-7;6-10;6-11;6-12;7-10;7-11;7-12;8-9;8-10;8-11;8-13;9-12;9-13;10-11;12-13,"1,1,1,0,1,0,0,1,1,0,0,1,1,1,1,1,1,1,1,1,1,1,1,1,1,1,1,1,1,1,1,1,1,1,1,1,0,1,0,0,1,1,0,0,1,1,1,1,1,0,0,1,1,1,0,1,1,1,1,1,1,1,1,1,0,0,1,1,1,0,0,0,1,1,1,0,1,1,1,0,1,0,0,1,1,1,0,0,0,0,1"
271,14,65,9,0-1;0-2;0-3;0-6;0-7;0-8;0-10;0-11;1-3;1-6;1-7;1-8;1-10;1-11;1-12;2-4;2-5;2-6;2-7;2-8;2-9;2-10;2-13;3-6;3-7;3-8;3-10;3-11;3-12;4-5;4-7;4-8;4-9;4-10;4-12;4-13;5-7;5-8;5-9;5-10;5-12;5-13;6-7;6-8;6-10;6-11;7-8;7-9;7-10;7-11;7-12;7-13;8-9;8-10;8-11;8-12;8-13;9-10;9-12;9-13;10-11;10-12;10-13;11-12;12-13,"1,1,1,0,0,1,1,1,0,1,1,0,0,0,1,0,0,1,1,1,0,1,1,1,0,0,1,1,1,1,1,1,1,0,0,1,0,0,1,1,1,0,1,1,1,0,1,0,1,1,1,1,0,1,1,0,1,1,1,1,0,1,1,1,1,0,1,1,0,0,1,1,1,1,1,1,1,1,1,1,1,1,0,1,1,1,1,1,1,0,1"
272,14,65,9,0-1;0-2;0-3;0-4;0-5;0-6;0-7;0-8;0-9;0-10;0-11;0-12;0-13;1-2;1-4;1-5;1-6;1-7;1-9;1-10;2-4;2-5;2-6;2-9;2-10;2-12;3-5;3-7;3-8;3-9;3-11;3-12;3-13;4-5;4-6;4-9;4-10;4-12;5-6;5-7;5-8;5-9;5-10;5-11;5-12;5-13;6-9;6-10;6-12;7-8;7-9;7-10;7-11;7-13;8-9;8-11;8-12;8-13;9-10;9-11;9-12;9-13;11-12;11-13;12-13,"1,1,1,1,1,1,1,1,1,1,1,1,1,1,0,1,1,1,1,0,1,1,0,0,0,0,1,1,1,0,0,1,1,0,1,0,0,1,0,1,1,1,0,1,1,1,1,1,0,0,1,1,0,1,0,1,1,1,1,1,1,1,1,0,0,1,1,0,1,0,1,1,1,1,0,1,1,0,1,1,1,1,1,1,1,0,0,0,1,1,1"
273,14,65,9,0-2;0-3;0-6;0-7;0-8;0-10;0-11;0-12;1-4;1-5;1-6;1-7;1-9;1-11;1-12;1-13;2-3;2-4;2-5;2-6;2-7;2-8;2-10;2-11;3-6;3-7;3-8;3-10;3-11;3-12;4-5;4-6;4-7;4-9;4-11;4-13;5-6;5-7;5-9;5-11;5-13;6-7;6-8;6-9;6-10;6-11;6-12;6-13;7-8;7-9;7-10;7-11;7-12;7-13;8-10;8-11;8-12;9-11;9-12;9-13;10-11;10-12;11-12;11-13;12-13,"0,1,1,0,0,1,1,1,0,1,1,1,0,0,0,1,1,1,1,0,1,0,1,1,1,1,1,1,1,1,1,0,1,1,0,0,0,0,1,1,1,0,1,1,1,0,1,1,1,0,1,0,1,0,1,1,1,0,1,0,1,0,1,1,1,1,1,1,1,1,1,1,1,1,1,1,0,1,1,1,0,0,1,1,1,1,1,0,1,1,1"
274,14,66,9,0-2;0-4;0-6;0-7;0-8;0-9;0-11;0-12;0-13;1-3;1-5;1-7;1-8;1-10;1-11;1-12;1-13;2-4;2-6;2-9;2-10;2-11;2-12;2-13;3-5;3-7;3-8;3-10;3-11;3-12;3-13;4-6;4-9;4-10;4-11;4-12;4-13;5-7;5-8;5-10;5-11;5-12;5-13;6-9;6-10;6-11;6-12;6-13;7-8;7-9;7-11;7-12;7-13;8-9;8-11;8-12;8-13;9-11;9-12;9-13;10-11;10-12;10-13;11-12;11-13;12-13,"0,1,0,1,0,1,1,1,1,0,1,1,1,0,1,0,1,0,1,1,0,1,1,1,1,0,1,0,1,0,0,1,1,1,1,1,0,1,0,1,1,0,1,1,1,1,0,1,0,0,1,1,1,1,1,0,1,1,0,1,1,1,1,0,0,1,1,1,1,1,1,1,0,1,1,1,1,0,1,1,1,0,1,1,1,1,1,1,1,1,1"
275,14,66,9,0-1;0-2;0-4;0-5;0-6;0-7;0-8;0-10;1-2;1-4;1-5;1-6;1-8;1-9;1-10;1-13;2-3;2-4;2-5;2-6;2-7;2-8;2-9;2-10;2-11;2-12;2-13;3-4;3-7;3-8;3-9;3-11;3-12;3-13;4-5;4-6;4-7;4-8;4-9;4-10;4-11;4-12;4-13;5-6;5-7;5-8;5-10;6-7;6-8;6-10;7-8;7-11;7-12;8-9;8-10;8-11;8-12;8-13;9-10;9-11;9-12;9-13;10-13;11-12;11-13;12-13,"1,1,0,1,1,1,1,1,0,1,0,0,0,1,0,1,1,1,0,1,1,1,0,0,1,1,1,1,1,1,1,1,1,1,1,1,1,0,0,1,1,1,0,1,1,1,1,1,1,1,1,1,1,1,1,1,1,1,0,1,0,0,0,1,1,0,1,0,0,0,1,0,0,1,1,0,1,1,1,1,1,1,1,1,1,0,0,1,1,1,1"
276,14,66,9,0-3;0-5;0-7;0-8;0-9;0-11;0-12;0-13;1-2;1-3;1-4;1-6;1-7;1-9;1-10;1-11;1-12;2-4;2-6;2-7;2-8;2-10;2-11;2-12;3-5;3-6;3-7;3-9;3-11;3-12;3-13;4-6;4-7;4-8;4-10;4-11;4-12;5-7;5-8;5-9;5-11;5-12;5-13;6-7;6-9;6-10;6-11;6-12;7-8;7-9;7-10;7-11;7-12;7-13;8-10;8-11;8-12;8-13;9-11;9-12;9-13;10-11;10-12;11-12;11-13;12-13,"0,0,1,0,1,0,1,1,1,0,1,1,1,1,1,1,0,1,1,0,1,1,1,1,0,0,1,0,1,1,1,0,1,1,1,0,0,1,1,1,0,1,0,1,1,1,0,1,1,1,0,1,1,1,0,0,1,1,1,0,1,1,1,1,0,1,1,1,1,0,1,1,1,1,1,1,0,1,1,1,1,0,1,1,1,1,1,0,1,1,1"
277,14,66,9,0-1;0-3;0-4;0-5;0-6;0-8;0-10;0-11;0-13;1-2;1-3;1-4;1-5;1-6;1-7;1-8;1-9;1-10;1-11;1-12;1-13;2-3;2-4;2-5;2-7;2-8;2-9;2-12;3-4;3-5;3-8;3-9;3-11;3-12;4-5;4-6;4-7;4-8;4-9;4-10;4-11;4-12;4-13;5-6;5-7;5-8;5-9;5-10;5-11;5-12;5-13;6-7;6-10;6-11;6-13;7-9;7-10;7-12;7-13;8-9;8-11;8-12;9-12;10-11;10-13;11-13,"1,0,1,1,1,1,0,1,0,1,1,0,1,1,1,1,1,1,1,1,1,1,1,1,1,1,1,1,0,1,1,1,0,0,1,0,1,1,0,0,1,1,0,1,1,0,1,1,1,1,1,1,1,1,1,1,1,1,1,1,1,1,1,1,0,0,1,1,0,1,0,1,1,0,1,1,1,0,1,1,0,0,0,1,0,1,0,1,0,1,0"
278,14,66,9,0-1;0-2;0-5;0-7;0-8;0-9;0-10;0-11;0-13;1-2;1-3;1-5;1-7;1-9;1-11;1-13;2-3;2-4;2-5;2-6;2-7;2-8;2-9;2-10;2-11;2-12;2-13;3-4;3-6;3-7;3-9;3-11;3-12;3-13;4-6;4-8;4-9;4-10;4-12;4-13;5-7;5-8;5-9;5-10;5-11;5-13;6-8;6-9;6-10;6-12;6-13;7-9;7-11;7-13;8-9;8-10;8-12;8-13;9-10;9-11;9-12;9-13;10-12;10-13;11-13;12-13,"1,1,0,0,1,0,1,1,1,1,1,0,1,1,1,0,1,0,1,0,1,0,1,0,1,1,1,1,1,1,1,1,1,1,1,1,1,0,1,1,0,1,0,1,1,1,0,1,0,1,1,1,0,1,1,0,1,1,1,1,1,0,1,0,1,1,1,0,1,1,0,1,0,1,0,1,1,1,0,1,1,1,1,1,1,0,1,1,0,1,1"
279,14,66,9,0-1;0-3;0-4;0-7;0-8;0-9;0-12;0-13;1-2;1-3;1-4;1-6;1-7;1-9;1-12;1-13;2-3;2-4;2-5;2-6;2-9;2-10;2-11;2-13;3-4;3-6;3-7;3-9;3-12;3-13;4-5;4-6;4-7;4-8;4-9;4-10;4-11;4-12;4-13;5-6;5-8;5-9;5-10;5-11;5-13;6-9;6-10;6-11;6-13;7-8;7-9;7-12;7-13;8-9;8-10;8-11;8-12;8-13;9-10;9-11;9-12;9-13;10-11;10-13;11-13;12-13,"1,0,1,1,0,0,1,1,1,0,0,1,1,1,1,1,0,1,1,0,1,0,0,1,1,1,1,1,1,0,0,1,1,1,0,1,1,0,1,1,0,1,0,0,1,1,1,1,1,1,1,1,1,1,1,1,0,1,1,1,1,0,1,0,0,1,1,1,0,1,1,1,0,0,1,1,1,1,1,1,1,1,1,1,1,1,0,1,0,1,1"
280,14,66,9,0-1;0-2;0-3;0-4;0-5;0-6;0-7;0-8;0-11;1-3;1-4;1-5;1-6;1-8;1-10;1-11;2-3;2-5;2-6;2-7;2-9;2-11;2-12;2-13;3-4;3-5;3-6;3-7;3-8;3-9;3-10;3-11;3-12;3-13;4-5;4-6;4-8;4-10;4-11;5-6;5-7;5-8;5-9;5-10;5-11;5-12;5-13;6-7;6-8;6-11;7-9;7-11;7-12;7-13;8-10;8-11;9-10;9-11;9-12;9-13;10-11;10-12;10-13;11-12;11-13;12-13,"1,1,1,1,1,1,1,1,0,0,1,0,0,0,1,1,1,1,0,1,0,1,1,0,0,1,0,1,1,1,0,1,0,1,1,1,1,1,1,1,1,1,1,1,1,1,1,1,0,1,0,1,1,0,0,1,1,1,1,1,1,1,1,1,1,0,0,1,0,0,0,1,0,1,1,1,0,1,1,0,0,1,1,1,1,1,1,1,1,1,1"
281,14,66,9,0-1;0-4;0-5;0-6;0-7;0-10;0-12;0-13;1-2;1-3;1-4;1-5;1-6;1-7;1-8;1-9;1-10;1-11;1-12;1-13;2-3;2-6;2-8;2-9;2-10;2-11;2-13;3-6;3-8;3-9;3-10;3-11;3-13;4-5;4-7;4-8;4-10;4-11;4-12;4-13;5-7;5-8;5-10;5-11;5-12;5-13;6-7;6-9;6-10;6-12;6-13;7-10;7-12;7-13;8-9;8-10;8-11;8-13;9-10;9-11;9-13;10-11;10-12;10-13;11-13;12-13,"1,0,0,1,1,1,1,0,0,1,0,1,1,1,1,1,1,1,1,1,1,1,1,1,1,1,0,0,1,0,1,1,1,1,0,1,0,0,1,0,1,1,1,1,0,1,1,0,1,1,0,1,1,1,1,0,1,1,0,1,1,1,1,1,0,1,1,0,1,1,0,0,1,0,1,1,1,1,1,0,1,1,1,0,1,1,1,1,0,1,1"
282,14,66,9,0-1;0-4;0-5;0-6;0-7;0-8;0-10;0-11;0-12;1-2;1-3;1-5;1-6;1-7;1-9;1-10;1-11;2-3;2-6;2-7;2-9;2-10;2-11;2-13;3-6;3-7;3-9;3-10;3-11;3-13;4-5;4-7;4-8;4-10;4-11;4-12;4-13;5-6;5-7;5-8;5-10;5-11;5-12;6-7;6-9;6-10;6-11;7-8;7-9;7-10;7-11;7-12;7-13;8-10;8-11;8-12;8-13;9-10;9-11;9-13;10-11;10-12;10-13;11-12;11-13;12-13,"1,0,0,1,1,1,1,1,0,1,1,1,0,1,1,0,1,1,1,0,1,1,1,0,0,1,0,0,1,1,0,1,1,1,0,1,0,0,1,1,0,1,1,1,0,1,1,0,1,1,0,1,1,1,1,1,1,1,0,1,1,1,0,1,0,1,1,1,0,0,1,1,1,1,1,1,0,1,1,1,1,1,1,0,1,1,1,1,1,1,1"
283,14,66,9,0-3;0-4;0-5;0-6;0-8;0-9;0-11;0-13;1-2;1-4;1-5;1-7;1-8;1-10;1-12;1-13;2-4;2-5;2-7;2-9;2-10;2-11;2-12;2-13;3-4;3-5;3-6;3-8;3-9;3-11;3-13;4-5;4-6;4-7;4-8;4-9;4-10;4-11;4-12;4-13;5-6;5-7;5-8;5-9;5-10;5-11;5-12;5-13;6-8;6-9;6-11;6-13;7-9;7-10;7-11;7-12;7-13;8-10;8-12;8-13;9-11;9-13;10-12;10-13;11-13;12-13,"0,0,1,1,1,1,0,1,1,0,1,0,1,1,0,1,1,0,1,1,0,1,0,1,1,0,1,1,0,1,0,1,1,1,1,1,1,1,1,0,1,1,0,1,0,1,1,1,1,1,1,1,1,1,1,1,1,1,1,1,1,1,1,0,1,1,0,1,0,1,0,1,1,1,1,1,0,1,0,1,1,0,1,0,1,0,1,1,0,1,1"
284,14,66,9,0-1;0-2;0-3;0-4;0-5;0-6;0-7;0-8;0-9;0-10;0-11;0-12;0-13;1-2;1-3;1-4;1-5;1-6;1-7;1-8;1-9;1-10;1-11;1-12;1-13;2-3;2-4;2-5;2-6;2-7;2-8;2-9;2-10;2-11;2-12;2-13;3-6;3-8;3-9;3-10;3-12;3-13;4-5;4-6;4-7;4-11;4-13;5-6;5-7;5-11;5-13;6-10;6-11;6-13;7-8;7-9;7-11;7-12;8-9;8-10;8-12;9-10;9-12;10-12;10-13;11-13,"1,1,1,1,1,1,1,1,1,1,1,1,1,1,1,1,1,1,1,1,1,1,1,1,1,1,1,1,1,1,1,1,1,1,1,1,0,0,1,0,1,1,1,0,1,1,1,1,1,0,0,0,1,0,1,1,1,0,0,0,1,0,1,0,0,0,1,1,0,1,1,1,0,1,1,0,1,1,0,1,0,1,0,1,0,0,1,1,0,1,0"
285,14,66,9,0-1;0-4;0-5;0-7;0-8;0-10;0-12;0-13;1-2;1-3;1-4;1-5;1-6;1-7;1-8;1-9;1-10;1-11;1-12;1-13;2-3;2-5;2-6;2-9;2-10;2-11;2-12;2-13;3-4;3-5;3-6;3-9;3-10;3-11;4-5;4-6;4-7;4-8;4-9;4-10;5-6;5-7;5-8;5-9;5-10;5-11;5-12;5-13;6-9;6-10;6-11;7-8;7-10;7-12;7-13;8-10;8-12;8-13;9-10;9-11;10-11;10-12;10-13;11-12;11-13;12-13,"1,0,0,1,1,0,1,1,0,1,0,1,1,1,1,1,1,1,1,1,1,1,1,1,1,1,0,1,1,0,0,1,1,1,1,1,1,1,1,0,0,1,1,1,0,0,1,1,1,1,1,1,0,0,0,1,1,1,1,1,1,1,1,0,0,1,1,1,0,0,1,0,1,0,1,1,0,1,0,1,1,1,1,0,0,1,1,1,1,1,1"
286,14,66,9,0-1;0-2;0-3;0-4;0-5;0-6;0-7;0-8;0-9;0-10;0-11;0-12;0-13;1-2;1-3;1-4;1-5;1-6;1-7;1-8;1-9;1-10;1-11;1-12;1-13;2-5;2-7;2-8;2-9;2-10;2-11;2-12;3-4;3-6;3-8;3-9;3-10;3-11;3-13;4-5;4-6;4-7;4-11;4-13;5-6;5-7;5-11;5-12;5-13;6-7;6-11;6-13;7-11;7-12;7-13;8-9;8-10;8-11;8-12;9-10;9-11;9-12;10-11;10-12;11-12;11-13,"1,1,1,1,1,1,1,1,1,1,1,1,1,1,1,1,1,1,1,1,1,1,1,1,1,0,0,1,0,1,1,1,1,1,1,0,1,0,1,0,1,1,1,1,0,1,1,1,1,0,0,0,1,0,1,1,1,0,0,0,1,1,1,1,0,0,0,1,0,1,0,0,0,1,1,1,1,1,1,1,0,1,1,1,0,1,1,0,1,1,0"
287,14,66,9,0-1;0-2;0-5;0-6;0-8;0-9;0-11;0-12;1-2;1-3;1-4;1-5;1-6;1-7;1-8;1-9;1-10;1-11;1-12;1-13;2-5;2-7;2-8;2-9;2-11;2-12;2-13;3-4;3-5;3-6;3-7;3-10;3-11;3-13;4-5;4-6;4-7;4-10;4-11;4-13;5-6;5-7;5-8;5-9;5-10;5-11;5-12;5-13;6-8;6-10;6-11;6-12;7-9;7-10;7-11;7-13;8-9;8-11;8-12;9-11;9-12;9-13;10-11;10-13;11-12;11-13,"1,1,0,0,1,1,0,1,1,0,1,1,0,1,1,1,1,1,1,1,1,1,1,1,1,0,0,1,0,1,1,1,0,1,1,1,1,1,1,1,0,0,1,1,0,1,1,1,1,0,0,1,1,0,1,1,1,1,1,1,1,1,1,0,1,0,1,1,1,0,0,1,1,1,0,1,1,0,1,1,0,0,1,1,1,1,0,1,1,1,0"
288,14,66,9,0-2;0-3;0-4;0-5;0-6;0-11;0-12;0-13;1-2;1-4;1-5;1-7;1-8;1-9;1-10;1-11;1-13;2-3;2-4;2-5;2-6;2-7;2-8;2-9;2-10;2-11;2-12;2-13;3-4;3-5;3-6;3-11;3-12;3-13;4-5;4-6;4-7;4-8;4-9;4-10;4-11;4-12;4-13;5-6;5-7;5-8;5-9;5-10;5-11;5-12;5-13;6-7;6-8;6-10;6-12;7-8;7-9;7-10;8-9;8-10;9-10;9-11;9-13;11-12;11-13;12-13,"0,1,1,1,1,1,0,0,0,0,1,1,1,1,0,1,1,0,1,1,1,1,1,0,1,1,1,1,1,1,1,1,1,1,1,1,1,1,1,0,0,0,0,1,1,1,1,1,1,1,1,1,1,1,1,1,1,1,1,1,1,1,1,1,1,0,1,0,1,0,1,1,1,0,0,0,1,1,0,0,0,1,1,0,1,0,0,0,1,1,1"
289,14,66,9,0-1;0-2;0-3;0-6;0-8;0-10;0-11;0-13;1-2;1-3;1-6;1-8;1-10;1-11;1-13;2-3;2-4;2-5;2-9;2-10;2-11;2-13;3-4;3-5;3-6;3-7;3-8;3-9;3-10;3-11;3-12;3-13;4-5;4-7;4-9;4-10;4-11;4-12;5-7;5-9;5-10;5-11;5-12;6-7;6-8;6-10;6-11;6-12;6-13;7-8;7-9;7-10;7-11;7-12;8-10;8-11;8-12;8-13;9-10;9-11;9-12;10-11;10-12;10-13;11-12;11-13,"1,1,1,0,0,1,0,1,0,1,1,0,1,1,1,0,0,1,0,1,0,1,1,0,1,1,1,1,0,0,0,1,1,1,0,1,1,1,1,1,1,1,1,1,1,1,1,0,1,0,1,1,1,1,0,0,1,0,1,1,1,1,0,1,1,0,1,1,1,1,1,1,1,1,1,0,0,1,1,1,1,1,1,1,0,1,1,1,1,1,0"
290,14,66,9,0-1;0-2;0-4;0-5;0-6;0-8;0-10;0-13;1-3;1-4;1-5;1-6;1-8;1-10;1-12;1-13;2-5;2-6;2-7;2-8;2-9;2-10;2-11;2-13;3-4;3-5;3-6;3-7;3-9;3-11;3-12;3-13;4-5;4-6;4-8;4-10;4-12;4-13;5-6;5-7;5-8;5-9;5-10;5-11;5-12;5-13;6-7;6-8;6-9;6-10;6-11;6-12;6-13;7-9;7-11;7-12;7-13;8-10;8-13;9-11;9-12;9-13;10-13;11-12;11-13;12-13,"1,1,0,1,1,1,0,1,0,1,0,0,1,0,1,1,1,1,0,1,0,1,0,1,1,0,0,1,1,1,1,1,1,1,0,1,1,1,1,1,0,1,0,1,1,1,1,1,0,1,0,1,0,1,1,1,1,1,1,1,1,1,1,1,1,1,1,1,1,1,0,1,0,1,1,1,0,1,0,0,1,0,1,1,1,0,0,1,1,1,1"
291,14,66,9,0-1;0-3;0-4;0-7;0-9;0-10;0-12;0-13;1-3;1-4;1-7;1-9;1-10;1-12;1-13;2-3;2-4;2-5;2-6;2-8;2-10;2-11;2-13;3-4;3-5;3-6;3-7;3-10;3-13;4-5;4-6;4-7;4-8;4-9;4-10;4-11;4-12;4-13;5-6;5-8;5-10;5-11;5-13;6-8;6-10;6-11;6-13;7-9;7-10;7-12;7-13;8-9;8-10;8-11;8-12;8-13;9-10;9-11;9-12;9-13;10-11;10-12;10-13;11-12;11-13;12-13,"1,0,1,1,0,0,1,0,1,1,0,1,1,0,1,1,0,0,1,0,1,1,0,1,1,1,1,1,1,0,1,0,1,1,0,1,1,1,1,1,0,0,1,0,0,1,1,1,1,1,1,1,1,1,1,1,0,1,0,1,1,0,1,0,1,0,1,1,0,1,0,1,1,0,1,1,1,1,1,1,1,1,1,1,1,1,1,1,1,1,1"
292,14,66,9,0-1;0-3;0-4;0-6;0-9;0-10;0-11;0-12;0-13;1-2;1-3;1-4;1-5;1-6;1-7;1-8;1-9;1-10;1-11;1-12;1-13;2-3;2-5;2-6;2-7;2-8;2-9;2-10;3-4;3-5;3-6;3-7;3-8;3-9;3-10;3-11;3-12;3-13;4-6;4-7;4-11;4-12;4-13;5-6;5-7;5-8;5-9;5-10;6-7;6-8;6-9;6-10;6-11;6-12;6-13;7-8;7-11;7-13;8-9;8-10;9-10;9-12;10-12;11-12;11-13;12-13,"1,0,1,1,0,1,0,0,1,1,1,1,1,1,1,1,1,1,1,1,1,1,1,1,1,1,0,1,1,1,1,1,1,0,0,0,1,1,1,1,1,1,1,1,1,1,0,1,1,0,0,0,1,1,1,1,1,1,1,1,0,0,0,1,1,1,1,1,1,1,1,0,0,1,0,1,1,1,0,0,0,1,0,1,0,0,1,0,1,1,1"
293,14,66,9,0-1;0-3;0-5;0-7;0-8;0-9;0-10;0-11;0-12;1-3;1-5;1-7;1-8;1-9;1-10;1-11;1-12;2-3;2-4;2-5;2-6;2-8;2-9;2-10;2-11;2-13;3-5;3-8;3-9;3-10;3-11;4-5;4-6;4-7;4-8;4-10;4-12;4-13;5-6;5-7;5-8;5-9;5-10;5-11;5-12;5-13;6-7;6-8;6-10;6-12;6-13;7-8;7-10;7-12;7-13;8-9;8-10;8-11;8-12;8-13;9-10;9-11;10-11;10-12;10-13;12-13,"1,0,1,0,1,0,1,1,1,1,1,1,0,0,1,0,1,0,1,1,1,1,1,1,0,1,1,1,1,0,1,1,1,1,0,1,0,1,0,0,1,1,1,1,0,0,1,1,1,1,0,1,0,1,1,1,1,1,1,1,1,1,1,1,1,0,1,0,1,1,1,0,1,0,1,1,1,1,1,1,1,1,1,0,0,1,1,1,0,0,1"
294,14,66,9,0-1;0-2;0-3;0-4;0-5;0-6;0-7;0-8;0-9;0-10;0-11;0-12;0-13;1-2;1-3;1-4;1-6;1-7;1-10;1-11;1-12;2-3;2-4;2-6;2-7;2-8;2-12;3-4;3-6;3-7;3-8;3-12;4-6;4-7;4-10;4-11;4-12;5-6;5-8;5-9;5-10;5-11;5-12;5-13;6-7;6-8;6-9;6-10;6-11;6-12;6-13;7-8;7-12;8-9;8-12;8-13;9-10;9-11;9-12;9-13;10-11;10-12;10-13;11-12;11-13;12-13,"1,1,1,1,1,1,1,1,1,1,1,1,1,1,1,1,0,1,1,0,0,1,1,1,0,1,1,0,1,1,1,0,0,0,1,0,1,0,1,1,1,0,0,0,1,0,0,1,1,0,0,1,1,1,0,1,0,1,1,1,1,1,1,1,1,1,1,1,1,1,1,0,0,0,1,0,1,0,0,1,1,1,1,1,1,1,1,1,1,1,1"
295,14,67,9,0-2;0-4;0-6;0-7;0-9;0-11;0-12;0-13;1-3;1-5;1-7;1-8;1-9;1-10;1-11;1-12;1-13;2-4;2-6;2-7;2-9;2-11;2-12;2-13;3-5;3-7;3-8;3-9;3-10;3-11;3-12;3-13;4-6;4-8;4-10;4-11;4-12;4-13;5-7;5-8;5-9;5-10;5-11;5-12;5-13;6-8;6-10;6-11;6-12;6-13;7-9;7-11;7-12;7-13;8-10;8-11;8-12;8-13;9-11;9-12;9-13;10-11;10-12;10-13;11-12;11-13;12-13,"0,1,0,1,0,1,1,0,1,0,1,1,1,0,1,0,1,0,1,1,1,1,1,1,1,0,1,0,1,1,0,1,0,1,1,1,0,1,0,1,1,1,1,1,1,1,0,1,0,1,0,1,1,1,1,0,1,1,1,1,1,1,1,0,1,0,1,1,1,1,0,1,0,1,1,1,0,1,1,1,1,0,1,1,1,1,1,1,1,1,1"
296,14,67,9,0-1;0-2;0-3;0-4;0-5;0-7;0-8;0-12;0-13;1-2;1-3;1-4;1-5;1-6;1-7;1-8;1-9;1-10;1-11;1-12;1-13;2-4;2-5;2-6;2-7;2-8;2-10;2-13;3-4;3-5;3-7;3-9;3-11;3-12;3-13;4-5;4-6;4-7;4-8;4-9;4-10;4-11;4-12;4-13;5-7;5-8;5-12;5-13;6-8;6-9;6-10;6-11;6-13;7-8;7-12;7-13;8-10;8-13;9-10;9-11;9-12;9-13;10-11;10-13;11-12;11-13;12-13,"1,1,1,1,1,0,1,1,0,0,0,1,1,1,1,1,1,1,1,1,1,1,1,1,1,0,1,1,1,1,1,0,1,0,0,1,1,1,0,1,0,1,0,1,1,1,1,1,1,1,1,1,1,1,1,0,1,1,0,0,0,1,1,0,1,1,1,1,0,1,1,0,0,0,1,1,0,1,0,0,1,1,1,1,1,1,0,1,1,1,1"
297,14,67,9,0-1;0-2;0-3;0-4;0-5;0-6;0-7;0-8;0-9;0-10;0-11;0-12;0-13;1-2;1-3;1-4;1-7;1-8;1-9;1-11;1-13;2-3;2-5;2-7;2-9;2-10;2-11;3-4;3-5;3-6;3-7;3-8;3-9;3-10;3-11;3-12;3-13;4-6;4-8;4-9;4-11;4-12;4-13;5-6;5-7;5-10;5-11;5-12;6-8;6-10;6-11;6-12;6-13;7-9;7-10;7-11;8-9;8-11;8-12;8-13;9-11;9-13;10-11;10-12;11-12;11-13;12-13,"1,1,1,1,1,1,1,1,1,1,1,1,1,1,1,1,0,0,1,1,1,0,1,0,1,1,0,1,0,1,0,1,1,1,0,0,1,1,1,1,1,1,1,1,1,1,0,1,0,1,1,0,1,1,1,1,1,0,0,1,1,1,0,0,1,0,1,1,1,1,0,1,1,1,0,0,1,0,1,1,1,0,1,0,1,1,1,0,1,1,1"
298,14,67,9,0-1;0-2;0-3;0-4;0-5;0-6;0-7;0-8;0-9;0-10;0-11;0-12;0-13;1-2;1-3;1-4;1-5;1-6;1-7;1-8;1-9;1-10;1-11;1-12;1-13;2-4;2-5;2-6;2-8;2-10;2-11;2-13;3-5;3-7;3-8;3-9;3-11;3-12;4-6;4-7;4-10;4-11;4-12;4-13;5-8;5-9;5-10;5-11;6-7;6-10;6-11;6-12;6-13;7-9;7-11;7-12;7-13;8-9;8-10;8-11;9-11;9-12;10-11;10-13;11-12;11-13;12-13,"1,1,1,1,1,1,1,1,1,1,1,1,1,1,1,1,1,1,1,1,1,1,1,1,1,0,1,1,1,0,1,0,1,1,0,1,0,1,0,1,1,1,0,1,1,0,0,1,1,0,0,1,1,1,1,0,0,1,1,1,1,0,0,1,0,0,1,1,1,1,0,1,0,1,1,1,1,1,1,0,0,0,1,1,0,1,0,1,1,1,1"
299,14,67,9,0-2;0-3;0-4;0-6;0-7;0-8;0-10;0-11;0-12;1-2;1-4;1-5;1-7;1-8;1-9;1-11;1-12;1-13;2-3;2-4;2-5;2-6;2-7;2-8;2-9;2-10;2-11;2-12;2-13;3-4;3-6;3-9;3-10;3-11;3-13;4-5;4-6;4-7;4-8;4-9;4-10;4-11;4-12;4-13;5-7;5-8;5-9;5-11;5-12;5-13;6-7;6-8;6-10;6-11;6-12;7-8;7-11;7-12;8-11;8-12;9-10;9-11;9-13;10-11;10-13;11-12;11-13,"0,1,1,1,0,1,1,1,0,1,1,1,0,1,0,1,1,0,1,1,1,0,1,1,1,1,1,1,1,1,1,1,1,1,1,1,1,0,1,0,0,1,1,1,0,1,1,1,1,1,1,1,1,1,1,0,1,1,1,0,1,1,1,1,1,0,1,1,1,0,1,0,0,1,1,0,0,0,1,1,0,1,1,0,1,1,0,1,1,1,0"
300,14,67,9,0-1;0-2;0-3;0-4;0-7;0-8;0-9;0-10;0-13;1-2;1-3;1-5;1-7;1-8;1-9;1-12;1-13;2-3;2-4;2-7;2-8;2-9;2-10;2-13;3-5;3-7;3-8;3-9;3-12;3-13;4-6;4-7;4-8;4-10;4-11;4-13;5-6;5-7;5-8;5-9;5-11;5-12;5-13;6-7;6-8;6-10;6-11;6-12;6-13;7-8;7-9;7-10;7-11;7-12;7-13;8-9;8-10;8-11;8-12;8-13;9-12;9-13;10-11;10-13;11-12;11-13;12-13,"1,1,1,1,0,0,1,1,1,1,0,0,1,1,1,0,1,0,1,1,1,0,0,1,1,1,1,0,0,1,1,1,1,0,0,1,0,1,0,1,1,1,0,0,1,1,0,1,1,1,0,1,1,0,1,1,1,1,1,0,1,1,1,1,1,0,1,1,1,1,1,1,1,1,1,1,1,1,1,1,1,0,0,1,1,1,0,1,1,1,1"
301,14,67,9,0-2;0-3;0-4;0-5;0-7;0-8;0-9;0-11;0-12;1-2;1-3;1-6;1-8;1-10;1-11;1-12;1-13;2-3;2-6;2-8;2-9;2-11;2-12;3-4;3-5;3-6;3-7;3-8;3-9;3-10;3-11;3-12;3-13;4-5;4-7;4-8;4-9;4-10;4-11;4-13;5-7;5-8;5-9;5-10;5-11;5-13;6-8;6-10;6-11;6-12;6-13;7-8;7-9;7-10;7-11;7-13;8-9;8-10;8-11;8-12;8-13;9-11;9-12;10-11;10-13;11-12;11-13,"0,1,1,1,1,0,1,1,1,0,1,1,0,1,1,0,0,1,0,1,0,1,1,1,1,1,0,0,1,0,1,1,0,1,1,0,1,1,1,1,1,1,1,1,1,1,1,0,1,1,1,1,1,0,1,0,1,1,1,1,1,0,1,0,1,0,1,1,1,1,1,1,1,1,0,1,1,1,1,1,1,0,1,1,0,1,0,1,1,1,0"
302,14,67,9,0-1;0-2;0-3;0-4;0-5;0-6;0-7;0-8;0-9;0-10;0-11;0-12;0-13;1-2;1-3;1-7;1-8;1-10;1-12;1-13;2-3;2-7;2-8;2-10;2-12;2-13;3-4;3-8;3-9;3-10;3-11;3-13;4-5;4-6;4-8;4-9;4-10;4-11;4-13;5-6;5-7;5-8;5-9;5-11;5-12;5-13;6-7;6-8;6-9;6-11;6-12;6-13;7-8;7-12;7-13;8-9;8-10;8-11;8-12;8-13;9-10;9-11;9-13;10-11;10-13;11-13;12-13,"1,1,1,1,1,1,1,1,1,1,1,1,1,1,1,0,0,0,1,1,0,1,0,1,1,1,0,0,0,1,1,0,1,0,1,1,1,0,0,0,1,1,1,1,0,1,1,1,0,1,1,1,1,0,1,1,1,1,1,0,1,1,1,1,1,1,0,1,1,1,1,0,0,0,1,1,1,1,1,1,1,1,1,0,1,1,0,1,0,1,1"
303,14,67,9,0-1;0-3;0-4;0-6;0-7;0-8;0-9;0-10;0-12;1-2;1-3;1-4;1-5;1-6;1-7;1-8;1-9;1-10;1-11;1-12;1-13;2-4;2-5;2-7;2-8;2-9;2-10;2-11;2-13;3-4;3-6;3-7;3-8;3-9;3-10;3-12;4-7;4-8;4-9;4-10;4-11;5-6;5-8;5-10;5-11;5-12;5-13;6-8;6-10;6-12;6-13;7-8;7-9;7-10;7-11;8-9;8-10;8-11;8-12;8-13;9-10;9-11;10-11;10-12;10-13;11-13;12-13,"1,0,1,1,0,1,1,1,1,1,0,1,0,1,1,1,1,1,1,1,1,1,1,1,1,0,1,1,0,1,1,1,1,1,0,1,1,0,1,1,1,1,1,0,1,0,0,0,1,1,1,1,1,0,0,1,0,1,0,1,1,1,1,0,1,0,1,0,1,1,1,1,1,1,0,0,1,1,1,1,1,1,1,0,0,1,1,1,0,1,1"
304,14,67,9,0-1;0-2;0-3;0-6;0-7;0-8;0-9;0-11;0-13;1-2;1-3;1-4;1-5;1-6;1-7;1-8;1-9;1-10;1-11;1-12;1-13;2-3;2-4;2-5;2-7;2-8;2-9;2-13;3-6;3-7;3-8;3-9;3-11;3-13;4-5;4-7;4-8;4-9;4-10;4-12;4-13;5-7;5-8;5-9;5-10;5-12;5-13;6-7;6-8;6-10;6-11;6-12;7-8;7-9;7-10;7-11;7-12;7-13;8-9;8-10;8-11;8-12;8-13;9-13;10-11;10-12;11-12,"1,1,1,0,0,1,1,1,1,0,1,0,1,1,1,1,1,1,1,1,1,1,1,1,1,1,1,1,0,1,1,1,0,0,0,1,0,0,1,1,1,1,0,1,0,1,1,0,1,1,1,1,0,1,1,0,1,1,1,1,0,1,1,1,1,0,1,1,1,0,1,1,1,1,1,1,1,1,1,1,1,0,0,0,1,1,1,0,1,0,0"
305,14,67,9,0-3;0-4;0-5;0-6;0-7;0-9;0-10;0-11;0-12;1-2;1-3;1-4;1-6;1-7;1-8;1-9;1-13;2-3;2-5;2-7;2-8;2-9;2-10;2-12;2-13;3-4;3-5;3-6;3-7;3-8;3-9;3-10;3-11;3-12;3-13;4-6;4-7;4-9;4-11;4-13;5-7;5-8;5-9;5-10;5-11;5-12;6-7;6-9;6-11;6-13;7-8;7-9;7-10;7-11;7-12;7-13;8-9;8-10;8-12;8-13;9-10;9-11;9-12;9-13;10-11;10-12;11-12,"0,0,1,1,1,1,1,0,1,1,1,1,0,1,1,1,0,1,1,1,1,0,0,0,1,1,0,1,0,1,1,1,1,0,1,1,1,1,1,1,1,1,1,1,1,1,0,1,1,0,1,0,1,0,1,0,1,1,1,1,1,1,0,1,0,1,0,1,0,1,1,1,1,1,1,1,1,1,0,1,1,1,1,1,1,1,1,0,1,0,0"
306,14,67,9,0-1;0-2;0-3;0-4;0-5;0-6;0-7;0-8;0-9;0-10;0-11;0-12;0-13;1-2;1-5;1-6;1-7;1-8;1-9;1-10;1-11;2-3;2-4;2-5;2-6;2-8;2-10;2-11;3-4;3-5;3-8;3-10;3-11;3-12;3-13;4-5;4-8;4-10;4-11;4-12;4-13;5-6;5-7;5-8;5-9;5-10;5-11;5-12;5-13;6-7;6-8;6-9;6-10;6-11;7-9;7-10;7-12;7-13;8-10;8-11;9-10;9-12;9-13;10-11;10-12;10-13;12-13,"1,1,1,1,1,1,1,1,1,1,1,1,1,1,0,0,1,1,1,1,1,1,1,0,0,1,1,1,1,0,1,0,1,1,0,0,1,1,0,0,1,0,1,1,1,1,1,0,0,1,0,1,1,1,1,1,1,1,1,1,1,1,1,1,1,1,1,1,0,0,0,1,1,0,1,1,0,1,1,0,0,1,0,1,1,1,1,1,0,0,1"
307,14,67,9,0-1;0-2;0-4;0-5;0-8;0-9;0-10;0-11;0-12;1-2;1-3;1-4;1-5;1-6;1-7;1-8;1-9;1-10;1-11;1-12;1-13;2-3;2-4;2-6;2-8;2-10;2-11;2-12;3-4;3-6;3-7;3-10;3-11;3-12;3-13;4-5;4-6;4-7;4-8;4-9;4-10;4-11;4-12;4-13;5-7;5-8;5-9;5-11;5-13;6-7;6-10;6-11;6-12;6-13;7-9;7-11;7-13;8-9;8-10;8-11;8-12;9-11;9-13;10-11;10-12;11-12;11-13,"1,1,0,1,1,0,0,1,1,1,1,1,0,1,1,1,1,1,1,1,1,1,1,1,1,1,1,0,1,0,1,0,1,1,1,0,1,0,1,1,0,0,1,1,1,1,1,1,1,1,1,1,1,1,1,0,1,1,1,0,1,0,1,1,0,0,1,1,1,1,0,1,0,1,0,1,1,1,1,1,0,0,1,0,1,1,1,0,1,1,0"
308,14,67,9,0-2;0-3;0-5;0-6;0-7;0-8;0-9;0-10;0-12;1-2;1-3;1-4;1-8;1-9;1-10;1-11;1-12;1-13;2-3;2-4;2-5;2-6;2-7;2-8;2-9;2-10;2-11;2-12;2-13;3-6;3-8;3-9;3-10;3-11;3-12;4-5;4-7;4-8;4-10;4-11;4-13;5-6;5-7;5-8;5-10;5-13;6-7;6-8;6-9;6-10;6-12;7-8;7-10;7-13;8-9;8-10;8-11;8-12;8-13;9-10;9-11;9-12;10-11;10-12;10-13;11-12;11-13,"0,1,1,0,1,1,1,1,1,1,0,1,0,1,1,1,0,0,0,1,1,1,1,1,1,1,1,1,1,1,1,1,1,1,1,1,0,0,1,0,1,1,1,1,1,0,1,0,1,1,0,1,1,0,1,1,1,1,0,1,0,0,1,1,1,1,1,0,1,0,1,0,1,0,0,1,1,1,1,1,1,1,1,1,0,1,1,1,1,1,0"
309,14,67,9,0-4;0-5;0-6;0-7;0-8;0-9;0-10;0-11;0-12;1-2;1-3;1-5;1-6;1-7;1-11;1-12;1-13;2-3;2-4;2-6;2-10;2-11;2-12;2-13;3-4;3-6;3-10;3-11;3-12;3-13;4-6;4-8;4-9;4-10;4-11;4-12;5-6;5-7;5-8;5-9;5-11;5-12;5-13;6-7;6-8;6-9;6-10;6-11;6-12;6-13;7-8;7-9;7-11;7-12;7-13;8-9;8-10;8-11;8-12;9-10;9-11;9-12;10-11;10-12;11-12;11-13;12-13,"0,0,0,1,1,1,1,1,1,1,1,1,0,1,1,0,1,1,1,0,0,0,1,1,1,1,1,0,1,0,0,0,1,1,1,1,1,0,1,0,0,0,1,1,1,1,0,1,0,1,1,1,1,1,0,1,1,1,1,0,1,1,1,1,1,1,1,1,1,1,1,1,0,1,1,1,1,1,1,1,0,1,1,1,0,1,1,0,1,1,1"
310,14,67,9,0-1;0-2;0-3;0-5;0-7;0-9;0-11;0-13;1-2;1-3;1-4;1-5;1-6;1-7;1-8;1-9;1-10;1-11;1-12;1-13;2-3;2-4;2-5;2-6;2-7;2-8;2-9;2-10;2-11;2-12;2-13;3-6;3-9;3-10;3-11;3-13;4-5;4-6;4-7;4-8;4-10;4-12;4-13;5-7;5-8;5-11;5-12;5-13;6-8;6-9;6-10;6-12;6-13;7-8;7-11;7-12;7-13;8-10;8-12;8-13;9-10;9-11;9-13;10-12;10-13;11-13;12-13,"1,1,1,0,1,0,1,0,1,0,1,0,1,1,1,1,1,1,1,1,1,1,1,1,1,1,1,1,1,1,1,1,1,1,1,1,0,0,1,0,0,1,1,1,0,1,1,1,1,1,0,1,0,1,1,0,1,1,0,0,1,1,1,0,1,1,1,0,1,1,1,0,0,1,1,1,0,1,0,1,1,1,1,0,1,0,1,1,0,1,1"
311,14,67,9,0-1;0-2;0-3;0-4;0-5;0-7;0-8;0-9;0-13;1-2;1-3;1-4;1-5;1-6;1-7;1-8;1-9;1-10;1-11;1-12;1-13;2-3;2-4;2-5;2-7;2-8;2-9;2-13;3-4;3-7;3-9;3-11;3-12;3-13;4-5;4-6;4-7;4-8;4-9;4-10;4-11;4-12;4-13;5-6;5-7;5-8;5-10;6-7;6-8;6-10;6-11;6-12;7-8;7-9;7-10;7-11;7-12;7-13;8-10;9-11;9-12;9-13;10-11;10-12;11-12;11-13;12-13,"1,1,1,1,1,0,1,1,1,0,0,0,1,1,1,1,1,1,1,1,1,1,1,1,1,1,1,1,0,1,1,1,0,0,0,1,1,0,0,1,0,1,0,1,1,1,1,1,1,1,1,1,1,1,1,1,1,1,0,1,0,0,0,1,1,0,1,1,1,0,1,1,1,1,1,1,0,1,0,0,0,0,1,1,1,1,1,0,1,1,1"
312,14,67,9,0-1;0-3;0-5;0-6;0-8;0-9;0-10;0-11;0-13;1-2;1-3;1-4;1-5;1-6;1-8;1-9;1-11;2-3;2-4;2-5;2-6;2-7;2-8;2-11;2-12;3-4;3-5;3-6;3-8;3-9;3-11;4-5;4-6;4-7;4-8;4-11;4-12;5-6;5-7;5-8;5-9;5-10;5-11;5-12;5-13;6-7;6-8;6-9;6-10;6-11;6-12;6-13;7-8;7-10;7-12;7-13;8-9;8-10;8-11;8-12;8-13;9-10;9-11;9-13;10-12;10-13;12-13,"1,0,1,0,1,1,0,1,1,1,1,0,1,1,1,1,1,1,0,1,1,0,1,0,0,1,1,1,1,1,1,0,0,1,1,0,1,1,1,0,1,1,0,1,0,0,1,1,1,1,0,0,1,1,0,1,1,1,1,1,1,1,1,1,1,1,1,1,1,1,1,0,1,0,1,1,1,1,1,1,1,1,1,0,1,0,1,1,0,0,1"
313,14,67,9,0-1;0-2;0-3;0-4;0-5;0-6;0-8;0-11;0-12;1-2;1-3;1-4;1-5;1-6;1-7;1-8;1-9;1-10;1-11;1-12;1-13;2-3;2-4;2-5;2-6;2-7;2-8;2-9;2-10;2-11;2-12;2-13;3-4;3-5;3-6;3-8;3-11;3-12;4-5;4-7;4-10;4-12;5-7;5-10;5-12;6-8;6-9;6-11;6-12;6-13;7-9;7-10;7-12;7-13;8-9;8-11;8-12;8-13;9-10;9-11;9-12;9-13;10-12;10-13;11-12;11-13;12-13,"1,1,1,1,1,1,0,1,0,0,1,1,0,1,1,1,1,1,1,1,1,1,1,1,1,1,1,1,1,1,1,1,1,1,1,1,1,1,1,0,1,0,0,1,1,0,1,0,1,0,0,1,0,1,0,0,1,0,0,1,0,1,0,0,1,1,0,1,1,1,0,1,1,0,1,1,1,0,1,1,1,1,1,1,1,0,1,1,1,1,1"
314,14,67,9,0-2;0-3;0-4;0-6;0-7;0-9;0-11;0-12;0-13;1-4;1-5;1-6;1-7;1-8;1-9;1-10;1-12;1-13;2-3;2-4;2-5;2-8;2-9;2-11;2-13;3-4;3-6;3-7;3-9;3-11;3-12;3-13;4-5;4-6;4-7;4-8;4-9;4-10;4-11;4-12;4-13;5-8;5-9;5-10;5-11;5-13;6-7;6-9;6-10;6-12;6-13;7-9;7-10;7-12;7-13;8-9;8-10;8-11;8-13;9-10;9-11;9-12;9-13;10-12;10-13;11-13;12-13,"0,1,1,1,0,1,1,0,1,0,1,1,1,0,0,1,1,1,1,1,1,1,0,1,1,1,1,1,0,0,1,1,0,1,0,1,1,0,1,1,0,1,0,1,1,1,1,1,1,1,1,1,1,1,1,0,0,1,1,1,1,0,1,1,0,1,1,0,1,1,0,1,1,0,1,1,1,1,1,0,1,1,1,1,1,0,1,1,0,1,1"
315,14,67,9,0-1;0-2;0-3;0-4;0-5;0-6;0-7;0-8;0-9;0-10;0-11;0-12;0-13;1-2;1-4;1-6;1-7;1-8;1-9;1-11;1-13;2-3;2-4;2-6;2-7;2-11;2-12;2-13;3-5;3-6;3-7;3-10;3-12;3-13;4-6;4-7;4-8;4-9;4-11;4-13;5-7;5-8;5-9;5-10;5-12;5-13;6-7;6-11;6-12;6-13;7-8;7-9;7-10;7-11;7-12;7-13;8-9;8-10;8-11;8-13;9-10;9-11;9-13;10-12;10-13;11-13;12-13,"1,1,1,1,1,1,1,1,1,1,1,1,1,1,0,1,0,1,1,1,1,0,1,0,1,1,1,0,1,1,0,0,0,1,1,1,0,1,1,1,0,0,1,0,1,1,0,1,1,1,1,0,1,0,1,0,1,1,1,1,0,1,1,1,0,0,0,1,1,1,1,1,1,1,1,1,1,1,1,0,1,1,1,0,1,0,1,1,0,1,1"
316,14,68,9,0-2;0-4;0-6;0-7;0-8;0-9;0-11;0-12;0-13;1-3;1-5;1-6;1-7;1-9;1-10;1-11;1-12;1-13;2-4;2-6;2-8;2-10;2-11;2-12;2-13;3-5;3-7;3-8;3-9;3-10;3-11;3-12;3-13;4-6;4-8;4-10;4-11;4-12;4-13;5-7;5-8;5-9;5-10;5-11;5-12;5-13;6-7;6-9;6-11;6-12;6-13;7-9;7-11;7-12;7-13;8-10;8-11;8-12;8-13;9-11;9-12;9-13;10-11;10-12;10-13;11-12;11-13;12-13,"0,1,0,1,0,1,1,1,1,0,1,1,1,0,1,0,1,1,1,0,1,1,1,1,1,0,1,0,1,0,1,0,1,1,1,1,0,1,0,1,1,1,1,1,1,1,0,1,0,1,0,1,1,1,1,0,1,1,1,1,1,1,1,1,0,1,0,1,1,1,0,1,0,1,1,1,0,1,1,1,1,0,1,1,1,1,1,1,1,1,1"
317,14,68,9,0-1;0-2;0-3;0-4;0-6;0-7;0-9;0-10;0-13;1-2;1-3;1-4;1-6;1-7;1-11;1-12;1-13;2-3;2-4;2-5;2-6;2-7;2-8;2-9;2-10;2-11;2-12;2-13;3-4;3-5;3-6;3-7;3-8;3-9;3-10;3-11;3-12;3-13;4-5;4-6;4-7;4-8;4-9;4-10;4-11;4-12;4-13;5-8;5-9;5-10;5-11;5-12;6-7;6-11;6-12;6-13;7-9;7-10;7-13;8-9;8-10;8-11;8-12;9-10;9-12;10-13;11-12;11-13,"1,1,1,1,0,1,1,0,1,1,0,0,1,1,1,1,0,1,1,0,0,0,1,1,1,1,1,1,1,1,1,1,1,1,1,1,1,1,1,1,1,1,1,1,1,1,1,1,1,1,1,1,1,1,1,0,0,1,1,1,1,1,0,1,0,0,0,1,1,1,0,1,1,0,0,1,1,1,1,1,0,1,0,1,0,0,0,1,1,1,0"
318,14,68,9,0-3;0-4;0-5;0-6;0-7;0-8;0-9;0-10;0-11;1-2;1-5;1-6;1-7;1-8;1-10;1-11;1-12;1-13;2-3;2-6;2-7;2-8;2-10;2-12;2-13;3-4;3-6;3-7;3-8;3-9;3-10;3-12;4-5;4-6;4-7;4-8;4-9;4-10;4-11;5-6;5-7;5-8;5-9;5-11;5-13;6-7;6-8;6-9;6-10;6-11;6-12;6-13;7-8;7-9;7-10;7-11;7-12;7-13;8-9;8-10;8-11;8-12;8-13;9-11;9-13;10-12;11-13;12-13,"0,0,1,1,1,1,1,1,1,1,1,0,0,1,0,0,1,1,1,1,0,1,1,1,1,1,0,0,1,1,1,0,1,0,1,1,1,0,1,1,1,1,1,0,1,0,1,1,1,1,1,1,1,0,0,1,1,1,1,0,1,0,1,1,1,1,1,1,1,1,1,1,1,1,1,1,1,1,1,1,1,0,1,0,1,0,1,0,0,1,1"
319,14,68,9,0-1;0-2;0-3;0-5;0-8;0-9;0-10;0-11;0-12;1-2;1-4;1-5;1-8;1-10;1-12;1-13;2-4;2-5;2-8;2-10;2-12;2-13;3-5;3-6;3-7;3-8;3-9;3-10;3-11;3-12;4-6;4-7;4-8;4-10;4-11;4-12;4-13;5-8;5-9;5-10;5-12;5-13;6-7;6-8;6-9;6-10;6-11;6-12;6-13;7-8;7-9;7-10;7-11;7-12;7-13;8-9;8-10;8-11;8-12;8-13;9-10;9-11;9-12;10-11;10-12;10-13;11-12;12-13,"1,1,1,0,1,0,0,1,1,1,1,1,0,1,0,1,1,0,0,1,0,1,0,1,1,0,1,1,0,0,1,0,1,0,1,1,0,1,1,1,1,1,1,1,1,0,0,1,1,1,0,1,1,1,1,0,0,1,1,1,0,1,1,1,1,1,1,1,1,1,1,1,1,1,1,1,1,1,1,1,1,1,1,1,0,1,1,1,1,0,1"
320,14,68,9,0-1;0-2;0-3;0-4;0-5;0-6;0-7;0-8;0-9;0-10;0-11;0-12;0-13;1-2;1-3;1-4;1-5;1-7;1-8;1-11;1-12;2-3;2-4;2-5;2-6;2-7;2-8;2-9;2-10;2-11;2-12;2-13;3-4;3-5;3-6;3-8;3-10;3-13;4-5;4-6;4-8;4-10;4-13;5-6;5-7;5-8;5-9;5-10;5-11;5-12;5-13;6-8;6-9;6-10;6-13;7-8;7-9;7-11;7-12;8-11;9-10;9-11;9-12;9-13;10-12;10-13;11-12;12-13,"1,1,1,1,1,1,1,1,1,1,1,1,1,1,1,1,1,0,1,1,0,0,1,1,0,1,1,1,1,1,1,1,1,1,1,1,1,1,1,0,1,0,1,0,0,1,1,1,0,1,0,1,0,0,1,1,1,1,1,1,1,1,1,0,1,1,1,0,0,1,1,1,0,1,1,0,0,0,1,0,0,1,1,1,1,0,1,1,1,0,1"
321,14,68,9,0-1;0-2;0-3;0-6;0-7;0-9;0-11;0-12;0-13;1-2;1-3;1-4;1-5;1-6;1-7;1-8;1-9;1-10;1-11;1-12;1-13;2-3;2-4;2-5;2-6;2-7;2-8;2-9;2-10;2-11;2-12;2-13;3-4;3-5;3-6;3-7;3-8;3-9;3-10;3-11;3-12;3-13;4-5;4-8;4-9;4-10;4-12;4-13;5-6;5-8;5-10;5-13;6-7;6-8;6-11;6-13;7-9;7-10;7-11;7-12;8-10;8-13;9-10;9-11;9-12;10-12;11-12;11-13,"1,1,1,0,0,1,1,0,1,0,1,1,1,1,1,1,1,1,1,1,1,1,1,1,1,1,1,1,1,1,1,1,1,1,1,1,1,1,1,1,1,1,1,1,1,1,1,0,0,1,1,1,0,1,1,1,0,1,0,1,0,0,1,1,1,0,0,1,0,1,0,1,1,1,1,0,0,1,0,0,1,1,1,1,0,0,1,0,1,1,0"
322,14,68,9,0-1;0-2;0-3;0-5;0-6;0-7;0-8;0-9;0-12;1-2;1-3;1-4;1-5;1-8;1-9;1-12;2-3;2-4;2-5;2-6;2-7;2-8;2-9;2-10;2-11;2-12;2-13;3-4;3-5;3-6;3-7;3-8;3-9;3-10;3-11;3-12;3-13;4-8;4-9;4-10;4-11;4-12;4-13;5-6;5-7;5-9;5-12;5-13;6-7;6-9;6-10;6-11;6-13;7-9;7-10;7-11;7-13;8-9;8-10;8-11;8-12;9-10;9-11;9-12;9-13;10-11;10-13;11-13,"1,1,1,0,1,1,1,1,1,0,0,1,0,1,1,1,1,0,0,1,1,0,0,1,0,1,1,1,1,1,1,1,1,1,1,1,1,1,1,1,1,1,1,1,1,1,0,0,0,1,1,1,1,1,1,1,1,0,1,0,0,1,1,1,0,1,1,1,0,1,0,1,1,1,0,1,1,1,1,1,0,1,1,1,1,1,0,1,0,1,0"
323,14,68,9,0-1;0-2;0-3;0-4;0-5;0-6;0-7;0-8;0-9;0-10;0-11;0-12;0-13;1-2;1-3;1-4;1-5;1-6;1-7;1-10;1-12;2-3;2-4;2-5;2-6;2-7;2-8;2-9;2-10;2-11;2-12;2-13;3-4;3-6;3-7;3-10;3-12;3-13;4-5;4-6;4-7;4-8;4-11;5-6;5-7;5-8;5-9;5-11;6-7;6-8;6-11;7-8;7-9;7-10;7-11;7-12;7-13;8-9;8-11;8-13;9-10;9-11;9-12;9-13;10-12;10-13;11-13;12-13,"1,1,1,1,1,1,1,1,1,1,1,1,1,1,1,1,1,1,1,0,0,1,0,1,0,1,1,1,1,1,1,1,1,1,1,1,1,0,1,1,0,0,1,0,1,1,1,1,1,1,0,0,1,0,0,1,1,1,1,0,1,0,0,1,1,0,0,1,0,0,1,1,1,1,1,1,1,0,1,0,1,1,1,1,1,0,1,1,0,1,1"
324,14,68,9,0-2;0-3;0-4;0-5;0-6;0-7;0-10;0-12;0-13;1-2;1-3;1-5;1-6;1-8;1-9;1-10;1-11;1-12;2-3;2-4;2-5;2-6;2-7;2-8;2-9;2-10;2-11;2-12;2-13;3-5;3-6;3-8;3-10;3-11;3-12;4-5;4-7;4-8;4-9;4-11;4-12;4-13;5-6;5-7;5-8;5-9;5-10;5-11;5-12;5-13;6-10;6-12;6-13;7-8;7-9;7-11;7-12;7-13;8-9;8-11;8-12;9-11;9-12;9-13;10-12;10-13;11-12;12-13,"0,1,1,1,1,1,1,0,0,1,0,1,1,1,1,0,1,1,0,1,1,1,1,1,0,1,1,1,1,1,1,1,1,1,1,1,0,1,1,0,1,0,1,1,1,0,1,0,1,1,1,0,1,1,1,1,1,1,1,1,1,1,1,0,0,0,1,0,1,1,1,1,0,1,1,1,1,0,1,1,0,0,1,1,1,0,1,1,1,0,1"
325,14,68,9,0-1;0-2;0-5;0-6;0-7;0-8;0-11;0-12;0-13;1-2;1-3;1-4;1-5;1-6;1-7;1-8;1-9;1-10;1-11;1-12;1-13;2-3;2-5;2-6;2-7;2-8;2-11;2-12;3-4;3-5;3-6;3-9;3-10;3-11;3-12;4-5;4-6;4-9;4-10;4-11;4-12;4-13;5-6;5-7;5-8;5-9;5-10;5-11;5-12;5-13;6-9;6-11;6-12;7-8;7-10;7-11;7-13;8-10;8-11;8-13;9-10;9-11;9-12;9-13;10-11;10-13;11-12;11-13,"1,1,0,0,1,1,1,1,0,0,1,1,1,1,1,1,1,1,1,1,1,1,1,1,1,1,0,1,1,1,1,0,0,1,1,0,1,1,1,0,0,1,1,1,1,0,1,1,0,0,1,1,1,1,1,1,1,1,1,1,1,1,1,0,0,1,0,1,1,0,1,0,1,1,0,1,0,1,1,0,1,1,1,1,1,1,0,1,1,1,0"
326,14,68,9,0-1;0-2;0-3;0-4;0-5;0-7;0-9;0-10;0-12;1-3;1-4;1-5;1-7;1-8;1-9;1-10;1-12;2-3;2-4;2-6;2-7;2-10;2-11;2-12;2-13;3-4;3-7;3-10;3-12;3-13;4-7;4-10;4-12;4-13;5-6;5-7;5-8;5-9;5-10;5-11;5-12;6-7;6-8;6-9;6-10;6-11;6-12;6-13;7-8;7-9;7-10;7-11;7-12;7-13;8-9;8-10;8-11;8-12;8-13;9-10;9-11;9-12;10-11;10-12;10-13;11-12;11-13;12-13,"1,1,1,1,1,0,1,0,1,1,0,1,0,0,1,1,1,0,1,1,1,1,0,1,0,1,1,0,1,1,0,0,1,1,1,1,1,0,0,1,0,0,1,0,1,1,0,0,1,0,0,1,0,1,1,1,1,1,1,1,1,1,0,1,1,1,1,1,1,1,1,1,1,1,1,1,1,1,1,1,1,1,1,1,0,1,1,1,1,1,1"
327,14,68,9,0-1;0-2;0-4;0-5;0-8;0-9;0-11;0-12;0-13;1-2;1-3;1-4;1-6;1-10;1-11;1-12;1-13;2-3;2-4;2-8;2-9;2-11;2-12;2-13;3-4;3-6;3-7;3-10;3-11;3-12;3-13;4-5;4-6;4-7;4-8;4-9;4-10;4-11;4-12;4-13;5-6;5-7;5-8;5-9;5-10;5-11;5-13;6-7;6-10;6-11;6-12;6-13;7-8;7-9;7-10;7-11;7-13;8-9;8-11;8-13;9-11;9-13;10-11;10-12;10-13;11-12;11-13;12-13,"1,1,0,1,1,0,0,1,1,0,1,1,1,1,1,1,0,1,0,0,0,1,1,1,1,1,1,0,0,0,1,1,0,1,1,1,1,0,1,1,0,0,1,1,1,1,1,1,1,1,1,1,1,1,1,1,1,1,1,1,1,0,1,1,0,0,1,1,1,1,1,1,1,1,0,1,1,0,1,0,1,0,1,0,1,1,1,1,1,1,1"
328,14,68,9,0-1;0-3;0-4;0-8;0-9;0-10;0-11;0-12;1-2;1-3;1-4;1-6;1-9;1-10;1-11;1-12;2-3;2-5;2-6;2-7;2-9;2-10;2-12;2-13;3-4;3-5;3-6;3-7;3-8;3-9;3-10;3-11;3-12;3-13;4-7;4-8;4-9;4-11;4-12;4-13;5-6;5-7;5-8;5-9;5-10;5-12;5-13;6-7;6-9;6-10;6-12;6-13;7-8;7-9;7-12;7-13;8-9;8-11;8-12;8-13;9-10;9-11;9-12;9-13;10-11;10-12;11-12;12-13,"1,0,1,1,0,0,0,1,1,1,1,1,0,1,1,1,0,1,0,0,1,1,1,1,0,1,0,1,1,1,0,1,1,0,1,1,1,1,1,1,1,1,1,1,1,1,0,0,1,1,1,0,1,1,1,1,1,1,1,1,0,1,1,1,0,1,1,0,1,1,1,1,0,0,1,1,1,0,1,1,1,1,1,1,1,1,1,0,1,0,1"
329,14,68,9,0-1;0-2;0-3;0-5;0-6;0-8;0-10;0-11;0-13;1-2;1-3;1-4;1-5;1-6;1-7;1-8;1-9;1-10;1-11;1-12;1-13;2-3;2-4;2-5;2-6;2-7;2-8;2-9;2-10;2-11;2-12;2-13;3-4;3-5;3-7;3-9;3-10;3-13;4-7;4-9;4-10;4-12;4-13;5-6;5-8;5-10;5-11;5-13;6-8;6-10;6-11;6-12;6-13;7-8;7-9;7-10;7-11;7-12;8-10;8-11;8-12;9-10;9-12;9-13;10-11;10-12;10-13;11-12,"1,1,1,0,1,1,0,1,0,1,1,0,1,1,1,1,1,1,1,1,1,1,1,1,1,1,1,1,1,1,1,1,1,1,1,1,1,1,0,1,0,1,1,0,0,1,0,0,1,0,1,1,0,1,1,1,0,1,0,1,1,0,1,0,1,0,1,1,1,1,1,1,1,1,1,0,0,1,1,1,0,1,0,1,1,1,1,1,1,0,0"
330,14,68,9,0-1;0-2;0-3;0-4;0-6;0-8;0-11;0-12;0-13;1-2;1-3;1-4;1-5;1-6;1-7;1-8;1-9;1-10;1-11;1-12;1-13;2-3;2-5;2-7;2-8;2-10;2-11;2-12;3-6;3-7;3-8;3-10;3-11;3-12;4-5;4-6;4-9;4-11;4-12;4-13;5-7;5-9;5-10;5-11;5-12;5-13;6-8;6-9;6-11;6-12;6-13;7-8;7-9;7-10;7-11;7-12;8-10;8-11;8-12;9-10;9-11;9-12;9-13;10-11;10-12;11-12;11-13;12-13,"1,1,1,1,0,1,0,1,0,0,1,1,1,1,1,1,1,1,1,1,1,1,1,1,1,1,0,1,0,1,1,0,1,1,1,0,0,0,1,1,1,0,1,1,1,0,1,1,0,0,1,0,1,1,1,0,1,0,1,1,1,1,1,0,1,1,0,1,1,1,1,1,1,1,1,0,0,1,1,1,0,1,1,1,1,1,1,0,1,1,1"
331,14,68,9,0-1;0-2;0-3;0-5;0-6;0-7;0-8;0-9;0-10;1-3;1-4;1-5;1-6;1-8;1-9;1-10;1-13;2-5;2-6;2-7;2-8;2-9;2-10;2-11;2-12;3-4;3-5;3-6;3-8;3-9;3-11;3-13;4-5;4-6;4-8;4-11;4-12;4-13;5-6;5-7;5-8;5-9;5-10;5-11;5-12;5-13;6-7;6-8;6-9;6-10;6-11;6-12;6-13;7-8;7-9;7-10;7-11;7-12;8-9;8-10;8-11;8-12;8-13;9-10;10-12;11-12;11-13;12-13,"1,1,1,0,1,1,1,1,1,1,0,0,0,0,1,1,1,1,0,1,1,1,0,0,1,0,0,1,1,1,1,1,1,1,1,0,1,1,1,0,1,1,0,1,0,1,1,1,0,1,0,0,1,1,1,1,1,1,1,1,1,1,1,1,1,1,1,1,1,1,1,1,1,1,1,0,1,1,1,1,1,1,0,0,0,0,1,0,1,1,1"
332,14,68,9,0-1;0-2;0-4;0-5;0-6;0-7;0-8;0-9;0-12;1-2;1-3;1-4;1-5;1-6;1-7;1-8;1-9;1-10;1-11;1-12;1-13;2-3;2-4;2-7;2-8;2-9;2-10;2-12;3-4;3-6;3-9;3-10;3-11;3-12;3-13;4-5;4-6;4-7;4-8;4-9;4-10;4-11;4-12;4-13;5-6;5-7;5-8;5-11;5-12;5-13;6-8;6-11;6-12;6-13;7-8;7-9;7-10;7-12;8-9;8-12;9-10;9-12;10-11;10-12;10-13;11-12;11-13;12-13,"1,1,0,1,1,1,1,1,1,0,0,1,0,1,1,1,1,1,1,1,1,1,1,1,1,1,1,0,0,1,1,1,1,0,1,0,1,0,1,0,0,1,1,1,1,1,1,1,1,1,1,1,1,1,1,1,1,1,0,0,1,1,1,0,1,0,0,1,1,1,1,1,1,0,1,0,1,0,0,1,0,1,0,1,0,1,1,1,1,1,1"
333,14,68,9,0-1;0-2;0-3;0-4;0-5;0-6;0-7;0-8;0-9;0-10;0-11;0-12;0-13;1-2;1-3;1-6;1-8;1-9;1-10;1-11;1-13;2-3;2-4;2-6;2-8;2-9;2-11;2-12;3-6;3-8;3-9;3-10;3-11;3-12;4-5;4-6;4-7;4-9;4-11;4-12;4-13;5-6;5-7;5-10;5-11;5-12;5-13;6-7;6-8;6-9;6-10;6-11;6-12;6-13;7-10;7-11;7-12;7-13;8-9;8-10;8-11;8-13;9-11;9-12;10-11;10-13;11-12;11-13,"1,1,1,1,1,1,1,1,1,1,1,1,1,1,1,0,0,1,0,1,1,1,1,0,1,1,1,0,1,0,1,1,0,1,1,0,0,0,1,0,1,1,1,1,1,0,1,1,1,0,1,0,1,1,1,1,1,0,0,1,1,1,1,1,1,1,1,1,1,1,0,0,1,1,1,1,1,1,1,0,1,0,1,1,0,1,0,1,1,1,0"
334,14,68,9,0-3;0-4;0-6;0-8;0-9;0-10;0-11;0-12;0-13;1-2;1-4;1-5;1-6;1-7;1-8;1-10;1-11;1-13;2-5;2-7;2-8;2-9;2-11;2-12;2-13;3-4;3-6;3-8;3-9;3-10;3-11;3-12;3-13;4-6;4-7;4-8;4-10;4-11;4-13;5-7;5-8;5-9;5-11;5-12;5-13;6-8;6-10;6-11;6-12;6-13;7-8;7-9;7-10;7-11;7-13;8-9;8-10;8-11;8-12;8-13;9-11;9-12;9-13;10-11;10-13;11-12;11-13;12-13,"0,0,1,1,0,1,0,1,1,1,1,1,1,1,0,1,1,1,1,1,0,1,1,0,1,0,0,1,0,1,1,1,0,1,1,1,1,0,1,0,1,1,1,1,1,1,0,1,1,1,0,1,1,0,1,0,1,1,1,0,1,1,1,0,1,0,1,1,1,1,1,1,1,1,0,1,1,1,1,1,1,0,1,1,1,1,0,1,1,1,1"
335,14,68,9,0-1;0-2;0-3;0-4;0-5;0-6;0-7;0-8;0-9;0-10;0-11;0-12;0-13;1-2;1-3;1-5;1-7;1-8;1-10;1-11;1-12;2-3;2-4;2-5;2-6;2-7;2-8;2-9;2-10;2-11;2-12;2-13;3-4;3-5;3-6;3-11;3-12;3-13;4-5;4-6;4-8;4-9;4-11;4-13;5-6;5-7;5-8;5-9;5-10;5-11;5-12;5-13;6-8;6-9;6-11;6-13;7-8;7-9;7-10;7-12;8-9;8-10;9-10;9-13;10-12;11-12;11-13;12-13,"1,1,1,1,1,1,1,1,1,1,1,1,1,1,1,0,1,0,1,1,0,1,1,1,0,1,1,1,1,1,1,1,1,1,1,1,1,1,1,0,0,0,0,1,1,1,1,1,0,1,1,0,1,0,1,1,1,1,1,1,1,1,1,0,1,1,0,1,0,1,1,1,1,0,1,0,1,1,0,0,0,1,0,0,1,0,1,0,1,1,1"
336,14,68,9,0-1;0-2;0-3;0-4;0-5;0-6;0-7;0-8;0-9;0-10;0-11;0-12;0-13;1-2;1-3;1-5;1-8;1-10;1-11;1-12;1-13;2-3;2-4;2-5;2-6;2-7;2-8;2-9;2-10;2-11;2-12;2-13;3-4;3-5;3-6;3-7;3-8;3-9;3-10;3-11;3-12;3-13;4-5;4-6;4-7;4-9;4-12;4-13;5-6;5-7;5-8;5-11;6-7;6-8;6-9;6-11;7-9;7-12;7-13;8-10;8-11;9-10;9-12;9-13;10-11;10-12;10-13;12-13,"1,1,1,1,1,1,1,1,1,1,1,1,1,1,1,0,1,0,0,1,0,1,1,1,1,1,1,1,1,1,1,1,1,1,1,1,1,1,1,1,1,1,1,1,1,1,1,1,1,0,1,0,0,1,1,1,1,1,0,0,1,0,0,1,1,1,0,1,0,0,0,1,0,0,1,1,0,1,1,0,0,1,0,1,1,1,1,1,0,0,1"
337,14,68,9,0-2;0-4;0-6;0-7;0-10;0-11;0-12;0-13;1-3;1-5;1-7;1-8;1-9;1-10;1-11;1-12;1-13;2-4;2-6;2-7;2-10;2-11;2-12;2-13;3-5;3-7;3-8;3-9;3-10;3-11;3-12;3-13;4-6;4-8;4-9;4-11;4-12;4-13;5-7;5-8;5-9;5-10;5-11;5-12;5-13;6-8;6-9;6-11;6-12;6-13;7-9;7-10;7-11;7-12;7-13;8-10;8-11;8-12;8-13;9-11;9-12;9-13;10-11;10-12;10-13;11-12;11-13;12-13,"0,1,0,1,0,1,1,0,0,1,1,1,1,0,1,0,1,0,1,1,1,1,1,1,1,0,1,0,1,1,0,0,1,1,1,1,0,1,0,1,1,1,1,1,1,1,0,1,0,1,1,0,1,1,1,0,1,1,1,1,1,1,1,0,1,1,0,1,1,1,0,1,1,1,1,1,0,1,1,1,1,0,1,1,1,1,1,1,1,1,1"
338,14,68,9,0-1;0-2;0-3;0-4;0-6;0-8;0-10;0-11;0-13;1-2;1-3;1-4;1-5;1-6;1-7;1-8;1-9;1-10;1-11;1-12;1-13;2-3;2-4;2-5;2-8;2-10;2-11;2-12;2-13;3-4;3-6;3-8;3-10;3-11;3-13;4-5;4-6;4-7;4-8;4-9;4-10;4-11;4-12;4-13;5-7;5-9;5-10;5-12;5-13;6-7;6-9;6-10;6-11;6-13;7-8;7-9;7-10;7-12;8-9;8-10;8-11;9-10;9-12;10-11;10-12;10-13;11-13;12-13,"1,1,1,1,0,1,0,1,0,1,1,0,1,1,1,1,1,1,1,1,1,1,1,1,1,1,1,1,0,0,1,0,1,1,1,1,1,0,1,0,1,0,1,1,0,1,1,1,1,1,1,1,1,1,1,0,1,0,1,1,0,1,1,1,0,1,1,1,0,1,1,1,1,0,1,0,1,1,1,0,0,1,0,1,0,1,1,1,0,1,1"
339,14,68,9,0-2;0-3;0-4;0-5;0-6;0-7;0-8;0-9;0-12;0-13;1-2;1-3;1-4;1-7;1-9;1-10;1-11;1-12;2-4;2-7;2-9;2-11;2-12;2-13;3-4;3-5;3-6;3-7;3-8;3-11;3-12;4-5;4-6;4-7;4-8;4-9;4-10;4-11;4-12;4-13;5-6;5-7;5-8;5-10;5-12;5-13;6-7;6-8;6-10;6-12;6-13;7-8;7-9;7-10;7-11;7-12;7-13;8-10;8-12;8-13;9-11;9-12;9-13;10-11;10-12;10-13;11-12;12-13,"0,1,1,1,1,1,1,1,1,0,0,1,1,1,1,1,0,0,1,0,1,1,1,1,0,0,1,0,0,1,0,1,0,1,1,1,1,1,1,1,1,0,0,1,1,0,1,1,1,1,1,1,1,1,1,1,1,1,0,1,0,1,1,1,1,0,1,0,1,1,1,1,1,1,1,1,0,1,0,1,1,0,1,1,1,1,1,1,1,0,1"
340,14,68,9,0-1;0-2;0-3;0-5;0-6;0-7;0-8;0-9;0-10;0-12;1-3;1-5;1-6;1-8;1-9;1-10;1-12;1-13;2-4;2-6;2-7;2-8;2-9;2-11;2-12;3-4;3-5;3-6;3-8;3-10;3-11;3-12;4-6;4-7;4-8;4-11;4-12;4-13;5-6;5-8;5-9;5-10;5-12;5-13;6-7;6-8;6-9;6-10;6-11;6-12;6-13;7-8;7-9;7-11;7-12;8-9;8-10;8-11;8-12;8-13;9-10;9-12;9-13;10-12;10-13;11-12;11-13;12-13,"1,1,1,0,1,1,1,1,1,1,0,1,0,0,1,0,1,1,0,1,1,1,0,1,1,0,1,0,1,1,1,1,0,1,1,0,1,1,1,0,1,0,1,1,1,0,0,1,1,1,0,0,1,1,1,1,0,1,1,1,0,1,1,1,1,1,1,1,1,1,1,1,0,1,1,0,1,1,1,1,1,1,0,1,1,0,1,1,1,1,1"
341,14,68,9,0-1;0-2;0-3;0-4;0-7;0-8;0-9;0-11;0-12;0-13;1-3;1-5;1-7;1-8;1-9;1-10;1-12;1-13;2-3;2-4;2-5;2-7;2-9;2-10;2-11;3-4;3-5;3-6;3-7;3-8;3-9;3-10;3-11;3-12;3-13;4-6;4-7;4-8;4-9;4-11;4-12;4-13;5-6;5-7;5-9;5-10;5-11;6-7;6-8;6-9;6-10;6-12;6-13;7-8;7-9;7-10;7-11;7-12;7-13;8-9;8-12;8-13;9-10;9-11;9-12;9-13;10-11;12-13,"1,1,1,1,0,0,1,1,1,0,1,1,1,0,1,0,1,0,1,1,1,1,0,1,1,1,1,1,0,1,0,1,1,1,0,0,1,1,1,1,1,1,1,1,1,1,0,1,1,1,1,0,1,1,1,1,1,0,1,1,1,0,0,1,1,1,1,0,1,1,1,1,1,1,1,1,1,0,0,1,1,1,1,1,1,1,0,0,0,0,1"
342,14,68,9,0-1;0-2;0-3;0-5;0-7;0-8;0-10;0-11;0-13;1-2;1-3;1-5;1-6;1-7;1-11;1-12;1-13;2-3;2-4;2-5;2-6;2-7;2-8;2-9;2-10;2-11;2-12;2-13;3-4;3-5;3-6;3-7;3-8;3-9;3-10;3-11;3-12;3-13;4-6;4-8;4-9;4-10;4-11;4-13;5-6;5-7;5-11;5-12;5-13;6-7;6-9;6-11;6-12;6-13;7-11;7-12;7-13;8-9;8-10;8-12;8-13;9-10;9-11;9-13;10-12;10-13;11-13;12-13,"1,1,1,0,1,0,1,1,0,1,1,0,1,1,1,0,1,1,1,0,0,0,1,1,1,1,1,1,1,1,1,1,1,1,1,1,1,1,1,1,1,1,1,1,1,1,0,1,0,1,1,1,1,0,1,1,1,0,0,0,1,1,1,1,0,1,0,1,1,1,0,0,0,1,1,1,1,1,0,1,1,1,1,0,1,0,1,1,0,1,1"
343,14,68,9,0-4;0-5;0-6;0-7;0-8;0-9;0-11;0-13;1-2;1-3;1-4;1-6;1-7;1-9;1-10;1-11;1-13;2-3;2-4;2-5;2-6;2-9;2-10;2-12;2-13;3-4;3-5;3-6;3-9;3-10;3-12;3-13;4-5;4-6;4-7;4-8;4-9;4-10;4-11;4-12;4-13;5-6;5-8;5-9;5-10;5-12;5-13;6-8;6-9;6-10;6-13;7-8;7-9;7-11;7-12;7-13;8-9;8-11;8-13;9-10;9-11;9-12;9-13;10-12;10-13;11-12;11-13;12-13,"0,0,0,1,1,1,1,1,1,0,1,0,1,1,1,1,0,1,1,0,1,1,1,0,1,1,1,1,1,0,0,1,1,0,1,1,1,1,1,0,0,1,1,0,1,1,1,1,1,1,1,1,1,1,1,1,0,1,1,1,0,1,1,0,1,1,1,0,0,1,1,1,0,1,1,1,1,0,1,0,1,1,1,1,1,0,1,1,1,1,1"
344,14,68,9,0-1;0-2;0-3;0-4;0-5;0-6;0-7;0-8;0-9;0-10;0-11;0-12;0-13;1-2;1-5;1-8;1-10;1-11;1-12;1-13;2-5;2-6;2-9;2-11;2-12;2-13;3-4;3-6;3-7;3-8;3-9;3-10;3-11;3-13;4-6;4-7;4-8;4-9;4-10;4-11;4-13;5-6;5-9;5-11;5-12;5-13;6-7;6-9;6-10;6-11;6-13;7-8;7-9;7-10;7-11;7-13;8-9;8-11;8-12;8-13;9-11;9-13;10-11;10-12;10-13;11-12;11-13;12-13,"1,1,1,1,1,1,1,1,1,1,1,1,1,1,0,0,1,0,0,1,0,1,1,1,1,0,0,1,1,0,0,1,0,1,1,1,1,0,1,1,1,1,1,1,0,1,0,1,1,1,1,1,1,0,1,1,0,0,1,0,1,1,1,1,0,1,1,1,0,1,1,1,1,1,0,1,1,0,1,1,1,0,1,0,1,1,1,1,1,1,1"
345,14,68,9,0-1;0-2;0-4;0-6;0-9;0-11;0-12;0-13;1-2;1-3;1-4;1-5;1-6;1-7;1-8;1-9;1-10;1-11;1-12;1-13;2-5;2-8;2-9;2-11;2-12;2-13;3-4;3-5;3-6;3-7;3-8;3-9;3-10;3-13;4-5;4-6;4-7;4-9;4-10;4-11;4-13;5-7;5-9;5-10;5-12;5-13;6-7;6-8;6-9;6-10;6-11;6-13;7-8;7-9;7-10;7-13;8-9;8-10;8-12;8-13;9-10;9-11;9-12;9-13;10-13;11-12;11-13;12-13,"1,1,0,1,0,1,0,0,1,0,1,1,1,1,1,1,1,1,1,1,1,1,1,1,1,0,0,1,0,0,1,1,0,1,1,1,1,1,1,1,1,1,1,0,0,1,1,1,1,0,1,1,1,0,1,0,1,0,1,1,0,1,1,1,1,1,1,1,0,1,1,1,1,0,0,1,1,1,0,1,1,1,1,1,1,0,0,1,1,1,1"
346,14,68,9,0-2;0-4;0-5;0-6;0-7;0-8;0-9;0-10;0-11;0-13;1-2;1-3;1-4;1-5;1-6;1-8;1-10;1-12;2-3;2-4;2-5;2-6;2-7;2-8;2-9;2-10;2-11;2-12;2-13;3-4;3-5;3-6;3-8;3-10;3-12;4-5;4-6;4-7;4-8;4-9;4-10;4-11;4-12;4-13;5-6;5-8;5-9;6-7;6-8;6-9;6-10;6-11;6-12;6-13;7-9;7-10;7-11;7-12;7-13;8-9;9-11;9-12;9-13;10-11;10-13;11-12;11-13;12-13,"0,1,0,1,1,1,1,1,1,1,1,0,1,1,1,1,1,1,0,1,0,1,0,1,0,1,1,1,1,1,1,1,1,1,1,1,1,1,1,0,1,0,1,0,1,0,1,1,1,1,1,1,1,1,1,1,0,1,1,0,0,0,0,1,1,1,1,1,1,1,0,1,1,1,1,1,1,0,0,0,0,0,1,1,1,1,0,1,1,1,1"
347,14,68,9,0-1;0-2;0-3;0-4;0-5;0-6;0-7;0-8;0-9;0-10;0-11;0-12;0-13;1-3;1-4;1-5;1-8;1-9;1-10;1-12;1-13;2-4;2-5;2-6;2-7;2-8;2-11;2-12;3-4;3-5;3-8;3-9;3-10;3-12;3-13;4-5;4-6;4-7;4-8;4-9;4-10;4-11;4-12;4-13;5-6;5-7;5-8;5-9;5-10;5-11;5-12;5-13;6-7;6-9;6-11;6-13;7-8;7-11;7-12;8-10;8-12;8-13;9-10;9-11;9-12;10-12;10-13;11-13,"1,1,1,1,1,1,1,1,1,1,1,1,1,0,1,1,1,0,0,1,1,1,0,1,1,0,1,1,1,1,1,0,0,1,1,0,1,1,0,0,1,1,1,0,1,1,1,1,1,1,1,1,1,1,1,1,1,1,1,1,1,1,1,1,0,1,0,1,0,1,1,0,0,1,1,0,0,1,0,1,1,1,1,1,0,0,1,1,0,1,0"
348,14,68,9,0-2;0-3;0-4;0-5;0-7;0-9;0-11;0-12;1-4;1-5;1-7;1-8;1-9;1-10;1-11;1-12;1-13;2-3;2-4;2-5;2-7;2-9;2-11;2-12;3-4;3-5;3-6;3-7;3-8;3-10;3-11;3-13;4-5;4-7;4-8;4-10;4-11;4-13;5-6;5-7;5-8;5-9;5-10;5-11;5-12;5-13;6-7;6-8;6-9;6-10;6-11;6-12;6-13;7-8;7-9;7-10;7-11;7-12;7-13;8-10;8-11;8-13;9-11;9-12;10-11;10-13;11-12;11-13,"0,1,1,1,1,0,1,0,1,0,1,1,0,0,0,1,1,0,1,1,1,1,1,1,1,1,1,1,0,1,0,1,0,1,1,0,1,1,1,1,1,0,1,1,0,1,1,0,1,1,0,1,1,0,1,1,1,1,1,1,1,1,1,1,1,1,1,1,1,1,1,1,1,1,1,1,0,1,1,0,1,0,1,1,0,1,0,1,1,1,0"
349,14,68,9,0-1;0-2;0-3;0-4;0-5;0-6;0-7;0-8;0-9;0-10;0-11;0-12;0-13;1-5;1-6;1-8;1-9;1-10;1-11;1-12;1-13;2-3;2-4;2-6;2-7;2-8;2-10;2-11;2-12;2-13;3-5;3-6;3-7;3-8;3-9;3-13;4-5;4-8;4-9;4-10;4-11;4-12;4-13;5-7;5-8;5-9;5-13;6-7;6-8;6-10;6-11;6-12;6-13;7-8;7-9;7-13;8-9;8-10;8-11;8-12;8-13;9-13;10-11;10-12;10-13;11-12;11-13;12-13,"1,1,1,1,1,1,1,1,1,1,1,1,1,0,0,0,1,1,0,1,1,1,1,1,1,1,1,0,1,1,1,0,1,1,1,1,0,1,1,1,1,1,0,0,0,1,1,0,0,1,1,1,1,1,1,0,1,1,1,0,0,0,1,1,1,0,1,1,1,1,1,1,0,0,0,1,1,1,1,1,1,0,0,0,1,1,1,1,1,1,1"
350,14,68,9,0-1;0-2;0-3;0-4;0-5;0-6;0-7;0-8;0-9;0-10;0-11;0-12;0-13;1-2;1-3;1-4;1-7;1-8;1-11;1-13;2-3;2-4;2-7;2-8;2-11;2-13;3-4;3-5;3-6;3-7;3-8;3-9;3-10;3-11;3-12;3-13;4-8;4-9;4-12;4-13;5-6;5-7;5-9;5-10;5-11;5-12;5-13;6-7;6-9;6-10;6-11;6-12;6-13;7-10;7-12;7-13;8-9;8-12;8-13;9-10;9-11;9-12;9-13;10-11;10-12;10-13;11-13;12-13,"1,1,1,1,1,1,1,1,1,1,1,1,1,1,1,1,0,0,1,1,0,0,1,0,1,1,1,0,0,1,1,0,0,1,0,1,1,1,1,1,1,1,1,1,1,1,0,0,0,1,1,0,0,1,1,1,1,0,1,1,1,1,1,1,0,1,1,1,1,1,0,0,1,0,1,1,1,0,0,1,1,1,1,1,1,1,1,1,0,1,1"
351,14,68,9,0-2;0-4;0-5;0-6;0-8;0-10;0-11;0-12;0-13;1-2;1-3;1-4;1-5;1-6;1-7;1-8;1-9;1-10;1-11;2-3;2-4;2-5;2-6;2-8;2-10;2-11;3-4;3-6;3-8;3-10;3-11;3-12;3-13;4-5;4-6;4-8;4-10;4-11;5-6;5-7;5-8;5-9;5-10;5-11;6-7;6-8;6-9;6-10;6-11;6-12;6-13;7-8;7-9;7-10;7-12;7-13;8-9;8-10;8-11;8-12;8-13;9-10;9-12;9-13;10-11;10-12;10-13;12-13,"0,1,0,1,1,1,0,1,0,1,1,1,1,1,1,1,1,1,1,1,1,1,1,0,0,1,1,1,1,0,1,0,1,1,0,0,1,0,1,0,1,0,1,1,1,1,1,1,0,1,0,1,1,0,0,1,1,1,1,1,1,0,0,1,1,1,1,1,1,1,1,1,1,0,1,1,1,1,1,1,1,1,0,1,1,1,1,1,0,0,1"
352,14,68,9,0-1;0-2;0-4;0-5;0-8;0-9;0-10;0-12;0-13;1-2;1-3;1-4;1-5;1-6;1-7;1-10;1-12;1-13;2-3;2-4;2-5;2-6;2-7;2-8;2-9;2-10;2-11;2-12;2-13;3-4;3-5;3-6;3-7;3-8;3-9;4-5;4-6;4-7;4-8;4-9;4-10;4-11;4-12;4-13;5-6;5-7;5-8;5-9;5-10;5-11;5-12;5-13;6-7;6-10;6-11;6-12;6-13;7-8;7-9;8-9;8-11;9-11;10-11;10-12;10-13;11-12;11-13;12-13,"1,1,0,1,1,0,0,1,1,1,0,1,1,1,1,1,1,1,1,0,0,1,0,1,1,1,1,1,1,1,1,1,1,1,1,1,1,1,1,1,1,1,0,0,0,0,1,1,1,1,1,1,1,1,1,1,1,1,1,1,1,1,1,1,0,0,1,1,1,1,1,1,0,0,0,0,1,0,1,0,0,0,1,0,0,1,1,1,1,1,1"
353,14,68,9,0-1;0-2;0-3;0-4;0-5;0-6;0-10;0-11;0-12;0-13;1-3;1-4;1-7;1-9;1-10;1-11;1-13;2-3;2-4;2-5;2-6;2-8;2-10;2-12;2-13;3-4;3-5;3-6;3-7;3-8;3-9;3-10;3-11;3-12;3-13;4-5;4-6;4-7;4-8;4-9;4-10;4-11;4-12;4-13;5-6;5-8;5-10;5-12;5-13;6-7;6-9;6-10;6-12;7-8;7-9;7-10;7-11;8-9;8-10;8-12;8-13;9-10;9-11;10-11;10-12;10-13;11-13;12-13,"1,1,1,1,1,1,0,0,0,1,1,1,1,0,1,1,0,0,1,0,1,1,1,0,1,1,1,1,1,0,1,0,1,0,1,1,1,1,1,1,1,1,1,1,1,1,1,1,1,1,1,1,1,1,1,1,0,1,0,1,0,1,1,1,0,1,1,0,1,0,1,1,1,1,0,0,1,1,0,1,1,1,1,0,0,1,1,1,0,1,1"
354,14,68,9,0-1;0-2;0-3;0-4;0-5;0-6;0-7;0-8;0-9;0-10;0-11;0-12;0-13;1-2;1-3;1-7;1-8;1-9;1-10;1-12;2-4;2-7;2-9;2-10;2-12;2-13;3-5;3-6;3-7;3-8;3-9;3-11;3-12;3-13;4-5;4-6;4-8;4-9;4-10;4-11;4-12;5-6;5-8;5-9;5-11;5-12;5-13;6-8;6-9;6-11;6-12;6-13;7-8;7-9;7-10;7-12;8-9;8-11;8-12;9-10;9-11;9-12;9-13;10-12;10-13;11-12;11-13;12-13,"1,1,1,1,1,1,1,1,1,1,1,1,1,1,1,0,0,0,1,1,1,1,0,1,0,0,1,0,0,1,0,1,1,0,1,1,0,1,1,1,1,1,0,1,1,1,1,1,0,1,1,1,1,1,0,1,0,1,1,0,1,1,1,0,1,1,0,1,1,1,1,1,1,0,1,0,1,0,1,1,0,1,1,1,1,0,1,1,1,1,1"
355,14,68,9,0-2;0-3;0-4;0-6;0-7;0-9;0-10;0-13;1-3;1-4;1-5;1-7;1-8;1-9;1-10;1-11;1-12;1-13;2-3;2-4;2-6;2-7;2-9;2-10;2-13;3-4;3-7;3-8;3-10;3-13;4-5;4-6;4-7;4-8;4-9;4-10;4-11;4-12;4-13;5-6;5-7;5-8;5-9;5-10;5-11;5-12;6-7;6-8;6-10;6-11;6-12;7-8;7-9;7-10;7-11;7-12;7-13;8-10;8-11;8-12;8-13;9-10;9-11;9-12;10-11;10-12;10-13;11-12,"0,1,1,1,0,1,1,0,1,1,0,0,1,0,1,1,1,0,1,1,1,1,1,1,1,1,1,0,1,1,0,1,1,0,0,1,1,0,0,1,1,0,1,0,0,1,1,1,1,1,1,1,1,1,1,1,1,1,1,1,1,1,0,1,1,0,1,1,1,0,1,1,1,1,1,1,0,1,1,1,1,1,1,1,0,1,1,1,1,0,0"
356,14,68,9,0-1;0-2;0-3;0-4;0-5;0-7;0-8;0-9;1-2;1-3;1-4;1-5;1-6;1-7;1-8;1-9;1-10;1-11;1-12;1-13;2-3;2-5;2-7;2-9;2-10;2-11;3-4;3-5;3-7;3-8;3-9;4-5;4-6;4-7;4-8;4-10;4-12;4-13;5-6;5-7;5-8;5-9;5-10;5-11;5-12;5-13;6-7;6-8;6-10;6-11;6-12;6-13;7-8;7-9;7-10;7-11;7-12;7-13;8-11;8-12;8-13;9-10;9-11;10-12;10-13;11-12;11-13;12-13,"1,1,1,1,1,0,1,1,1,0,0,0,0,1,1,1,1,1,1,1,1,1,1,1,1,1,0,1,0,1,0,1,1,1,0,0,1,1,0,1,1,1,0,0,0,0,1,1,1,1,0,1,0,1,1,1,1,1,1,1,1,1,1,1,1,0,1,1,1,1,1,1,1,1,1,1,0,0,1,1,1,1,1,0,0,0,1,1,1,1,1"
357,14,68,9,0-1;0-2;0-3;0-4;0-5;0-6;0-7;0-8;0-9;0-10;0-11;0-12;0-13;1-6;1-7;1-8;1-9;1-11;1-12;1-13;2-3;2-4;2-6;2-8;2-9;2-10;2-11;2-12;3-4;3-5;3-6;3-9;3-10;3-12;3-13;4-5;4-6;4-9;4-10;4-12;4-13;5-8;5-9;5-10;5-11;5-12;5-13;6-7;6-9;6-10;6-12;6-13;7-8;7-9;7-11;7-12;7-13;8-9;8-11;8-12;9-10;9-11;9-12;9-13;10-12;10-13;11-12;12-13,"1,1,1,1,1,1,1,1,1,1,1,1,1,0,0,0,0,1,1,1,1,0,1,1,1,1,1,0,1,0,1,1,1,1,1,0,1,1,1,0,0,1,1,0,1,1,1,1,0,0,1,1,0,1,1,0,0,1,1,1,1,1,1,1,0,1,1,0,1,1,1,1,0,1,1,1,1,0,1,1,0,1,1,1,1,0,1,1,1,0,1"
358,14,69,9,0-3;0-4;0-6;0-7;0-8;0-11;0-12;0-13;1-3;1-5;1-6;1-7;1-8;1-9;1-10;1-11;1-12;1-13;2-4;2-5;2-8;2-9;2-10;2-11;2-12;2-13;3-6;3-7;3-8;3-11;3-12;3-13;4-6;4-7;4-9;4-10;4-11;4-12;4-13;5-8;5-9;5-10;5-11;5-12;5-13;6-7;6-9;6-10;6-11;6-12;6-13;7-9;7-10;7-11;7-12;7-13;8-11;8-12;8-13;9-10;9-11;9-12;9-13;10-11;10-12;10-13;11-12;11-13;12-13,"0,0,1,1,0,1,1,1,0,0,1,1,1,0,1,0,1,1,1,1,1,1,1,1,1,0,1,1,0,0,1,1,1,1,1,1,0,0,1,1,1,0,0,1,1,1,0,1,1,0,1,1,1,1,1,0,0,1,1,1,1,1,1,1,0,1,1,1,1,1,0,1,1,1,1,1,0,0,1,1,1,1,1,1,1,1,1,1,1,1,1"
359,14,69,9,0-1;0-2;0-3;0-4;0-5;0-6;0-7;0-8;0-9;0-10;0-11;0-12;0-13;1-2;1-5;1-6;1-7;1-9;1-10;1-11;1-12;2-3;2-6;2-9;2-10;2-11;2-13;3-4;3-6;3-8;3-11;3-12;3-13;4-5;4-6;4-7;4-8;4-9;4-10;4-11;4-13;5-6;5-7;5-8;5-9;5-10;5-11;5-12;6-7;6-8;6-9;6-10;6-11;6-12;6-13;7-8;7-9;7-10;7-11;7-12;8-11;8-12;9-10;9-11;9-13;10-11;10-13;11-12;11-13,"1,1,1,1,1,1,1,1,1,1,1,1,1,1,0,0,1,1,1,0,1,1,1,1,0,1,0,0,1,0,0,1,1,1,0,1,1,0,1,0,1,0,0,1,1,1,1,1,1,1,1,1,1,0,1,1,1,1,1,1,1,1,0,1,1,1,1,1,1,1,1,1,1,1,1,0,0,0,1,1,0,1,1,0,1,1,0,1,1,1,0"
360,14,69,9,0-1;0-2;0-4;0-6;0-7;0-8;0-9;0-10;0-12;0-13;1-2;1-4;1-5;1-7;1-8;1-10;1-12;1-13;2-3;2-4;2-5;2-6;2-7;2-8;2-9;2-10;2-11;2-12;2-13;3-4;3-5;3-6;3-8;3-10;3-11;3-13;4-5;4-6;4-7;4-8;4-9;4-10;4-11;4-12;4-13;5-8;5-10;5-11;5-13;6-8;6-9;6-10;6-11;6-12;6-13;7-8;7-9;7-11;7-12;8-9;8-10;8-11;8-12;8-13;9-11;9-12;10-12;10-13;12-13,"1,1,0,1,0,1,1,1,1,1,0,1,1,1,0,1,1,0,1,1,0,1,0,1,1,1,1,1,1,1,1,1,1,1,1,1,1,1,1,0,1,0,1,1,0,1,1,1,1,1,1,1,1,1,1,0,0,1,0,1,1,0,1,0,1,1,1,1,1,1,1,1,0,1,1,0,1,1,1,1,1,0,1,1,0,0,1,1,0,0,1"
361,14,69,9,0-5;0-6;0-7;0-8;0-9;0-10;0-12;0-13;1-2;1-3;1-4;1-5;1-7;1-8;1-9;1-10;1-11;1-13;2-3;2-4;2-5;2-10;2-11;2-12;2-13;3-4;3-5;3-7;3-8;3-9;3-10;3-11;3-13;4-5;4-6;4-8;4-9;4-10;4-12;4-13;5-6;5-7;5-8;5-9;5-10;5-11;5-12;5-13;6-8;6-9;6-10;6-12;6-13;7-8;7-9;7-10;7-11;7-13;8-9;8-10;8-13;9-10;9-13;10-11;10-12;10-13;11-12;11-13;12-13,"0,0,0,0,1,1,1,1,1,1,0,1,1,1,1,1,1,0,1,1,1,1,1,0,1,1,1,1,0,0,0,0,1,1,1,1,1,1,0,1,1,1,1,1,0,1,1,1,0,1,1,1,0,1,1,1,1,1,1,1,1,1,1,0,1,1,1,0,1,1,1,1,1,1,0,1,1,1,0,0,1,1,0,0,1,1,1,1,1,1,1"
362,14,69,9,0-2;0-4;0-5;0-6;0-7;0-8;0-9;0-13;1-2;1-3;1-4;1-5;1-7;1-9;1-10;1-11;1-12;1-13;2-4;2-7;2-9;2-11;2-12;2-13;3-4;3-5;3-6;3-7;3-8;3-9;3-10;3-11;3-12;4-5;4-6;4-7;4-8;4-9;4-10;4-11;4-12;4-13;5-7;5-8;5-9;5-10;5-11;5-13;6-7;6-8;6-9;6-10;6-12;7-8;7-9;7-10;7-11;7-12;7-13;8-9;8-10;9-10;9-11;9-12;9-13;10-11;10-12;11-12;11-13,"0,1,0,1,1,1,1,1,1,0,0,0,1,1,1,1,1,0,1,0,1,1,1,1,1,0,1,0,0,1,0,1,0,1,1,1,1,1,1,1,1,1,1,1,1,0,1,1,1,1,1,1,1,1,1,0,1,1,1,1,1,0,1,1,1,1,1,0,1,0,1,1,1,1,1,1,1,1,0,0,0,1,1,1,1,1,1,0,1,1,0"
363,14,69,9,0-1;0-2;0-3;0-4;0-6;0-7;0-8;0-10;0-12;0-13;1-2;1-3;1-4;1-5;1-6;1-7;1-8;1-9;1-13;2-3;2-4;2-6;2-7;2-8;2-10;2-12;2-13;3-4;3-5;3-6;3-8;3-11;3-12;3-13;4-5;4-6;4-7;4-8;4-9;4-10;4-11;4-12;4-13;5-6;5-8;5-9;5-11;5-13;6-7;6-8;6-9;6-10;6-11;6-12;6-13;7-8;7-9;7-10;8-9;8-10;8-11;8-12;8-13;9-10;9-11;10-12;11-12;11-13;12-13,"1,1,1,1,0,1,1,1,0,1,0,1,1,1,1,1,1,1,1,1,1,0,0,0,1,1,1,0,1,1,1,0,1,0,1,1,1,1,1,0,1,0,0,1,1,1,1,1,1,1,1,1,1,1,1,1,0,1,1,0,1,0,1,1,1,1,1,1,1,1,1,1,1,0,0,0,1,1,1,1,1,1,1,0,0,0,1,0,1,1,1"
364,14,69,9,0-1;0-2;0-3;0-7;0-9;0-10;0-11;0-12;0-13;1-2;1-6;1-7;1-8;1-9;1-10;1-11;1-12;1-13;2-3;2-4;2-5;2-6;2-7;2-8;2-9;2-10;2-11;2-12;2-13;3-4;3-5;3-9;3-11;3-12;3-13;4-5;4-6;4-9;4-11;4-12;4-13;5-6;5-8;5-10;5-11;5-13;6-7;6-8;6-9;6-11;6-12;6-13;7-8;7-9;7-10;7-11;7-12;7-13;8-10;8-11;8-13;9-11;9-12;9-13;10-11;10-13;11-12;11-13;12-13,"1,1,1,0,0,0,1,0,1,1,1,1,1,1,0,0,0,1,1,1,1,1,1,1,1,1,1,1,1,1,1,1,1,1,1,1,1,1,0,0,0,1,0,1,1,1,1,1,0,0,1,0,1,1,1,1,0,1,0,1,1,0,1,1,1,1,0,1,1,1,1,1,1,1,1,1,0,1,1,0,1,0,1,1,1,1,0,1,1,1,1"
365,14,69,9,0-1;0-2;0-3;0-5;0-7;0-8;0-12;0-13;1-2;1-3;1-5;1-8;1-9;1-10;1-11;1-12;1-13;2-3;2-4;2-5;2-6;2-7;2-8;2-9;2-10;2-11;2-12;2-13;3-4;3-5;3-6;3-7;3-8;3-9;3-10;3-11;3-12;3-13;4-6;4-7;4-9;4-10;4-11;4-12;5-7;5-8;5-10;5-12;6-7;6-9;6-11;6-12;6-13;7-10;7-12;8-9;8-10;8-11;8-12;8-13;9-10;9-11;9-12;9-13;10-11;10-12;11-12;11-13;12-13,"1,1,1,0,1,0,1,1,0,0,0,1,1,1,1,0,1,0,0,1,1,1,1,1,1,1,1,1,1,1,1,1,1,1,1,1,1,1,1,1,1,1,1,1,1,1,0,1,1,0,1,1,1,1,0,0,1,1,0,1,0,1,0,1,0,1,0,1,1,1,0,0,1,0,1,0,1,1,1,1,1,1,1,1,1,1,1,0,1,1,1"
366,14,69,9,0-1;0-2;0-3;0-4;0-5;0-6;0-7;0-8;0-9;0-10;0-11;0-12;0-13;1-3;1-5;1-6;1-7;1-9;1-10;1-13;2-3;2-6;2-7;2-8;2-11;2-12;2-13;3-6;3-7;3-9;3-12;3-13;4-5;4-6;4-7;4-8;4-9;4-10;4-11;4-12;5-6;5-7;5-8;5-9;5-10;5-11;5-13;6-7;6-8;6-9;6-10;6-11;6-12;6-13;7-8;7-9;7-10;7-11;7-12;7-13;8-10;8-11;8-12;8-13;9-10;10-11;10-13;11-12;11-13,"1,1,1,1,1,1,1,1,1,1,1,1,1,0,1,0,1,1,1,0,1,1,0,0,1,1,0,0,1,1,1,0,0,1,1,1,0,0,1,1,0,1,0,0,1,1,1,1,1,1,1,1,1,1,0,1,1,1,1,1,1,0,1,1,1,1,1,1,1,1,1,1,1,1,1,1,0,1,1,1,1,1,0,0,0,1,0,1,1,1,0"
367,14,69,9,0-1;0-2;0-3;0-5;0-7;0-8;0-9;0-10;0-11;0-12;1-2;1-3;1-4;1-7;1-8;1-10;1-11;2-3;2-5;2-7;2-8;2-9;2-10;2-11;2-12;3-4;3-5;3-6;3-7;3-8;3-9;3-10;3-11;3-12;3-13;4-6;4-7;4-9;4-10;4-11;4-13;5-6;5-8;5-9;5-10;5-11;5-12;5-13;6-8;6-10;6-11;6-12;6-13;7-9;7-10;7-11;8-10;8-11;8-12;9-10;9-11;9-12;9-13;10-11;10-12;10-13;11-12;11-13;12-13,"1,1,1,0,1,0,1,1,1,1,1,1,0,1,1,1,0,0,1,1,0,1,1,0,0,1,0,1,0,1,1,1,1,1,1,0,1,1,1,1,1,1,1,1,1,1,0,1,1,0,1,1,1,0,1,1,0,1,1,1,1,1,1,0,1,0,1,1,1,1,0,1,1,1,0,0,0,1,1,1,0,1,1,1,1,1,1,1,1,1,1"
368,14,69,9,0-1;0-2;0-3;0-4;0-5;0-6;0-7;0-8;0-9;0-10;0-11;0-12;0-13;1-3;1-4;1-5;1-7;1-10;1-11;1-12;1-13;2-3;2-4;2-5;2-6;2-8;2-12;2-13;3-4;3-5;3-6;3-7;3-11;3-12;3-13;4-5;4-6;4-7;4-8;4-9;4-10;4-11;4-12;4-13;5-6;5-7;5-11;5-12;5-13;6-7;6-8;6-9;6-11;6-13;7-9;7-10;7-11;7-13;8-9;8-10;8-12;8-13;9-10;9-11;9-13;10-11;10-13;11-13;12-13,"1,1,1,1,1,1,1,1,1,1,1,1,1,0,1,1,1,0,1,0,0,1,1,1,1,1,1,1,1,0,1,0,0,0,1,1,1,1,1,1,0,0,0,1,1,1,1,1,1,1,1,1,1,1,1,1,1,0,0,0,1,1,1,1,1,1,0,1,0,1,0,1,1,1,0,1,1,1,0,1,1,1,1,0,1,1,0,1,0,1,1"
369,14,69,9,0-1;0-2;0-3;0-5;0-6;0-7;0-8;0-10;0-11;0-12;1-2;1-3;1-6;1-7;1-11;1-12;1-13;2-3;2-4;2-5;2-6;2-7;2-8;2-9;2-10;2-11;2-12;2-13;3-4;3-5;3-6;3-7;3-8;3-9;3-10;3-11;3-12;3-13;4-5;4-8;4-9;4-10;4-12;4-13;5-6;5-7;5-8;5-9;5-10;5-12;6-7;6-8;6-10;6-11;6-12;7-8;7-9;7-12;7-13;8-9;8-10;8-12;9-12;9-13;10-11;10-12;11-12;11-13;12-13,"1,1,1,0,1,1,1,1,0,1,1,1,0,1,1,0,0,1,1,0,0,0,1,1,1,1,1,1,1,1,1,1,1,1,1,1,1,1,1,1,1,1,1,1,1,1,1,0,0,1,1,1,0,1,1,1,1,1,1,1,0,1,0,1,1,0,1,1,1,0,1,1,0,0,1,1,1,1,0,1,0,0,0,1,1,1,1,0,1,1,1"
370,14,69,9,0-1;0-2;0-3;0-4;0-5;0-7;0-8;0-10;0-11;0-12;1-2;1-3;1-4;1-5;1-6;1-7;1-8;1-9;1-10;1-11;1-12;1-13;2-5;2-6;2-7;2-10;2-11;2-12;3-4;3-5;3-6;3-7;3-8;3-9;3-10;3-11;4-5;4-8;4-9;4-10;4-11;4-12;4-13;5-6;5-7;5-8;5-9;5-10;5-11;5-12;5-13;6-7;6-9;6-11;6-13;7-10;7-11;8-9;8-10;8-11;8-12;8-13;9-11;9-13;10-11;10-12;11-12;11-13;12-13,"1,1,1,1,1,0,1,1,0,1,1,1,0,1,1,1,1,1,1,1,1,1,1,1,1,0,0,1,1,1,0,0,1,1,1,0,1,1,1,1,1,1,1,1,0,0,1,0,0,1,1,1,1,1,1,1,1,1,1,1,1,1,1,1,0,1,0,1,0,1,0,0,1,1,0,0,1,1,1,1,1,0,1,0,1,1,1,0,1,1,1"
371,14,69,9,0-1;0-3;0-4;0-6;0-7;0-8;0-9;0-10;0-11;0-13;1-2;1-3;1-4;1-5;1-6;1-7;1-8;1-9;1-10;1-11;1-12;1-13;2-3;2-4;2-5;2-6;2-10;2-12;2-13;3-4;3-5;3-6;3-9;3-10;3-11;3-13;4-6;4-7;4-10;4-11;4-12;4-13;5-6;5-9;5-10;5-12;5-13;6-9;6-10;6-11;6-13;7-8;7-10;7-11;7-12;7-13;8-9;8-10;8-11;8-12;8-13;9-10;9-11;9-13;10-11;10-12;10-13;11-13;12-13,"1,0,1,1,0,1,1,1,1,1,1,0,1,1,1,1,1,1,1,1,1,1,1,1,1,1,1,1,1,0,0,0,1,0,1,1,1,1,1,0,0,1,1,1,0,1,0,1,1,0,0,1,1,1,1,1,0,0,1,1,0,1,1,0,0,1,1,1,0,1,1,0,1,1,1,1,1,1,1,1,1,1,1,0,1,1,1,1,0,1,1"
372,14,69,9,0-3;0-5;0-6;0-7;0-8;0-9;0-10;0-11;0-12;0-13;1-2;1-3;1-4;1-5;1-6;1-8;1-10;1-11;2-3;2-4;2-5;2-6;2-7;2-10;2-11;3-4;3-5;3-6;3-7;3-8;3-9;3-10;3-11;3-12;3-13;4-7;4-9;4-10;4-11;4-13;5-6;5-7;5-8;5-10;5-11;5-12;6-7;6-8;6-10;6-11;6-12;7-9;7-10;7-11;7-12;8-10;8-11;8-12;8-13;9-10;9-11;9-12;9-13;10-11;10-12;10-13;11-12;11-13;12-13,"0,0,1,0,1,1,1,1,1,1,1,1,1,1,1,1,1,1,0,1,0,1,1,0,0,1,1,1,1,1,0,0,1,1,0,0,1,1,1,1,1,1,1,1,1,1,0,0,1,0,1,1,1,0,1,1,1,1,0,1,1,1,0,1,1,0,1,1,1,0,0,1,1,1,1,0,0,1,1,1,1,1,1,1,1,1,1,1,1,1,1"
373,14,69,9,0-1;0-2;0-4;0-5;0-6;0-8;0-9;0-12;1-2;1-3;1-4;1-5;1-6;1-7;1-8;1-9;1-10;1-11;1-12;1-13;2-3;2-4;2-6;2-8;2-9;2-12;3-6;3-8;3-9;3-10;3-11;3-12;3-13;4-5;4-6;4-7;4-8;4-11;5-6;5-7;5-8;5-9;5-10;5-12;5-13;6-7;6-8;6-9;6-10;6-11;6-12;6-13;7-8;7-10;7-11;7-13;8-9;8-10;8-11;8-12;8-13;9-10;9-12;9-13;10-11;10-12;10-13;11-13;12-13,"1,1,0,1,1,1,0,1,1,0,0,1,0,1,1,1,1,1,1,1,1,1,1,1,1,1,1,0,1,0,1,1,0,0,1,0,0,0,1,0,1,1,1,1,1,1,1,1,1,1,0,0,1,0,0,1,1,1,1,1,0,1,1,1,1,1,1,1,1,1,1,0,1,1,0,1,1,1,1,1,1,1,0,1,1,1,1,1,0,1,1"
374,14,69,9,0-3;0-4;0-5;0-6;0-8;0-9;0-11;0-12;1-2;1-3;1-4;1-5;1-7;1-8;1-10;1-11;1-12;1-13;2-4;2-6;2-7;2-8;2-10;2-12;2-13;3-4;3-5;3-7;3-8;3-9;3-11;3-12;3-13;4-5;4-6;4-7;4-8;4-9;4-10;4-11;4-12;4-13;5-7;5-8;5-9;5-11;5-12;5-13;6-8;6-9;6-10;6-11;6-12;7-8;7-9;7-12;7-13;8-9;8-10;8-11;8-12;8-13;9-12;10-11;10-12;10-13;11-12;11-13;12-13,"0,0,1,1,1,1,0,1,1,0,1,1,0,1,1,1,1,0,1,1,0,1,1,1,1,0,1,0,1,1,1,0,1,0,1,1,1,1,0,1,1,1,0,1,1,1,1,1,1,1,1,1,1,1,1,0,1,1,1,0,1,1,1,0,1,1,1,1,1,0,1,1,0,0,1,1,1,1,1,1,1,0,0,1,0,1,1,1,1,1,1"
375,14,69,9,0-1;0-2;0-3;0-4;0-5;0-6;0-7;0-8;0-9;0-10;0-11;0-12;0-13;1-2;1-3;1-4;1-5;1-7;1-8;1-10;1-11;1-12;2-3;2-4;2-5;2-9;2-10;2-11;3-4;3-5;3-6;3-7;3-8;3-9;3-10;3-11;3-12;3-13;4-5;4-6;4-7;4-8;4-11;5-6;5-7;5-8;5-9;5-10;5-11;5-12;5-13;6-7;6-8;6-9;6-13;7-8;7-11;7-12;7-13;8-11;8-12;8-13;9-10;9-12;9-13;10-11;10-12;11-12;12-13,"1,1,1,1,1,1,1,1,1,1,1,1,1,1,1,1,1,0,1,1,0,1,1,1,0,1,1,1,0,0,0,1,1,1,0,0,1,1,1,1,1,1,1,1,1,1,1,1,1,1,0,0,1,0,0,1,1,1,1,1,1,1,1,1,1,1,0,0,0,1,1,0,0,1,1,1,0,0,1,1,1,1,0,1,1,1,1,0,1,0,1"
376,14,69,9,0-1;0-2;0-3;0-4;0-5;0-7;0-10;0-11;0-12;0-13;1-3;1-4;1-7;1-8;1-10;1-11;1-12;1-13;2-3;2-4;2-5;2-6;2-7;2-9;2-10;2-12;2-13;3-4;3-5;3-6;3-7;3-8;3-9;3-10;3-11;3-12;3-13;4-5;4-6;4-7;4-8;4-9;4-10;4-11;4-12;4-13;5-9;5-10;5-11;5-12;6-7;6-8;6-9;6-10;6-13;7-8;7-10;7-12;7-13;8-9;8-10;8-13;9-10;9-11;10-11;10-12;10-13;11-12;12-13,"1,1,1,1,1,0,1,0,0,1,1,1,1,0,1,1,0,0,1,1,0,1,1,1,1,1,1,1,1,1,0,1,1,0,1,1,1,1,1,1,1,1,1,1,1,1,1,1,1,1,1,1,1,1,1,0,0,0,1,1,1,1,0,1,1,1,1,0,0,1,1,0,1,0,1,1,1,1,0,0,1,1,1,0,0,1,1,1,1,0,1"
377,14,69,9,0-1;0-2;0-3;0-5;0-6;0-7;0-10;0-11;0-12;0-13;1-3;1-4;1-5;1-6;1-7;1-8;1-10;1-11;1-12;2-3;2-5;2-7;2-9;2-10;2-12;2-13;3-5;3-6;3-7;3-8;3-9;3-10;3-12;4-5;4-6;4-8;4-9;4-10;4-11;4-12;5-6;5-7;5-8;5-9;5-10;5-11;5-12;5-13;6-7;6-8;6-10;6-11;6-12;7-10;7-11;7-12;7-13;8-9;8-10;8-12;9-10;9-12;9-13;10-11;10-12;10-13;11-12;11-13;12-13,"1,1,1,0,1,1,1,0,0,1,1,1,1,0,1,1,1,1,1,1,0,1,1,1,0,1,0,1,0,1,0,1,1,0,1,1,0,1,1,1,1,1,1,0,1,0,1,1,0,1,1,1,1,1,0,1,1,1,1,1,1,1,1,1,1,0,1,1,1,0,0,0,1,1,1,1,1,1,0,1,0,1,0,1,1,1,1,1,1,1,1"
378,14,69,9,0-1;0-2;0-4;0-5;0-6;0-7;0-8;0-9;0-11;0-12;1-2;1-3;1-4;1-5;1-7;1-8;1-9;1-10;1-11;2-4;2-5;2-6;2-7;2-8;2-9;2-11;2-12;3-4;3-5;3-7;3-9;3-10;3-11;3-13;4-5;4-6;4-7;4-8;4-9;4-10;4-11;4-12;4-13;5-7;5-8;5-9;5-10;5-11;6-8;6-9;6-11;6-12;6-13;7-9;7-11;7-12;7-13;8-9;8-10;8-11;9-10;9-11;9-12;9-13;10-11;10-13;11-12;11-13;12-13,"1,1,0,1,1,1,1,1,1,0,1,1,0,1,1,1,1,0,1,1,1,1,1,0,0,0,1,1,1,1,1,1,0,1,1,0,1,1,0,1,0,1,1,1,0,1,1,1,1,1,1,1,1,1,1,0,1,1,1,1,1,0,0,0,1,1,0,1,1,1,0,1,0,1,1,1,1,1,1,0,0,1,1,1,1,1,0,1,1,1,1"
379,14,69,9,0-2;0-4;0-6;0-7;0-8;0-9;0-11;0-12;0-13;1-3;1-5;1-6;1-7;1-9;1-10;1-11;1-12;1-13;2-4;2-6;2-7;2-8;2-10;2-11;2-12;2-13;3-5;3-8;3-9;3-10;3-11;3-12;3-13;4-6;4-7;4-8;4-10;4-11;4-12;4-13;5-8;5-9;5-10;5-11;5-12;5-13;6-7;6-9;6-10;6-11;6-12;6-13;7-9;7-10;7-11;7-12;7-13;8-11;8-12;8-13;9-11;9-12;9-13;10-11;10-12;10-13;11-12;11-13;12-13,"0,1,0,1,0,1,1,1,1,0,1,1,1,0,1,0,1,1,1,0,1,1,1,1,1,0,1,0,1,1,1,0,1,1,1,1,0,1,0,0,1,1,1,1,1,1,0,1,1,1,0,1,1,1,1,0,0,1,1,1,1,1,1,1,0,1,1,1,1,1,0,1,1,1,1,1,0,0,1,1,1,0,1,1,1,1,1,1,1,1,1"
380,14,69,9,0-1;0-4;0-5;0-6;0-7;0-9;0-10;0-11;0-12;1-4;1-6;1-7;1-8;1-11;1-12;1-13;2-3;2-5;2-6;2-7;2-8;2-9;2-11;2-12;2-13;3-5;3-6;3-7;3-8;3-9;3-10;3-11;3-13;4-5;4-6;4-7;4-9;4-10;4-11;4-12;5-6;5-7;5-9;5-10;5-11;5-12;6-7;6-8;6-9;6-10;6-11;6-12;6-13;7-8;7-9;7-10;7-11;7-12;7-13;8-10;8-11;8-13;9-10;9-11;9-12;10-11;10-13;11-12;11-13,"1,0,0,1,1,1,1,0,1,1,1,1,0,0,0,1,0,1,1,1,0,0,1,1,1,1,0,1,1,1,1,1,0,1,1,1,0,1,1,1,1,1,1,1,0,1,1,1,1,0,1,1,1,1,0,1,1,0,1,1,1,1,0,1,1,1,1,1,1,1,1,1,1,1,1,1,0,1,1,0,1,1,1,1,0,1,0,1,1,1,0"
381,14,69,9,0-2;0-3;0-7;0-8;0-9;0-10;0-12;0-13;1-2;1-4;1-5;1-6;1-7;1-9;1-11;1-12;1-13;2-4;2-5;2-7;2-8;2-9;2-13;3-6;3-7;3-8;3-9;3-10;3-11;3-12;3-13;4-5;4-6;4-7;4-9;4-10;4-11;4-13;5-6;5-7;5-9;5-10;5-11;5-13;6-7;6-9;6-10;6-11;6-12;6-13;7-8;7-9;7-10;7-11;7-12;7-13;8-9;8-10;8-12;8-13;9-10;9-11;9-12;9-13;10-11;10-13;11-12;11-13;12-13,"0,1,1,0,0,0,1,1,1,1,0,1,1,1,0,1,1,1,1,0,1,0,1,1,1,0,1,1,0,1,1,1,0,0,0,1,0,0,1,1,1,1,1,1,1,1,1,1,1,0,1,1,1,0,1,1,1,0,1,1,1,0,1,1,0,1,1,1,1,1,1,1,1,1,1,1,1,1,0,1,1,1,1,1,1,1,0,1,1,1,1"
382,14,69,9,0-1;0-4;0-5;0-7;0-8;0-9;0-10;0-13;1-2;1-3;1-4;1-5;1-6;1-7;1-8;1-9;1-10;1-11;1-12;1-13;2-3;2-4;2-6;2-7;2-9;2-10;2-11;2-12;2-13;3-5;3-6;3-7;3-8;3-11;3-12;3-13;4-6;4-7;4-9;4-10;4-11;4-13;5-6;5-7;5-8;5-12;5-13;6-7;6-8;6-10;6-11;6-13;7-8;7-9;7-10;7-11;7-12;7-13;8-12;8-13;9-10;9-11;9-12;9-13;10-11;10-13;11-12;11-13;12-13,"1,0,0,1,1,0,1,1,1,1,0,0,1,1,1,1,1,1,1,1,1,1,1,1,1,1,1,0,1,1,0,1,1,1,1,1,0,1,1,1,1,0,0,1,1,1,0,1,1,0,1,1,1,0,1,1,1,1,0,0,0,1,1,1,1,0,1,1,0,1,1,1,1,1,1,1,0,0,0,1,1,1,1,1,1,1,0,1,1,1,1"
383,14,69,9,0-1;0-4;0-5;0-6;0-8;0-9;0-10;0-12;0-13;1-3;1-4;1-5;1-7;1-8;1-10;1-13;2-3;2-5;2-6;2-7;2-8;2-9;2-10;2-11;2-12;3-5;3-7;3-8;3-9;3-10;3-11;4-5;4-6;4-8;4-10;4-11;4-12;4-13;5-6;5-7;5-8;5-9;5-10;5-11;5-12;5-13;6-8;6-9;6-10;6-11;6-12;6-13;7-8;7-9;7-10;7-11;8-9;8-10;8-11;8-12;8-13;9-10;9-12;10-11;10-12;10-13;11-12;11-13;12-13,"1,0,0,1,1,1,0,1,1,1,0,1,1,0,1,1,1,0,1,1,0,1,0,0,1,1,0,1,1,1,1,1,1,1,1,0,0,1,0,1,1,1,1,1,0,0,1,1,0,1,0,1,1,1,1,1,1,1,1,1,1,1,1,0,1,1,1,1,1,1,1,1,1,1,0,0,1,1,1,1,1,1,0,1,0,1,1,1,1,1,1"
384,14,69,9,0-1;0-2;0-3;0-4;0-6;0-7;0-8;0-9;0-11;0-12;1-2;1-4;1-5;1-6;1-7;1-8;1-9;1-13;2-3;2-4;2-5;2-6;2-7;2-8;2-9;2-10;2-11;2-12;2-13;3-8;3-9;3-10;3-11;3-12;3-13;4-5;4-6;4-7;4-8;4-9;4-13;5-6;5-7;5-8;5-9;5-10;5-13;6-7;6-8;6-9;6-10;6-12;7-8;7-9;7-10;7-12;8-9;8-10;8-11;8-12;8-13;9-10;9-11;9-12;9-13;10-11;10-12;11-12;11-13,"1,1,1,1,0,1,1,1,1,0,1,1,0,1,0,1,1,1,1,1,1,0,0,0,1,1,1,1,1,1,1,1,1,1,1,1,0,0,0,0,1,1,1,1,1,1,1,1,1,1,1,0,0,0,1,1,1,1,1,1,0,0,1,1,1,1,1,0,1,0,1,1,1,0,1,0,1,1,1,1,1,1,1,1,1,1,1,0,1,1,0"
385,14,69,9,0-1;0-2;0-3;0-4;0-5;0-6;0-7;0-9;0-10;0-12;1-2;1-3;1-4;1-5;1-7;1-8;1-13;2-3;2-4;2-5;2-6;2-7;2-8;2-9;3-4;3-5;3-6;3-7;3-8;3-9;3-10;3-11;3-12;3-13;4-5;4-6;4-7;4-8;4-9;4-10;4-11;4-12;4-13;5-6;5-7;5-8;5-9;5-10;5-11;5-12;5-13;6-8;6-9;6-10;6-11;6-12;7-8;7-13;8-9;8-11;9-10;9-11;9-12;10-11;10-12;10-13;11-12;11-13;12-13,"1,1,1,1,1,1,1,0,1,1,0,1,0,1,1,1,1,0,1,1,0,0,0,0,1,1,1,1,1,1,1,1,0,0,0,0,1,1,1,1,1,1,1,1,1,1,1,1,1,1,1,1,1,1,1,1,1,1,1,1,1,1,1,0,1,1,1,1,1,0,1,0,0,0,0,1,1,0,1,0,0,1,1,1,0,1,1,1,1,1,1"
386,14,69,9,0-1;0-2;0-4;0-5;0-7;0-8;0-9;0-10;0-12;0-13;1-2;1-3;1-4;1-5;1-6;1-7;1-8;1-9;1-10;1-11;1-12;1-13;2-5;2-7;2-8;2-9;2-10;2-11;2-12;3-4;3-5;3-6;3-7;3-11;3-12;3-13;4-5;4-6;4-7;4-8;4-12;4-13;5-6;5-7;5-8;5-10;5-12;6-7;6-11;6-12;6-13;7-8;7-9;7-10;7-11;7-12;7-13;8-9;8-10;8-12;8-13;9-10;9-11;9-12;9-13;10-11;10-12;11-12;12-13,"1,1,0,1,1,0,1,1,1,1,0,1,1,1,1,1,1,1,1,1,1,1,1,1,1,0,0,1,0,1,1,1,1,1,1,0,1,1,1,1,0,0,0,1,1,1,1,1,1,1,0,0,0,1,1,1,1,1,0,1,0,1,0,1,0,0,0,1,1,1,1,1,1,1,1,1,1,1,0,1,1,1,1,1,1,1,1,0,1,0,1"
387,14,69,9,0-1;0-2;0-3;0-4;0-5;0-6;0-9;0-11;0-13;1-2;1-3;1-4;1-5;1-6;1-7;1-8;1-9;1-10;1-11;1-12;1-13;2-4;2-6;2-8;2-9;2-11;2-13;3-4;3-5;3-7;3-9;3-10;3-11;3-12;3-13;4-5;4-6;4-9;4-10;4-13;5-7;5-9;5-10;5-11;5-12;5-13;6-8;6-9;6-11;6-13;7-8;7-9;7-10;7-11;7-12;7-13;8-9;8-10;8-12;8-13;9-10;9-11;9-12;9-13;10-12;10-13;11-12;11-13;12-13,"1,1,1,1,1,1,0,0,1,0,1,0,1,1,1,1,1,1,1,1,1,1,1,1,1,0,1,0,1,0,1,1,0,1,0,1,1,1,0,1,0,1,1,1,1,1,1,1,0,0,1,1,0,0,1,0,1,0,1,1,1,1,1,0,1,1,0,1,0,1,1,1,1,1,1,1,1,1,0,1,1,1,1,1,1,0,1,1,1,1,1"
388,14,69,9,0-1;0-2;0-3;0-5;0-7;0-9;0-10;0-11;0-13;1-2;1-3;1-7;1-8;1-9;1-10;1-11;1-13;2-3;2-5;2-7;2-9;2-10;2-11;2-13;3-4;3-5;3-6;3-7;3-8;3-9;3-10;3-11;3-12;3-13;4-5;4-6;4-7;4-8;4-11;4-12;4-13;5-6;5-7;5-9;5-10;5-12;5-13;6-7;6-8;6-9;6-10;6-12;6-13;7-8;7-9;7-10;7-11;7-12;7-13;8-9;8-10;8-12;8-13;9-10;9-13;10-13;11-12;11-13;12-13,"1,1,1,0,1,0,1,0,1,1,1,0,1,1,1,0,0,0,1,1,1,1,1,0,1,1,0,1,0,1,0,1,1,1,0,1,1,1,1,1,1,1,1,1,1,1,1,1,1,1,0,0,1,1,1,1,1,0,1,1,0,1,1,1,1,1,1,0,1,1,1,1,1,1,1,1,1,1,0,1,1,1,0,0,1,0,0,1,1,1,1"
389,14,69,9,0-1;0-2;0-3;0-4;0-5;0-6;0-7;0-8;0-9;0-10;0-11;0-12;0-13;1-4;1-5;1-8;1-9;1-10;1-12;1-13;2-3;2-4;2-5;2-6;2-7;2-8;2-11;2-12;3-5;3-6;3-7;3-8;3-10;3-11;3-12;4-5;4-7;4-9;4-11;4-12;4-13;5-6;5-7;5-8;5-9;5-10;5-11;5-12;5-13;6-7;6-8;6-10;6-11;6-12;7-9;7-10;7-11;7-12;8-12;8-13;9-10;9-11;9-12;9-13;10-11;10-12;10-13;11-12;12-13,"1,1,1,1,1,1,1,1,1,1,1,1,1,0,0,1,1,0,0,1,1,1,0,1,1,1,1,1,1,1,1,0,0,1,1,0,0,1,1,1,1,0,1,1,1,0,1,0,1,0,1,0,1,1,1,1,1,1,1,1,1,1,1,1,1,0,1,1,1,0,0,1,1,1,1,0,0,0,0,1,1,1,1,1,1,1,1,1,1,0,1"
390,14,69,9,0-1;0-4;0-5;0-6;0-10;0-11;0-12;0-13;1-2;1-3;1-5;1-9;1-10;1-11;1-12;1-13;2-3;2-4;2-7;2-8;2-9;2-11;2-12;2-13;3-5;3-6;3-7;3-8;3-9;3-11;3-12;3-13;4-7;4-8;4-10;4-11;4-12;4-13;5-6;5-9;5-10;5-11;5-12;5-13;6-7;6-8;6-9;6-10;6-11;6-12;6-13;7-8;7-9;7-11;7-12;7-13;8-9;8-11;8-12;8-13;9-11;9-12;9-13;10-11;10-12;10-13;11-12;11-13;12-13,"1,0,0,1,1,1,0,0,0,1,1,1,1,1,1,0,1,0,0,0,1,1,1,1,1,1,1,0,0,1,1,1,0,1,1,1,0,1,1,1,1,1,0,1,1,1,0,0,1,1,0,1,1,1,1,1,0,0,1,1,1,1,1,1,1,1,1,1,1,1,1,1,0,1,1,1,1,0,1,1,1,0,1,1,1,1,1,1,1,1,1"
391,14,69,9,0-1;0-2;0-3;0-5;0-7;0-8;0-9;0-11;0-12;1-2;1-3;1-4;1-5;1-6;1-7;1-8;1-9;1-10;1-11;1-12;1-13;2-3;2-4;2-5;2-7;2-10;2-11;2-13;3-4;3-5;3-6;3-7;3-9;3-10;3-11;4-5;4-6;4-7;4-10;4-11;4-13;5-6;5-7;5-8;5-9;5-10;5-11;5-12;5-13;6-7;6-8;6-9;6-10;6-11;6-12;7-9;7-10;7-11;8-9;8-11;8-12;8-13;9-11;9-12;10-11;10-13;11-12;11-13;12-13,"1,1,1,0,1,0,1,1,1,0,1,1,0,1,1,1,1,1,1,1,1,1,1,1,1,1,1,1,0,1,0,0,1,1,0,1,1,1,1,1,0,1,1,1,0,0,1,1,1,0,0,1,1,0,1,1,1,1,1,1,1,1,1,1,1,1,1,1,1,0,0,1,1,1,0,0,1,0,1,1,1,0,1,1,0,1,0,1,1,1,1"
392,14,69,9,0-1;0-2;0-3;0-4;0-5;0-6;0-7;0-8;0-9;0-10;0-11;0-12;0-13;1-2;1-5;1-7;1-8;1-10;1-11;1-12;1-13;2-3;2-5;2-6;2-8;2-10;2-11;2-12;2-13;3-4;3-5;3-6;3-8;3-9;3-11;3-13;4-6;4-7;4-8;4-9;4-11;4-13;5-6;5-8;5-10;5-11;5-12;5-13;6-8;6-9;6-10;6-11;7-8;7-9;7-10;7-11;7-12;8-9;8-10;8-11;8-12;8-13;9-11;9-13;10-11;10-12;11-12;11-13;12-13,"1,1,1,1,1,1,1,1,1,1,1,1,1,1,0,0,1,0,1,1,0,1,1,1,1,1,0,1,1,0,1,0,1,1,1,1,1,1,1,0,1,1,0,1,0,1,0,1,1,1,1,0,1,0,1,1,0,1,0,1,1,1,1,0,1,1,1,1,0,0,1,1,1,1,1,0,1,1,1,1,1,0,1,0,1,1,1,0,1,1,1"
393,14,69,9,0-1;0-4;0-6;0-7;0-8;0-9;0-10;0-11;0-12;1-4;1-5;1-6;1-7;1-9;1-10;1-11;1-12;2-3;2-5;2-6;2-8;2-9;2-10;2-12;2-13;3-4;3-5;3-8;3-9;3-10;3-11;3-12;3-13;4-5;4-7;4-8;4-9;4-10;4-11;4-12;5-7;5-9;5-10;5-11;5-12;5-13;6-7;6-9;6-10;6-12;6-13;7-9;7-10;7-11;7-12;8-9;8-10;8-11;8-12;8-13;9-10;9-11;9-12;9-13;10-11;10-12;10-13;11-12;12-13,"1,0,0,1,0,1,1,1,1,1,1,1,0,0,0,1,1,1,1,0,1,1,1,1,0,1,0,1,1,0,1,1,1,0,1,1,1,1,0,0,1,1,1,1,1,1,1,0,1,1,1,1,1,1,0,0,1,0,1,1,1,1,1,1,0,1,1,0,1,1,0,1,1,1,1,0,1,1,1,1,1,1,1,1,1,1,1,1,1,0,1"
394,14,69,9,0-2;0-4;0-5;0-6;0-7;0-9;0-10;0-11;0-13;1-2;1-3;1-4;1-6;1-7;1-8;1-9;1-12;1-13;2-3;2-4;2-5;2-6;2-7;2-8;2-9;2-10;2-11;2-12;2-13;3-4;3-7;3-8;3-9;3-11;3-12;3-13;4-5;4-6;4-7;4-8;4-9;4-10;4-11;4-12;4-13;5-6;5-7;5-8;5-10;5-11;6-7;6-9;6-10;6-13;7-8;7-9;7-10;7-11;7-12;7-13;8-10;8-12;9-11;9-12;9-13;10-11;11-12;11-13;12-13,"0,1,0,1,1,1,1,0,1,1,1,0,1,1,1,1,0,1,1,1,1,0,0,1,1,1,1,1,1,1,1,1,1,1,1,1,1,0,0,1,1,1,0,1,1,1,1,1,1,1,1,1,1,1,1,1,1,1,0,1,1,0,0,1,0,1,1,0,0,1,1,1,1,1,1,1,0,1,0,1,0,0,1,1,1,1,0,0,1,1,1"
395,14,69,9,0-2;0-3;0-4;0-5;0-6;0-9;0-11;0-13;1-2;1-3;1-4;1-7;1-8;1-9;1-10;1-12;1-13;2-3;2-6;2-7;2-9;2-12;2-13;3-4;3-5;3-6;3-7;3-8;3-9;3-10;3-11;3-12;3-13;4-6;4-7;4-8;4-9;4-10;4-11;4-13;5-6;5-8;5-9;5-10;5-11;5-12;5-13;6-9;6-11;6-13;7-8;7-9;7-10;7-12;7-13;8-9;8-10;8-11;8-12;8-13;9-10;9-11;9-12;9-13;10-11;10-12;10-13;11-13;12-13,"0,1,1,1,1,1,0,0,1,0,1,0,1,1,1,1,0,0,1,1,1,1,0,1,1,1,0,0,1,1,0,1,0,0,1,1,1,1,1,1,1,1,1,1,1,1,0,1,1,1,1,1,1,0,1,1,0,1,1,1,1,1,1,0,0,1,0,1,0,1,1,1,1,0,1,1,1,1,1,1,1,1,1,1,1,1,1,1,0,1,1"
396,14,69,9,0-1;0-4;0-5;0-6;0-8;0-9;0-10;0-13;1-5;1-6;1-7;1-8;1-9;1-10;1-11;1-13;2-3;2-4;2-7;2-8;2-9;2-10;2-11;2-12;2-13;3-4;3-6;3-7;3-9;3-10;3-11;3-12;3-13;4-5;4-9;4-10;4-12;4-13;5-6;5-8;5-9;5-10;5-13;6-7;6-9;6-10;6-11;6-12;6-13;7-8;7-9;7-10;7-11;7-12;7-13;8-9;8-10;8-11;8-13;9-10;9-11;9-12;9-13;10-11;10-12;10-13;11-12;11-13;12-13,"1,0,0,1,1,1,0,1,1,1,0,0,1,0,0,0,1,1,1,1,1,1,1,0,1,1,1,0,0,1,1,1,1,1,1,1,1,0,1,1,0,1,1,1,1,1,1,0,0,0,1,1,0,1,1,1,0,1,1,1,0,0,1,1,0,1,1,1,1,1,1,1,1,1,1,1,1,1,1,0,1,1,1,1,1,1,1,1,1,1,1"
397,14,69,9,0-1;0-2;0-3;0-4;0-5;0-6;0-7;0-8;0-9;0-10;0-11;0-12;0-13;1-2;1-3;1-4;1-5;1-9;1-10;1-12;2-3;2-4;2-5;2-6;2-7;2-8;2-9;2-10;2-11;2-12;2-13;3-5;3-7;3-8;3-9;3-10;3-13;4-5;4-6;4-8;4-10;4-11;5-9;5-10;5-12;6-7;6-8;6-10;6-11;6-12;6-13;7-8;7-9;7-10;7-11;7-12;7-13;8-10;8-11;8-13;9-10;9-12;9-13;10-11;10-12;10-13;11-12;11-13;12-13,"1,1,1,1,1,1,1,1,1,1,1,1,1,1,1,1,1,0,0,0,1,1,0,1,0,1,1,1,1,1,1,1,1,1,1,1,0,1,0,1,1,1,1,0,0,1,1,1,0,1,0,1,1,0,0,0,0,0,1,1,0,1,0,1,1,0,1,1,1,1,1,1,1,1,1,1,0,1,1,0,1,1,0,1,1,1,1,1,1,1,1"
398,14,69,9,0-1;0-2;0-3;0-4;0-6;0-8;0-9;0-11;0-12;0-13;1-2;1-3;1-4;1-5;1-6;1-8;1-10;1-12;1-13;2-3;2-4;2-6;2-7;2-8;2-10;2-12;3-4;3-5;3-6;3-7;3-8;3-9;3-10;3-11;3-12;3-13;4-5;4-6;4-8;4-10;4-12;4-13;5-8;5-9;5-10;5-11;5-12;5-13;6-7;6-8;6-10;6-12;7-8;7-9;7-10;7-11;7-12;8-9;8-10;8-11;8-12;8-13;9-11;9-12;9-13;10-12;11-12;11-13;12-13,"1,1,1,1,0,1,0,1,1,0,1,1,1,1,1,1,1,1,0,1,0,1,0,1,1,1,1,0,1,1,1,0,1,0,1,0,1,1,1,1,1,1,1,1,1,1,1,1,0,1,0,1,0,1,1,0,0,1,1,1,1,1,1,1,1,0,1,0,1,0,1,1,1,1,1,0,1,1,1,1,1,0,1,1,1,0,1,0,1,1,1"
399,14,69,9,0-1;0-3;0-5;0-8;0-9;0-10;0-11;0-12;0-13;1-3;1-4;1-5;1-8;1-9;1-11;1-12;1-13;2-3;2-4;2-6;2-7;2-8;2-10;2-11;2-12;2-13;3-4;3-5;3-6;3-7;3-8;3-9;3-10;3-11;3-12;3-13;4-5;4-7;4-8;4-9;4-11;4-12;4-13;5-6;5-8;5-9;5-11;6-7;6-8;6-9;6-10;6-11;7-8;7-10;7-11;7-12;7-13;8-9;8-10;8-11;8-12;8-13;9-11;10-11;10-12;10-13;11-12;11-13;12-13,"1,0,1,0,1,0,0,1,1,1,1,1,1,0,1,1,1,0,0,1,1,0,1,1,1,1,1,0,1,1,1,0,1,1,1,1,1,1,1,1,1,1,1,1,1,1,1,0,1,1,1,0,1,1,1,1,0,1,1,0,1,0,0,1,1,1,1,1,0,0,1,0,1,1,1,1,1,1,1,1,1,0,1,0,0,1,1,1,1,1,1"
400,14,70,9,0-3;0-5;0-6;0-7;0-9;0-10;0-11;0-12;0-13;1-4;1-5;1-6;1-8;1-9;1-10;1-11;1-12;1-13;2-5;2-6;2-7;2-8;2-10;2-11;2-12;2-13;3-7;3-8;3-9;3-10;3-11;3-12;3-13;4-7;4-8;4-9;4-10;4-11;4-12;4-13;5-6;5-10;5-11;5-12;5-13;6-10;6-11;6-12;6-13;7-8;7-9;7-10;7-11;7-12;7-13;8-9;8-10;8-11;8-12;8-13;9-10;9-11;9-12;9-13;10-11;10-12;10-13;11-12;11-13;12-13,"0,0,1,0,1,1,1,0,1,1,1,1,1,0,0,1,1,1,0,1,1,1,1,1,1,0,0,1,1,1,1,0,1,1,1,1,0,0,0,1,1,1,1,1,1,1,0,0,1,1,1,1,1,1,1,1,0,0,0,1,1,1,1,0,0,0,1,1,1,1,1,1,1,1,1,1,1,1,1,1,1,1,1,1,1,1,1,1,1,1,1"
401,14,70,9,0-1;0-3;0-5;0-6;0-7;0-8;0-9;0-12;0-13;1-3;1-5;1-7;1-8;1-9;1-10;1-13;2-3;2-5;2-7;2-8;2-9;2-10;2-11;2-13;3-4;3-5;3-6;3-7;3-8;3-9;3-10;3-11;3-12;3-13;4-6;4-7;4-8;4-9;4-10;4-12;4-13;5-7;5-8;5-9;5-10;5-11;5-13;6-7;6-9;6-11;6-12;6-13;7-8;7-9;7-10;7-11;7-12;7-13;8-9;8-10;8-13;9-10;9-11;9-12;9-13;10-11;10-13;11-12;11-13;12-13,"1,0,1,0,1,1,1,1,1,0,0,1,1,0,1,0,1,0,1,1,1,1,0,0,1,1,0,1,0,1,1,1,1,1,0,1,1,1,1,1,1,1,1,1,1,1,0,1,1,1,1,1,0,1,1,0,1,1,1,1,1,0,1,1,0,1,0,1,1,1,1,1,1,1,1,1,1,1,0,0,1,1,1,1,1,1,0,1,1,1,1"
402,14,70,9,0-1;0-2;0-3;0-5;0-7;0-9;0-10;0-11;1-2;1-3;1-4;1-5;1-6;1-7;1-8;1-9;1-10;1-11;1-12;1-13;2-3;2-4;2-5;2-6;2-7;2-8;2-9;2-10;2-11;2-12;2-13;3-5;3-7;3-9;3-10;3-11;4-6;4-8;4-9;4-10;4-11;4-12;5-8;5-10;5-11;5-12;5-13;6-7;6-8;6-9;6-10;6-11;6-12;6-13;7-10;7-11;7-12;8-9;8-10;8-11;8-12;8-13;9-10;9-11;10-11;10-12;10-13;11-12;11-13;12-13,"1,1,1,0,1,0,1,0,1,1,1,0,0,1,1,1,1,1,1,1,1,1,1,1,1,1,1,1,1,1,1,1,1,1,1,1,0,1,0,1,0,1,1,1,0,0,0,1,0,1,1,1,1,1,0,0,0,1,0,1,1,1,1,1,1,1,1,1,1,1,0,0,1,1,1,0,1,1,1,1,1,1,1,0,0,1,1,1,1,1,1"
403,14,70,9,0-1;0-2;0-3;0-4;0-5;0-6;0-7;0-8;0-9;0-10;0-11;0-12;0-13;1-3;1-4;1-5;1-6;1-8;1-9;1-10;2-4;2-5;2-6;2-7;2-9;2-10;2-11;2-12;2-13;3-4;3-5;3-7;3-8;3-9;3-11;3-13;4-5;4-6;4-7;4-8;4-9;4-10;4-11;4-12;4-13;5-6;5-7;5-8;5-9;5-10;5-11;5-12;5-13;6-7;6-8;6-9;6-12;7-9;7-11;7-12;7-13;8-9;8-10;9-10;9-11;9-12;9-13;10-11;11-12;11-13,"1,1,1,1,1,1,1,1,1,1,1,1,1,0,1,1,1,1,0,1,1,1,0,0,0,0,1,1,1,1,0,1,1,1,1,1,1,1,0,1,1,1,0,1,0,1,1,1,1,1,1,1,1,1,1,1,1,1,1,1,1,1,1,1,1,1,0,0,1,0,0,1,0,1,1,1,1,1,0,0,0,1,1,1,1,1,0,0,1,1,0"
404,14,70,9,0-1;0-5;0-6;0-7;0-8;0-9;0-11;0-12;1-2;1-3;1-5;1-7;1-8;1-9;1-11;1-12;1-13;2-4;2-7;2-8;2-9;2-10;2-11;2-12;3-4;3-5;3-7;3-8;3-9;3-10;3-12;3-13;4-6;4-7;4-8;4-9;4-10;4-12;5-6;5-7;5-8;5-9;5-11;5-12;5-13;6-7;6-8;6-9;6-10;6-11;6-12;7-8;7-9;7-10;7-11;7-12;7-13;8-9;8-10;8-11;8-12;8-13;9-10;9-11;9-12;9-13;10-12;11-12;11-13;12-13,"1,0,0,0,1,1,1,1,1,0,1,1,0,1,1,0,1,0,1,1,1,0,1,1,1,0,1,0,0,1,1,1,1,1,1,0,1,1,0,1,1,1,1,0,1,1,0,1,1,1,1,1,0,1,0,1,1,1,1,0,1,1,1,1,1,1,1,1,1,0,1,1,1,1,1,1,1,1,1,1,1,1,1,1,1,0,1,0,1,1,1"
405,14,70,9,0-1;0-3;0-4;0-6;0-8;0-9;0-11;0-12;0-13;1-2;1-3;1-4;1-5;1-6;1-7;1-8;1-12;1-13;2-3;2-5;2-6;2-7;2-8;2-12;2-13;3-4;3-5;3-6;3-8;3-10;3-12;3-13;4-5;4-6;4-8;4-12;4-13;5-6;5-7;5-8;5-10;5-12;5-13;6-7;6-8;6-9;6-10;6-11;6-12;6-13;7-8;7-9;7-11;7-12;7-13;8-9;8-10;8-11;8-12;8-13;9-10;9-11;9-12;9-13;10-11;10-12;10-13;11-12;11-13;12-13,"1,0,1,1,0,1,0,1,1,0,1,1,1,1,1,1,1,1,1,1,0,0,0,1,1,1,0,1,1,1,1,0,0,0,1,1,1,1,1,0,1,0,1,0,1,1,1,1,0,1,0,0,0,1,1,1,1,1,0,1,0,1,1,1,1,1,1,1,1,1,1,1,0,1,1,1,1,1,1,1,1,1,1,1,1,1,1,1,1,1,1"
406,14,70,9,0-1;0-2;0-3;0-6;0-7;0-8;0-9;0-10;0-12;0-13;1-3;1-5;1-7;1-8;1-9;1-11;1-12;1-13;2-3;2-4;2-7;2-8;2-9;2-10;2-12;3-4;3-5;3-6;3-7;3-8;3-9;3-10;3-11;3-12;3-13;4-5;4-7;4-8;4-9;4-10;4-11;4-12;5-6;5-8;5-9;5-11;5-12;6-8;6-9;6-10;6-11;6-12;7-8;7-9;7-10;7-12;7-13;8-9;8-10;8-11;8-12;8-13;9-10;9-11;9-12;9-13;10-12;10-13;11-12;12-13,"1,1,1,0,0,1,1,1,1,1,0,1,1,0,1,0,1,0,1,1,1,0,1,1,1,1,1,0,0,1,1,1,1,0,1,0,1,1,1,1,1,1,1,1,1,1,1,0,1,1,1,1,1,1,0,1,0,1,1,0,1,1,0,0,1,1,1,1,1,0,1,1,1,0,1,1,1,1,1,1,1,1,1,1,1,0,1,1,1,0,1"
407,14,70,9,0-1;0-2;0-3;0-4;0-5;0-6;0-7;0-8;0-9;0-10;0-11;0-12;0-13;1-2;1-3;1-4;1-5;1-6;1-9;1-10;1-12;1-13;2-4;2-5;2-6;2-9;2-10;2-12;3-4;3-5;3-6;3-7;3-10;3-11;3-13;4-5;4-6;4-8;4-10;4-12;4-13;5-6;5-7;5-8;5-9;5-10;5-11;5-12;5-13;6-7;6-8;6-9;6-10;6-11;6-12;6-13;7-8;7-9;7-10;7-11;8-10;8-11;8-12;9-10;9-11;9-12;10-11;10-12;10-13;12-13,"1,1,1,1,1,1,1,1,1,1,1,1,1,1,1,1,1,1,0,0,1,1,0,1,1,0,1,1,1,0,0,1,1,0,1,0,1,1,1,1,0,0,1,1,0,1,1,1,0,1,0,1,0,1,1,1,1,1,1,1,1,1,1,1,1,1,1,1,1,1,1,1,1,1,0,0,0,1,1,1,0,1,1,1,0,1,1,1,0,0,1"
408,14,70,9,0-2;0-3;0-4;0-7;0-8;0-9;0-10;0-11;0-12;0-13;1-3;1-5;1-6;1-7;1-8;1-9;1-12;1-13;2-4;2-7;2-8;2-9;2-10;2-12;2-13;3-4;3-5;3-7;3-8;3-12;3-13;4-6;4-7;4-8;4-10;4-11;4-12;4-13;5-6;5-7;5-8;5-9;5-12;5-13;6-7;6-8;6-10;6-11;6-12;6-13;7-8;7-9;7-10;7-11;7-12;7-13;8-9;8-10;8-11;8-12;8-13;9-10;9-12;9-13;10-11;10-12;10-13;11-12;11-13;12-13,"0,1,1,1,0,0,1,1,1,1,1,1,1,0,1,0,1,1,1,1,1,0,0,1,1,0,1,0,0,1,1,1,1,0,1,1,1,1,0,1,1,0,0,0,1,1,0,1,1,1,0,1,1,1,1,1,1,1,1,0,0,1,1,1,1,0,1,1,1,1,1,1,1,1,1,1,1,1,1,1,1,1,0,1,1,1,1,1,1,1,1"
409,14,70,9,0-1;0-2;0-3;0-4;0-5;0-6;0-7;0-8;0-9;0-10;0-11;0-12;0-13;1-2;1-3;1-7;1-8;1-9;1-10;1-11;1-12;1-13;2-5;2-6;2-8;2-10;2-11;2-12;2-13;3-4;3-7;3-8;3-9;3-10;3-11;3-12;3-13;4-5;4-6;4-8;4-11;4-12;4-13;5-6;5-8;5-9;5-12;5-13;6-8;6-9;6-12;6-13;7-8;7-9;7-11;7-12;7-13;8-9;8-10;8-11;8-12;8-13;9-12;9-13;10-11;10-12;10-13;11-12;11-13;12-13,"1,1,1,1,1,1,1,1,1,1,1,1,1,1,1,0,0,0,1,1,1,1,1,1,1,0,0,1,1,0,1,0,1,1,1,1,1,0,0,1,1,1,1,1,1,1,1,1,0,1,0,0,1,1,1,1,0,1,1,0,0,1,1,0,1,1,0,0,1,1,1,1,0,1,1,1,1,1,1,1,1,0,0,1,1,1,1,1,1,1,1"
410,14,70,9,0-1;0-2;0-3;0-4;0-6;0-7;0-8;0-10;0-11;0-13;1-2;1-3;1-4;1-5;1-6;1-7;1-8;1-9;1-10;1-11;1-12;1-13;2-4;2-6;2-7;2-8;2-10;2-11;2-12;2-13;3-5;3-7;3-9;3-10;3-11;3-13;4-7;4-10;4-11;4-12;4-13;5-6;5-9;5-10;5-11;5-12;5-13;6-8;6-9;6-10;6-11;6-13;7-8;7-10;7-11;7-12;7-13;8-10;8-11;8-13;9-10;9-11;9-12;9-13;10-11;10-12;10-13;11-12;11-13;12-13,"1,1,1,1,0,1,1,1,0,1,1,0,1,1,1,1,1,1,1,1,1,1,1,1,1,0,1,0,1,1,1,0,1,1,1,1,0,1,0,1,0,1,1,1,0,1,0,0,1,0,0,1,1,1,1,1,0,0,1,1,1,1,1,0,1,1,1,1,0,1,1,0,1,1,1,1,0,1,1,0,1,1,1,1,1,1,1,1,1,1,1"
411,14,70,9,0-1;0-2;0-4;0-6;0-7;0-8;0-10;0-11;0-12;1-2;1-3;1-4;1-5;1-7;1-8;1-11;1-12;1-13;2-3;2-4;2-5;2-6;2-7;2-8;2-9;2-10;2-11;2-12;2-13;3-4;3-5;3-7;3-8;3-9;3-11;3-12;3-13;4-5;4-6;4-7;4-8;4-9;4-10;4-11;4-12;4-13;5-8;5-11;5-12;5-13;6-8;6-9;6-10;6-12;6-13;7-8;7-11;7-12;8-9;8-10;8-11;8-12;8-13;9-10;9-11;9-12;10-12;10-13;11-12;12-13,"1,1,0,1,0,1,1,1,0,1,1,1,0,1,1,1,1,0,1,1,0,0,1,1,1,1,1,1,1,1,1,1,1,1,1,1,1,1,0,1,1,1,0,1,1,1,1,1,1,1,1,1,1,1,1,0,0,1,0,0,1,1,1,0,1,1,1,0,1,1,1,0,0,1,1,0,1,1,1,1,1,1,1,1,0,0,1,1,1,0,1"
412,14,70,9,0-1;0-2;0-3;0-4;0-5;0-6;0-7;0-8;0-9;0-10;0-11;0-12;0-13;1-2;1-3;1-4;1-5;1-6;1-7;1-8;1-9;1-10;1-11;1-12;1-13;2-5;2-6;2-10;2-11;2-12;2-13;3-4;3-5;3-6;3-8;3-10;3-12;3-13;4-6;4-8;4-10;4-11;4-13;5-6;5-7;5-10;5-12;6-7;6-8;6-9;6-10;6-11;6-12;6-13;7-8;7-9;7-10;7-11;7-12;8-9;8-10;8-11;8-13;9-10;9-11;9-13;10-11;10-12;10-13;11-13,"1,1,1,1,1,1,1,1,1,1,1,1,1,1,1,1,1,1,1,1,1,1,1,1,1,0,0,1,1,0,0,0,1,1,1,1,1,1,1,0,1,0,1,0,1,1,0,1,0,1,0,1,1,0,1,1,1,0,0,1,0,1,0,1,1,1,1,1,1,1,1,1,1,1,1,0,1,1,1,0,1,1,1,0,1,1,1,1,0,1,0"
413,14,70,9,0-1;0-3;0-4;0-5;0-6;0-8;0-10;0-11;0-13;1-2;1-3;1-4;1-5;1-6;1-7;1-8;1-9;1-10;1-11;1-12;1-13;2-3;2-4;2-5;2-6;2-8;2-9;2-11;3-4;3-5;3-6;3-8;3-12;4-5;4-6;4-7;4-8;4-9;4-10;4-11;4-12;4-13;5-6;5-7;5-8;5-9;5-10;5-11;5-12;5-13;6-8;6-12;7-8;7-9;7-10;7-11;7-12;8-9;8-10;8-11;8-12;8-13;9-10;9-11;9-12;9-13;10-11;10-12;10-13;11-13,"1,0,1,1,1,1,0,1,0,1,1,0,1,1,1,1,1,1,1,1,1,1,1,1,1,1,1,1,1,0,1,1,0,1,0,0,1,1,1,0,1,0,0,0,1,0,1,1,1,1,1,1,1,1,1,1,1,1,1,1,1,1,1,0,1,0,0,0,1,0,1,1,1,1,1,0,1,1,1,1,1,1,1,1,1,1,1,1,0,1,0"
414,14,70,9,0-1;0-2;0-3;0-4;0-5;0-6;0-7;0-8;1-2;1-3;1-5;1-7;1-8;1-10;1-11;2-3;2-4;2-5;2-6;2-7;2-8;2-9;2-10;2-11;2-12;2-13;3-4;3-5;3-6;3-7;3-8;3-9;3-10;3-11;3-12;3-13;4-6;4-7;4-8;4-9;4-11;4-12;4-13;5-7;5-8;5-10;5-11;6-7;6-8;6-9;6-10;6-12;6-13;7-8;7-9;7-10;7-11;7-12;7-13;8-9;8-10;8-11;8-12;8-13;9-10;9-12;10-12;11-12;11-13;12-13,"1,1,1,1,1,1,1,1,0,0,0,0,0,1,1,0,1,0,1,1,0,1,1,0,0,1,1,1,1,1,1,1,1,1,1,1,1,1,1,1,1,1,1,1,1,1,0,1,1,1,1,0,1,1,1,0,1,1,0,1,1,0,0,1,1,1,1,0,1,1,1,1,1,1,1,1,1,1,1,1,1,1,0,1,0,0,1,0,1,1,1"
415,14,70,9,0-1;0-2;0-3;0-4;0-5;0-6;0-7;0-8;0-9;0-10;0-11;0-12;0-13;1-2;1-3;1-4;1-5;1-6;1-7;1-8;1-9;1-10;1-11;1-12;1-13;2-3;2-4;2-7;2-9;2-11;2-12;3-6;3-7;3-9;3-12;3-13;4-5;4-7;4-9;4-10;4-12;4-13;5-6;5-9;5-10;5-12;5-13;6-8;6-9;6-10;6-11;6-12;6-13;7-9;7-11;7-12;8-9;8-10;8-11;8-12;8-13;9-10;9-11;9-12;9-13;10-11;10-12;10-13;11-12;12-13,"1,1,1,1,1,1,1,1,1,1,1,1,1,1,1,1,1,1,1,1,1,1,1,1,1,1,1,0,0,1,0,1,0,1,1,0,0,0,1,1,0,1,0,0,1,1,1,0,1,0,1,1,0,1,1,1,0,0,1,1,0,1,1,0,1,1,1,1,1,1,0,1,0,1,1,0,1,1,1,1,1,1,1,1,1,1,1,1,1,0,1"
416,14,70,9,0-1;0-2;0-3;0-4;0-8;0-9;0-11;0-13;1-2;1-3;1-4;1-8;1-9;1-10;1-11;1-12;1-13;2-3;2-4;2-5;2-6;2-7;2-8;2-9;2-10;2-11;2-12;2-13;3-4;3-5;3-6;3-7;3-8;3-9;3-10;3-11;3-12;3-13;4-6;4-8;4-9;4-10;4-11;4-13;5-6;5-7;5-8;5-9;5-12;5-13;6-7;6-9;6-10;6-11;6-13;7-8;7-9;7-12;7-13;8-9;8-13;9-10;9-11;9-12;9-13;10-11;10-13;11-12;11-13;12-13,"1,1,1,1,0,0,0,1,1,0,1,0,1,1,1,1,0,0,0,1,1,1,1,1,1,1,1,1,1,1,1,1,1,1,1,1,1,1,1,1,1,1,1,1,1,1,0,1,0,1,1,1,1,0,1,1,1,1,1,0,0,1,1,1,0,1,1,1,0,1,1,1,0,0,1,1,1,0,0,0,1,1,1,1,1,1,0,1,1,1,1"
417,14,70,9,0-1;0-3;0-4;0-5;0-7;0-8;0-9;0-10;0-11;1-2;1-3;1-4;1-5;1-6;1-7;1-8;1-9;1-10;1-11;1-12;1-13;2-4;2-5;2-7;2-8;2-10;2-11;2-12;2-13;3-4;3-8;3-9;3-10;3-11;3-13;4-5;4-6;4-7;4-8;4-9;4-10;4-11;4-12;4-13;5-6;5-7;5-8;5-10;6-7;6-8;6-9;6-10;6-13;7-8;7-10;8-9;8-10;8-11;8-12;8-13;9-10;9-11;9-12;9-13;10-11;10-12;10-13;11-12;11-13;12-13,"1,0,1,1,1,0,1,1,1,1,1,0,0,1,1,1,1,1,1,1,1,1,1,1,1,0,1,1,0,1,1,0,1,1,1,1,1,0,0,0,1,1,1,1,0,1,1,1,1,1,1,1,1,1,1,1,1,1,0,1,0,0,0,1,1,1,1,0,0,1,1,0,1,0,0,0,1,1,1,1,1,1,1,1,1,1,1,1,1,1,1"
418,14,70,9,0-1;0-2;0-3;0-7;0-8;0-9;0-10;0-12;0-13;1-2;1-3;1-4;1-5;1-8;1-9;1-10;1-11;1-12;2-3;2-4;2-5;2-6;2-7;2-8;2-9;2-10;2-11;2-12;2-13;3-4;3-5;3-6;3-7;3-8;3-9;3-10;3-11;3-12;3-13;4-5;4-6;4-8;4-9;4-10;4-11;4-12;5-7;5-10;5-11;5-12;5-13;6-7;6-9;6-10;6-12;6-13;7-10;7-12;7-13;8-9;8-10;8-12;9-10;9-11;9-12;10-11;10-12;10-13;11-12;12-13,"1,1,1,0,0,0,1,1,1,1,0,1,1,1,1,1,1,0,0,1,1,1,1,1,0,1,1,1,1,1,1,1,1,1,1,1,1,1,1,1,1,1,1,1,1,1,1,1,0,1,1,1,1,1,0,0,1,0,0,1,1,1,1,1,0,1,1,0,1,1,0,0,1,0,1,1,1,1,0,1,0,1,1,1,0,1,1,1,1,0,1"
419,14,70,9,0-2;0-5;0-6;0-8;0-9;0-10;0-11;0-12;1-2;1-3;1-4;1-6;1-7;1-9;1-11;1-12;2-3;2-4;2-5;2-6;2-7;2-8;2-9;2-10;2-11;2-12;2-13;3-4;3-6;3-7;3-9;3-11;3-12;4-5;4-8;4-9;4-11;4-12;5-6;5-8;5-9;5-10;5-11;5-12;5-13;6-9;6-10;6-11;6-12;7-8;7-9;7-10;7-11;7-12;7-13;8-9;8-10;8-11;8-12;8-13;9-10;9-11;9-12;9-13;10-11;10-12;10-13;11-12;11-13;12-13,"0,1,0,0,1,1,0,1,1,1,1,1,0,1,1,1,0,1,1,0,1,0,1,1,0,1,1,1,1,1,1,1,1,1,1,1,1,0,1,1,0,1,0,1,1,0,1,0,0,1,1,0,1,1,0,1,0,1,1,1,1,1,1,0,0,1,1,1,1,0,1,1,1,1,1,1,1,1,1,1,1,1,1,1,1,1,1,1,1,1,1"
420,14,70,9,0-2;0-3;0-4;0-6;0-8;0-10;0-11;0-12;0-13;1-2;1-5;1-6;1-8;1-10;1-11;1-12;1-13;2-3;2-4;2-5;2-6;2-7;2-10;2-11;2-13;3-4;3-5;3-6;3-10;3-11;3-13;4-5;4-6;4-7;4-9;4-10;4-11;4-13;5-6;5-7;5-9;5-10;5-11;5-13;6-7;6-8;6-9;6-10;6-11;6-12;6-13;7-9;7-10;7-11;7-13;8-9;8-10;8-11;8-12;8-13;9-10;9-11;9-12;9-13;10-11;10-12;10-13;11-12;11-13;12-13,"0,1,1,1,0,1,0,1,0,1,1,1,1,1,0,0,1,1,0,1,0,1,1,1,1,1,1,1,1,1,0,0,1,1,0,1,1,1,1,0,0,0,1,1,0,1,1,1,1,0,1,1,1,0,1,1,1,0,1,1,1,0,1,1,1,1,1,1,1,1,0,1,1,1,0,1,1,1,1,1,1,1,1,1,1,1,1,1,1,1,1"
421,14,70,9,0-3;0-5;0-7;0-9;0-10;0-11;0-12;0-13;1-4;1-5;1-8;1-9;1-10;1-11;1-12;1-13;2-5;2-6;2-8;2-9;2-10;2-11;2-12;2-13;3-6;3-7;3-9;3-10;3-11;3-12;3-13;4-6;4-7;4-8;4-10;4-11;4-12;4-13;5-7;5-8;5-9;5-10;5-11;5-12;5-13;6-8;6-9;6-10;6-11;6-12;6-13;7-10;7-11;7-12;7-13;8-9;8-10;8-11;8-12;8-13;9-10;9-11;9-12;9-13;10-11;10-12;10-13;11-12;11-13;12-13,"0,0,1,0,1,0,1,0,1,1,1,1,1,0,0,1,1,0,0,1,1,1,1,1,1,0,0,1,1,0,1,1,1,1,1,1,0,0,1,1,0,1,1,1,1,1,0,1,1,1,0,1,1,1,1,0,1,1,1,1,1,1,1,0,1,1,1,1,1,1,0,0,1,1,1,1,1,1,1,1,1,1,1,1,1,1,1,1,1,1,1"
422,14,70,9,0-1;0-2;0-3;0-4;0-5;0-7;0-12;0-13;1-3;1-4;1-5;1-6;1-7;1-8;1-11;1-12;1-13;2-4;2-5;2-7;2-9;2-10;2-11;2-12;3-4;3-5;3-7;3-8;3-11;3-12;4-5;4-6;4-7;4-8;4-9;4-10;4-11;4-12;4-13;5-6;5-7;5-8;5-9;5-10;5-11;5-12;5-13;6-7;6-8;6-11;6-12;6-13;7-8;7-9;7-10;7-11;7-12;7-13;8-9;8-10;8-11;8-12;8-13;9-10;9-11;9-12;10-12;10-13;11-12;12-13,"1,1,1,1,1,0,1,0,0,0,0,1,1,0,1,1,1,1,1,1,0,0,1,1,1,0,1,1,0,1,0,1,1,1,1,0,1,1,0,1,1,0,0,1,1,0,1,1,1,1,1,1,1,1,1,1,1,1,1,1,1,1,1,1,1,0,0,1,1,1,1,1,1,1,1,1,1,1,1,1,1,1,1,1,0,0,1,1,1,0,1"
423,14,70,9,0-1;0-2;0-4;0-5;0-6;0-7;0-10;0-11;0-12;0-13;1-2;1-3;1-4;1-5;1-6;1-7;1-8;1-9;1-10;1-11;1-12;1-13;2-4;2-6;2-10;2-11;2-12;2-13;3-4;3-6;3-8;3-9;3-10;3-11;3-12;4-5;4-6;4-7;4-8;4-9;4-10;4-11;4-12;4-13;5-6;5-7;5-8;5-10;5-11;6-10;6-11;6-12;7-10;7-11;7-12;7-13;8-9;8-10;8-11;8-13;9-10;9-11;9-12;9-13;10-11;10-12;10-13;11-12;11-13;12-13,"1,1,0,1,1,1,1,0,0,1,1,1,1,1,1,1,1,1,1,1,1,1,1,1,1,0,1,0,1,0,0,0,1,1,1,1,1,0,1,0,1,1,1,1,1,0,1,1,1,1,1,1,1,1,1,1,1,1,0,1,1,0,0,0,0,0,1,1,1,0,0,0,1,1,1,1,1,1,1,0,1,1,1,1,1,1,1,1,1,1,1"
424,14,70,9,0-1;0-2;0-3;0-4;0-5;0-6;0-7;0-8;0-9;0-10;0-11;0-12;0-13;1-2;1-4;1-7;1-8;1-9;1-11;1-12;2-3;2-4;2-5;2-6;2-8;2-12;3-4;3-5;3-7;3-8;3-10;3-11;3-12;3-13;4-5;4-6;4-7;4-8;4-9;4-10;4-11;4-12;4-13;5-6;5-8;5-10;5-12;6-8;6-9;6-10;6-12;7-8;7-9;7-10;7-11;7-12;7-13;8-9;8-10;8-11;8-12;8-13;9-10;9-12;9-13;10-11;10-12;10-13;11-12;12-13,"1,1,1,1,1,1,1,1,1,1,1,1,1,1,0,1,0,0,1,1,1,0,1,1,0,1,1,1,1,0,1,0,0,0,1,0,1,1,0,1,1,0,1,1,1,1,1,1,1,1,1,1,1,1,1,1,0,1,0,1,0,1,0,0,1,1,1,0,1,0,1,1,1,1,1,1,1,1,1,1,1,1,0,1,1,1,1,1,1,0,1"
425,14,70,9,0-1;0-3;0-4;0-6;0-8;0-10;0-11;0-13;1-2;1-3;1-4;1-5;1-6;1-7;1-8;1-9;1-10;1-11;1-12;1-13;2-5;2-6;2-8;2-9;2-11;2-12;2-13;3-5;3-6;3-8;3-10;3-11;3-13;4-6;4-7;4-8;4-9;4-12;4-13;5-6;5-7;5-8;5-9;5-10;5-11;5-12;5-13;6-7;6-8;6-9;6-10;6-11;6-12;6-13;7-8;7-11;7-12;7-13;8-9;8-10;8-11;8-12;8-13;9-10;9-12;9-13;10-13;11-12;11-13;12-13,"1,0,1,1,0,1,0,1,0,1,1,0,1,1,1,1,1,1,1,1,1,1,1,1,1,0,0,1,1,0,1,1,0,1,1,1,0,1,1,0,1,0,1,1,0,1,0,1,1,1,1,0,0,1,1,1,1,1,1,1,1,1,1,1,1,1,1,1,1,1,1,0,0,1,1,1,1,1,1,1,1,1,0,1,1,0,0,1,1,1,1"
426,14,70,9,0-2;0-4;0-5;0-6;0-7;0-9;0-10;0-11;0-12;0-13;1-2;1-6;1-7;1-8;1-9;1-11;1-12;1-13;2-3;2-4;2-5;2-6;2-7;2-8;2-9;2-10;2-11;2-12;2-13;3-4;3-7;3-8;3-9;3-10;3-12;3-13;4-7;4-9;4-10;4-12;4-13;5-7;5-8;5-9;5-10;5-11;5-12;6-7;6-9;6-10;6-11;6-12;7-8;7-9;7-10;7-11;7-12;7-13;8-9;8-10;8-11;8-12;9-10;9-11;9-12;9-13;10-11;10-12;11-12;12-13,"0,1,0,1,1,1,1,0,1,1,1,1,1,1,0,0,0,1,1,1,1,0,1,1,1,1,1,1,1,1,1,1,1,1,1,1,1,0,0,1,1,1,1,0,1,1,0,0,1,0,1,1,0,1,1,0,1,1,1,1,1,1,0,1,0,1,1,1,1,0,1,1,1,1,1,1,1,1,1,1,0,1,1,1,1,1,1,0,1,0,1"
427,14,70,9,0-1;0-2;0-3;0-4;0-5;0-6;0-7;0-8;0-9;0-10;0-11;0-12;0-13;1-3;1-4;1-5;1-6;1-7;1-8;1-11;2-3;2-4;2-5;2-6;2-10;2-11;2-12;3-4;3-5;3-6;3-7;3-8;3-9;3-10;3-11;3-12;3-13;4-5;4-6;4-7;4-8;4-9;4-10;4-11;4-12;4-13;5-6;5-7;5-8;5-9;5-10;5-11;5-12;5-13;6-8;6-11;6-12;6-13;7-8;7-9;7-12;8-9;8-11;8-13;9-10;9-11;9-13;10-11;10-12;11-13,"1,1,1,1,1,1,1,1,1,1,1,1,1,0,1,1,1,1,1,1,0,0,1,0,0,1,1,1,1,0,0,0,1,1,1,0,1,1,1,1,1,1,1,1,1,1,1,1,1,1,1,1,1,1,1,1,1,1,1,1,1,1,1,0,1,0,0,1,1,1,1,1,0,0,1,0,1,0,1,0,1,1,1,0,1,1,1,0,0,1,0"
428,14,70,9,0-1;0-4;0-5;0-6;0-8;0-9;0-10;0-11;1-2;1-3;1-4;1-5;1-6;1-7;1-8;1-9;1-10;1-11;1-12;1-13;2-5;2-6;2-7;2-8;2-10;2-11;2-13;3-4;3-6;3-7;3-8;3-9;3-10;3-11;3-12;4-5;4-7;4-8;4-9;4-10;4-11;4-12;4-13;5-8;5-9;5-10;5-11;5-12;5-13;6-8;6-9;6-10;6-11;7-8;7-10;7-11;7-13;8-9;8-10;8-11;8-12;8-13;9-10;9-11;9-12;10-11;10-12;10-13;11-12;11-13,"1,0,0,1,1,1,0,1,1,1,1,0,0,1,1,1,1,1,1,1,1,1,1,1,1,0,0,1,1,1,1,0,1,1,0,1,1,0,1,1,1,1,1,1,1,0,1,0,1,1,1,1,1,1,1,0,0,1,1,1,1,1,1,0,1,1,1,1,0,0,1,0,1,1,0,1,1,1,1,1,1,1,1,1,0,1,1,1,1,1,0"
429,14,70,9,0-2;0-3;0-4;0-6;0-8;0-10;0-11;0-13;1-2;1-3;1-4;1-5;1-6;1-8;1-12;1-13;2-3;2-4;2-5;2-6;2-7;2-8;2-11;2-13;3-4;3-5;3-6;3-7;3-8;3-9;3-10;3-11;3-12;3-13;4-5;4-6;4-7;4-8;4-9;4-10;4-11;4-12;4-13;5-6;5-8;5-10;5-12;6-7;6-8;6-9;6-10;6-11;6-12;6-13;7-8;7-9;7-11;7-13;8-9;8-10;8-11;8-12;8-13;9-10;9-11;9-12;9-13;10-11;11-13;12-13,"0,1,1,1,0,1,0,1,0,1,1,0,1,1,1,1,1,1,0,1,0,0,0,1,1,1,1,1,1,1,1,0,0,1,0,1,1,1,1,1,1,1,1,1,1,1,1,1,1,1,1,1,1,1,1,1,0,1,0,1,0,1,0,1,1,1,1,1,1,1,1,1,0,1,0,1,1,1,1,1,1,1,1,1,1,1,0,0,0,1,1"
430,14,70,9,0-1;0-2;0-3;0-5;0-6;0-7;0-8;0-12;1-2;1-3;1-5;1-6;1-7;1-8;1-9;1-12;1-13;2-3;2-4;2-5;2-6;2-7;2-8;2-9;2-10;2-11;2-12;2-13;3-6;3-7;3-8;3-9;3-10;3-11;3-12;3-13;4-5;4-6;4-7;4-8;4-10;4-11;4-12;5-7;5-8;5-12;5-13;6-7;6-8;6-9;6-10;6-12;7-8;7-9;7-10;7-11;7-12;7-13;8-9;8-10;8-11;8-12;8-13;9-12;9-13;10-11;10-12;11-12;11-13;12-13,"1,1,1,0,1,1,1,1,0,0,0,1,0,1,1,0,1,1,1,1,1,0,0,1,1,1,1,1,1,1,1,1,1,1,1,1,0,0,1,1,1,1,1,1,1,1,1,1,1,1,0,1,1,1,0,0,1,1,0,0,0,1,1,1,1,1,1,0,1,0,1,1,1,1,1,1,1,1,1,1,1,0,0,1,1,1,1,0,1,1,1"
431,14,70,9,0-1;0-3;0-5;0-6;0-8;0-9;0-10;0-13;1-2;1-3;1-5;1-6;1-7;1-9;1-10;1-11;1-12;1-13;2-3;2-5;2-6;2-7;2-9;2-10;2-12;3-4;3-5;3-6;3-7;3-8;3-9;3-10;3-11;3-12;3-13;4-5;4-6;4-7;4-8;4-10;4-11;4-12;5-6;5-7;5-8;5-9;5-10;5-11;5-12;5-13;6-7;6-8;6-9;6-10;6-11;6-12;6-13;7-9;7-10;7-11;7-12;8-9;8-10;8-13;9-10;9-11;10-11;10-12;10-13;12-13,"1,0,1,0,1,1,0,1,1,1,0,0,1,1,1,0,1,1,1,0,1,1,1,1,1,1,0,1,1,1,0,1,1,0,1,0,1,1,1,1,1,1,1,1,1,1,1,1,1,1,0,1,1,1,0,1,1,1,1,1,1,1,1,1,1,1,1,1,1,1,0,1,1,1,1,0,1,1,0,0,1,1,1,0,0,1,1,1,0,0,1"
432,14,70,9,0-1;0-2;0-3;0-4;0-5;0-6;0-7;0-8;0-9;0-10;0-11;0-12;0-13;1-2;1-3;1-5;1-8;1-9;1-12;1-13;2-3;2-4;2-5;2-6;2-7;2-8;2-9;2-10;2-11;2-12;2-13;3-4;3-5;3-6;3-7;3-8;3-9;3-10;3-11;3-12;3-13;4-6;4-7;4-8;4-9;4-10;4-12;4-13;5-6;5-9;5-10;5-11;5-13;6-9;6-10;6-13;7-9;7-10;7-11;7-13;8-11;8-12;8-13;9-10;9-12;9-13;10-11;10-13;11-13;12-13,"1,1,1,1,1,1,1,1,1,1,1,1,1,1,1,0,1,0,0,1,1,0,0,1,1,1,1,1,1,1,1,1,1,1,1,1,1,1,1,1,1,1,1,1,1,1,0,1,1,1,1,1,0,1,1,1,0,0,1,1,1,0,1,0,0,1,1,0,0,1,0,1,1,1,0,1,0,0,1,1,1,1,0,1,1,1,0,1,0,1,1"
433,14,70,9,0-1;0-2;0-3;0-4;0-5;0-6;0-8;0-9;0-10;0-11;1-2;1-4;1-5;1-6;1-8;1-9;1-10;1-12;1-13;2-3;2-4;2-5;2-6;2-7;2-8;2-9;2-10;2-11;2-12;2-13;3-4;3-6;3-8;3-10;3-11;3-13;4-5;4-6;4-7;4-8;4-9;4-10;4-11;4-12;4-13;5-6;5-8;5-9;5-11;6-7;6-8;6-9;6-10;6-11;6-12;6-13;7-8;7-9;7-11;7-12;7-13;8-9;8-10;8-11;8-12;8-13;9-10;9-11;9-12;12-13,"1,1,1,1,1,1,0,1,1,1,1,0,0,1,0,1,1,1,0,1,1,1,0,1,1,1,1,1,1,1,1,1,1,1,1,1,1,0,1,0,1,0,1,1,0,1,1,1,1,1,1,1,1,1,1,1,0,1,1,0,1,0,0,1,1,1,1,1,1,1,1,1,0,1,1,1,1,1,1,1,1,1,1,1,0,0,0,0,0,0,1"
434,14,70,9,0-2;0-3;0-5;0-6;0-8;0-9;0-10;0-11;1-2;1-3;1-6;1-7;1-8;1-9;1-10;1-11;1-13;2-3;2-4;2-5;2-6;2-7;2-8;2-9;2-10;2-11;2-12;2-13;3-4;3-5;3-6;3-7;3-8;3-9;3-10;3-11;3-12;3-13;4-5;4-6;4-8;4-9;4-12;4-13;5-6;5-7;5-9;5-10;5-11;5-12;6-7;6-8;6-9;6-10;6-11;6-12;6-13;7-9;7-10;7-11;8-9;8-10;9-10;9-11;9-12;9-13;10-11;11-12;11-13;12-13,"0,1,1,0,1,1,0,1,1,1,1,0,0,1,1,0,0,1,1,1,1,1,1,0,1,1,1,1,1,1,1,1,1,1,1,1,1,1,1,1,1,1,1,1,1,1,1,1,0,1,1,0,0,1,1,1,1,0,1,1,1,1,0,1,1,1,1,1,1,1,0,1,1,1,0,0,1,1,0,0,0,1,1,1,1,1,0,0,1,1,1"
435,14,70,9,0-1;0-2;0-3;0-4;0-6;0-7;0-8;0-10;0-11;0-12;1-2;1-3;1-4;1-5;1-6;1-8;1-9;1-10;1-11;1-12;2-3;2-4;2-5;2-6;2-7;2-8;2-9;2-10;2-11;2-12;2-13;3-4;3-5;3-6;3-7;3-8;3-9;3-10;3-11;3-12;3-13;4-6;4-7;4-9;4-10;4-12;5-6;5-9;5-11;5-12;5-13;6-7;6-8;6-9;6-10;6-11;6-12;6-13;7-8;7-12;7-13;8-11;8-12;9-12;9-13;10-11;10-12;11-12;11-13;12-13,"1,1,1,1,0,1,1,1,0,1,1,1,0,1,1,1,1,1,0,1,1,1,1,1,0,1,1,1,1,1,1,1,1,1,1,1,1,1,1,1,1,1,1,1,1,1,0,1,1,0,1,1,0,1,0,1,0,0,1,0,1,1,1,1,1,1,1,1,1,1,1,0,0,0,1,1,0,0,1,1,0,0,0,1,1,1,1,0,1,1,1"
436,14,70,9,0-2;0-3;0-4;0-5;0-6;0-7;0-8;0-9;0-10;0-11;0-13;1-2;1-3;1-5;1-6;1-7;1-9;1-11;1-12;2-3;2-4;2-5;2-6;2-7;2-8;2-9;2-10;2-11;2-12;2-13;3-4;3-5;3-7;3-8;3-9;3-11;3-13;4-7;4-8;4-9;4-11;4-12;5-6;5-7;5-9;5-11;6-7;6-9;6-10;6-11;7-8;7-9;7-10;7-11;7-12;7-13;8-9;8-10;8-11;8-12;8-13;9-10;9-11;9-12;9-13;10-11;10-12;10-13;11-12;11-13,"0,1,1,1,1,1,1,1,1,1,1,0,1,1,1,0,1,1,1,0,1,0,1,1,0,1,1,1,1,1,1,1,1,1,1,1,1,1,0,1,1,1,0,1,0,1,0,0,1,1,1,0,1,1,0,1,1,0,1,0,1,0,0,1,0,1,1,1,0,0,1,1,1,1,1,1,1,1,1,1,1,1,1,1,1,1,1,1,1,1,0"
437,14,70,9,0-1;0-2;0-3;0-4;0-5;0-6;0-7;0-8;0-9;0-10;0-11;0-12;0-13;1-2;1-3;1-5;1-6;1-7;1-8;1-13;2-3;2-5;2-6;2-8;2-9;2-13;3-5;3-6;3-7;3-8;3-11;4-5;4-6;4-7;4-8;4-9;4-12;4-13;5-6;5-7;5-8;5-9;5-10;5-11;5-12;5-13;6-7;6-8;6-9;6-10;6-11;6-12;6-13;7-8;7-10;7-12;7-13;8-9;8-10;8-11;8-12;8-13;9-11;9-12;9-13;10-11;10-12;10-13;11-12;12-13,"1,1,1,1,1,1,1,1,1,1,1,1,1,1,1,0,1,1,1,1,0,0,0,0,1,1,0,1,1,0,1,1,0,0,0,1,0,1,1,1,1,0,0,1,0,0,1,1,1,1,1,0,0,1,1,1,1,1,1,1,1,1,1,1,1,1,1,1,1,1,1,0,1,0,1,1,1,1,1,1,1,0,1,1,1,1,1,1,1,0,1"
438,14,70,9,0-1;0-2;0-3;0-4;0-6;0-7;0-10;0-13;1-2;1-3;1-4;1-5;1-6;1-7;1-9;1-10;1-13;2-3;2-4;2-5;2-6;2-7;2-8;2-9;2-10;2-11;2-12;2-13;3-4;3-5;3-6;3-7;3-8;3-10;3-12;3-13;4-5;4-6;4-7;4-8;4-9;4-10;4-11;4-12;4-13;5-6;5-7;5-9;5-13;6-7;6-8;6-9;6-10;6-11;6-12;6-13;7-8;7-9;7-10;7-11;7-12;7-13;8-11;8-12;8-13;9-10;9-11;10-12;11-12;11-13,"1,1,1,1,0,1,1,0,0,1,0,0,1,1,1,1,1,1,1,0,1,1,0,0,1,1,1,1,1,1,1,1,1,1,1,1,1,1,1,1,1,0,1,0,1,1,1,1,1,1,1,1,1,1,1,1,1,0,1,0,0,0,1,1,1,1,1,1,1,1,1,1,1,1,1,1,0,0,1,1,1,1,1,0,0,0,1,0,1,1,0"
439,14,70,9,0-1;0-2;0-3;0-4;0-5;0-6;0-7;0-8;0-9;0-10;0-11;0-12;0-13;1-3;1-4;1-5;1-6;1-8;1-9;1-10;1-11;1-13;2-3;2-7;2-8;2-9;2-11;2-12;2-13;3-4;3-8;3-9;3-10;3-11;3-13;4-5;4-8;4-9;4-11;4-13;5-6;5-7;5-8;5-9;5-11;5-12;5-13;6-8;6-9;6-10;6-11;6-13;7-8;7-9;7-11;7-12;7-13;8-9;8-11;8-13;9-10;9-11;9-12;9-13;10-11;10-12;10-13;11-12;11-13;12-13,"1,1,1,1,1,1,1,1,1,1,1,1,1,0,1,1,1,1,0,1,1,1,1,0,1,1,0,0,0,1,1,1,0,1,1,1,1,0,0,0,1,1,1,1,0,1,1,0,0,1,1,0,1,0,1,1,1,1,1,0,1,1,1,0,1,1,1,1,0,1,1,1,0,1,1,1,1,0,1,0,1,1,1,1,1,1,1,1,1,1,1"
440,14,70,9,0-1;0-2;0-6;0-7;0-8;0-9;0-10;0-12;1-2;1-3;1-4;1-5;1-6;1-7;1-8;1-9;1-10;1-11;1-12;1-13;2-3;2-4;2-5;2-6;2-7;2-8;2-9;2-10;2-11;2-12;2-13;3-4;3-6;3-8;3-10;3-11;3-13;4-5;4-6;4-7;4-9;4-10;4-11;4-13;5-6;5-7;5-9;5-10;5-11;6-7;6-8;6-9;6-10;6-11;6-12;6-13;7-8;7-9;7-10;7-13;8-10;8-12;9-10;9-11;9-12;9-13;10-11;10-12;10-13;11-12,"1,1,0,0,0,1,1,1,1,1,0,1,0,1,1,1,1,1,1,1,1,1,1,1,1,1,1,1,1,1,1,1,1,1,1,1,1,0,1,0,1,0,1,1,0,1,1,1,1,0,1,1,1,0,1,1,1,0,1,1,1,0,0,1,1,1,1,1,1,1,1,1,1,0,0,1,0,1,0,1,0,1,1,1,1,1,1,1,1,0,0"
441,14,70,9,0-2;0-3;0-6;0-7;0-8;0-10;0-11;0-12;1-3;1-4;1-6;1-8;1-9;1-10;1-11;1-12;1-13;2-3;2-5;2-6;2-7;2-8;2-9;2-10;2-12;2-13;3-4;3-5;3-6;3-7;3-8;3-9;3-10;3-11;3-12;3-13;4-5;4-6;4-7;4-9;4-10;4-12;5-6;5-8;5-9;5-10;5-12;6-7;6-8;6-9;6-10;6-11;6-12;6-13;7-10;7-11;7-12;8-9;8-10;8-11;8-12;8-13;9-10;9-12;9-13;10-11;10-12;10-13;11-12;12-13,"0,1,1,0,0,1,1,1,0,1,1,1,0,0,1,1,0,1,0,1,1,1,1,1,1,1,0,1,1,1,1,1,1,0,1,1,1,1,1,1,1,1,1,1,1,1,1,1,1,0,1,1,0,1,0,1,0,1,1,1,0,1,0,1,1,1,1,1,1,1,0,0,1,1,1,0,1,1,1,1,1,1,0,1,1,1,1,1,1,0,1"
442,14,70,9,0-3;0-6;0-7;0-8;0-9;0-10;0-11;0-12;0-13;1-4;1-5;1-6;1-8;1-10;1-11;1-12;1-13;2-4;2-5;2-8;2-9;2-10;2-11;2-12;2-13;3-6;3-7;3-8;3-9;3-10;3-11;3-12;3-13;4-5;4-7;4-9;4-10;4-11;4-12;4-13;5-7;5-9;5-10;5-11;5-12;5-13;6-9;6-10;6-11;6-12;6-13;7-9;7-10;7-11;7-12;7-13;8-10;8-11;8-12;8-13;9-10;9-11;9-12;9-13;10-11;10-12;10-13;11-12;11-13;12-13,"0,0,1,0,0,1,1,1,1,1,1,1,1,0,0,1,1,1,0,1,0,1,1,1,1,0,1,1,0,0,1,1,1,1,1,1,0,0,1,1,1,1,1,1,1,1,1,0,1,0,1,1,1,1,1,0,1,0,1,1,1,1,1,0,0,1,1,1,1,1,0,1,1,1,1,1,0,1,1,1,1,1,1,1,1,1,1,1,1,1,1"
443,14,70,9,0-1;0-2;0-3;0-5;0-6;0-7;0-9;0-11;0-13;1-4;1-5;1-6;1-9;1-10;1-11;1-13;2-3;2-5;2-6;2-7;2-8;2-9;2-10;2-11;2-12;2-13;3-5;3-6;3-8;3-9;3-11;3-12;3-13;4-5;4-6;4-7;4-8;4-9;4-11;4-12;5-6;5-7;5-8;5-9;5-10;5-11;5-12;5-13;6-7;6-8;6-9;6-10;6-11;6-12;6-13;7-9;7-11;7-13;8-9;8-10;8-11;8-12;9-10;9-11;9-12;9-13;10-11;10-12;11-12;11-13,"1,1,1,0,1,1,1,0,1,0,1,0,1,0,0,1,1,1,0,0,1,1,1,0,1,1,0,1,1,1,1,1,1,1,1,1,0,1,1,0,1,1,0,1,1,1,1,1,1,1,1,0,1,1,0,1,1,1,1,1,1,1,1,1,1,1,1,1,1,1,0,1,0,1,0,1,1,1,1,1,0,1,1,1,1,1,1,0,1,1,0"
444,14,70,9,0-1;0-3;0-4;0-5;0-6;0-7;0-8;0-9;0-10;0-12;0-13;1-2;1-4;1-5;1-6;1-8;1-9;1-12;1-13;2-3;2-4;2-5;2-8;2-9;2-11;2-12;3-5;3-7;3-8;3-9;3-10;3-12;4-5;4-6;4-8;4-9;4-12;4-13;5-6;5-7;5-8;5-9;5-10;5-11;5-12;5-13;6-7;6-8;6-9;6-10;6-12;7-8;7-9;7-10;7-11;7-12;8-9;8-10;8-11;8-12;8-13;9-10;9-11;9-12;9-13;10-11;10-12;11-12;11-13;12-13,"1,0,1,1,1,1,1,1,1,1,0,1,1,1,0,1,1,1,0,1,1,0,0,1,1,1,1,1,0,0,1,1,0,1,1,0,0,1,0,1,1,1,1,0,1,0,1,1,0,1,1,0,0,1,1,1,1,1,1,1,1,1,1,1,1,1,1,0,1,0,1,1,1,1,1,0,1,1,1,1,1,1,1,1,1,1,1,0,1,1,1"
445,14,70,9,0-1;0-2;0-3;0-4;0-5;0-6;0-8;0-10;0-13;1-2;1-3;1-4;1-5;1-6;1-7;1-8;1-9;1-10;1-11;1-12;1-13;2-3;2-4;2-5;2-8;2-9;2-12;2-13;3-4;3-5;3-6;3-7;3-8;3-9;3-10;3-11;3-12;3-13;4-5;4-6;4-7;4-8;4-9;4-10;4-11;4-12;4-13;5-6;5-8;5-9;5-10;5-11;5-13;6-7;6-10;6-11;6-13;7-9;7-10;7-12;7-13;8-9;8-12;8-13;9-13;10-11;10-13;11-12;11-13;12-13,"1,1,1,1,1,1,0,1,0,1,0,0,1,1,1,1,1,1,1,1,1,1,1,1,1,1,1,1,0,0,1,1,0,0,1,1,1,1,1,1,1,1,1,1,1,1,1,1,1,1,1,1,1,1,1,1,0,1,1,1,1,0,1,1,0,0,1,1,0,1,0,1,1,0,1,1,1,0,0,1,1,0,0,0,1,1,0,1,1,1,1"
446,14,70,9,0-1;0-2;0-7;0-8;0-9;0-10;0-12;0-13;1-2;1-3;1-6;1-7;1-10;1-11;1-12;1-13;2-3;2-4;2-5;2-6;2-7;2-8;2-9;2-10;2-11;2-12;2-13;3-4;3-5;3-7;3-10;3-11;3-12;3-13;4-5;4-7;4-8;4-9;4-10;4-11;4-12;5-7;5-8;5-9;5-10;5-11;5-12;6-7;6-9;6-10;6-11;6-12;6-13;7-8;7-9;7-10;7-11;7-12;7-13;8-10;8-11;8-12;9-10;9-12;10-11;10-12;10-13;11-12;11-13;12-13,"1,1,0,0,0,0,1,1,1,1,0,1,1,1,1,0,0,1,1,0,0,1,1,1,1,1,1,1,1,1,1,1,1,1,1,1,1,1,0,1,0,0,1,1,1,1,1,0,1,1,1,1,1,1,0,0,1,1,1,1,1,1,0,1,0,1,1,1,1,1,1,1,1,1,1,1,0,1,1,1,0,1,0,1,0,1,1,1,1,1,1"
447,14,70,9,0-1;0-3;0-5;0-6;0-7;0-8;0-9;0-11;0-12;1-3;1-4;1-7;1-8;1-9;1-11;1-12;1-13;2-4;2-5;2-6;2-8;2-9;2-11;2-12;2-13;3-4;3-5;3-6;3-7;3-8;3-9;3-10;3-11;3-12;4-7;4-8;4-9;4-11;4-12;5-6;5-8;5-9;5-10;5-11;5-12;6-8;6-9;6-10;6-11;6-12;7-8;7-9;7-11;7-12;7-13;8-9;8-10;8-11;8-12;8-13;9-10;9-11;9-12;9-13;10-11;10-12;10-13;11-12;11-13;12-13,"1,0,1,0,1,1,1,1,1,0,1,1,0,0,1,1,0,0,1,1,1,0,1,1,1,0,1,1,1,0,1,1,0,1,1,1,1,1,1,1,1,1,1,1,1,0,0,0,1,1,1,0,1,1,0,1,0,1,1,1,1,1,0,0,1,1,1,1,1,0,1,1,0,1,1,1,1,1,1,1,1,1,1,1,1,1,1,1,1,1,1"
448,14,70,9,0-1;0-2;0-3;0-5;0-6;0-10;0-11;0-12;0-13;1-4;1-5;1-6;1-9;1-10;1-11;1-12;2-5;2-6;2-9;2-10;2-11;2-12;2-13;3-5;3-6;3-7;3-8;3-10;3-11;3-12;3-13;4-5;4-6;4-7;4-8;4-10;4-12;4-13;5-6;5-7;5-8;5-9;5-10;5-11;5-12;5-13;6-7;6-8;6-9;6-10;6-11;6-12;6-13;7-8;7-9;7-10;7-12;7-13;8-9;8-10;8-12;8-13;9-10;9-12;10-11;10-12;10-13;11-12;11-13;12-13,"1,1,1,0,1,1,0,0,0,1,1,1,1,0,0,1,1,1,0,0,1,1,1,1,0,0,0,1,1,0,0,1,1,1,1,1,0,1,1,1,1,0,1,1,1,1,1,1,1,1,0,1,0,1,1,1,1,1,1,1,1,1,1,1,1,1,1,1,1,1,1,1,1,0,1,1,1,1,0,1,1,1,0,1,0,1,1,1,1,1,1"
449,14,70,9,0-1;0-4;0-5;0-7;0-8;0-9;0-11;0-12;1-2;1-3;1-5;1-7;1-8;1-9;1-10;1-11;2-4;2-5;2-7;2-8;2-9;2-10;2-11;3-5;3-6;3-7;3-8;3-9;3-10;3-11;3-13;4-5;4-6;4-8;4-9;4-11;4-13;5-6;5-7;5-8;5-9;5-10;5-11;5-12;5-13;6-8;6-9;6-10;6-11;6-12;6-13;7-8;7-9;7-10;7-11;8-9;8-10;8-11;8-12;8-13;9-10;9-11;9-12;9-13;10-11;10-12;10-13;11-12;11-13;12-13,"1,0,0,1,1,0,1,1,1,0,1,1,0,1,1,0,1,0,1,1,1,1,1,0,0,0,1,1,0,1,1,1,1,1,0,0,0,1,1,1,1,1,1,1,0,1,1,1,0,1,1,0,1,0,1,1,1,1,1,1,1,1,1,0,1,1,1,1,1,1,1,1,1,1,0,0,1,1,1,1,1,1,1,1,1,1,1,1,1,1,1"
450,14,70,9,0-1;0-2;0-3;0-4;0-6;0-8;0-9;0-10;0-13;1-2;1-3;1-4;1-5;1-6;1-8;1-9;1-11;1-12;1-13;2-3;2-4;2-5;2-6;2-7;2-8;2-9;2-10;2-11;2-12;2-13;3-4;3-6;3-8;3-9;3-10;3-13;4-5;4-6;4-7;4-8;4-9;4-10;4-11;4-12;4-13;5-6;5-7;5-8;5-9;5-11;5-12;6-7;6-8;6-9;6-10;6-11;6-12;6-13;7-8;7-10;7-12;7-13;8-9;8-10;8-11;8-12;8-13;9-12;10-11;11-12,"1,1,1,1,0,1,0,1,1,1,0,0,1,1,1,1,1,1,0,1,1,0,1,1,1,1,1,1,1,1,1,1,1,1,1,1,1,0,1,0,1,1,1,0,0,1,1,1,1,1,1,1,1,1,1,1,1,1,1,0,1,1,0,1,1,1,1,1,1,1,1,0,1,0,1,1,1,1,1,1,1,0,0,1,0,1,0,0,1,0,0"
451,14,70,9,0-3;0-4;0-6;0-7;0-8;0-9;0-11;0-12;0-13;1-2;1-4;1-5;1-7;1-8;1-9;1-10;1-11;1-12;2-4;2-5;2-7;2-8;2-9;2-10;2-11;2-12;3-4;3-6;3-7;3-8;3-9;3-11;3-12;3-13;4-5;4-6;4-7;4-8;4-9;4-10;4-11;4-12;4-13;5-6;5-8;5-9;5-12;5-13;6-8;6-9;6-10;6-12;7-8;7-9;7-10;7-11;7-12;7-13;8-9;8-10;8-11;8-12;8-13;9-10;9-11;9-12;9-13;10-12;11-12;12-13,"0,0,1,1,0,1,1,1,1,0,1,1,1,1,0,1,1,0,1,1,1,1,1,1,0,0,1,1,0,1,1,1,1,1,1,0,1,0,1,1,1,1,0,1,1,1,1,1,1,1,1,1,1,1,1,1,0,1,1,0,0,1,1,0,1,1,1,0,1,0,1,1,1,1,1,1,1,1,1,1,1,1,1,1,1,0,1,0,1,0,1"
452,14,70,9,0-1;0-2;0-3;0-4;0-5;0-6;0-7;0-8;0-9;0-10;0-11;0-12;0-13;1-2;1-3;1-4;1-5;1-6;1-7;1-8;1-9;1-10;1-11;1-12;1-13;2-4;2-5;2-6;2-7;2-9;2-10;2-12;3-5;3-7;3-8;3-9;3-10;3-11;4-5;4-6;4-7;4-8;4-9;4-11;4-12;4-13;5-7;5-9;5-12;6-7;6-8;6-9;6-11;6-12;7-8;7-9;7-10;7-11;7-12;7-13;8-9;8-11;8-13;9-10;9-11;9-12;9-13;10-12;10-13;11-13,"1,1,1,1,1,1,1,1,1,1,1,1,1,1,1,1,1,1,1,1,1,1,1,1,1,0,1,1,1,1,0,1,1,0,1,0,0,1,0,1,1,1,1,1,0,0,1,1,1,1,1,0,1,1,1,0,1,0,1,0,0,1,0,1,1,1,0,1,1,0,1,1,1,1,1,1,1,0,1,0,1,1,1,1,1,0,1,1,0,1,0"
453,14,70,9,0-1;0-2;0-3;0-4;0-5;0-6;0-7;0-8;0-9;0-10;0-11;0-12;0-13;1-2;1-3;1-4;1-5;1-7;1-8;1-11;1-13;2-3;2-4;2-5;2-6;2-8;2-12;2-13;3-4;3-5;3-7;3-8;3-9;3-11;3-12;3-13;4-5;4-6;4-7;4-8;4-9;4-10;4-11;4-12;4-13;5-6;5-8;5-12;5-13;6-8;6-9;6-10;6-13;7-8;7-9;7-10;7-11;7-13;8-9;8-10;8-11;8-12;8-13;9-11;9-13;10-11;10-12;10-13;11-13;12-13,"1,1,1,1,1,1,1,1,1,1,1,1,1,1,1,1,1,0,1,1,0,0,1,0,1,1,1,1,1,0,1,0,0,0,1,1,1,1,0,1,1,1,0,1,1,1,1,1,1,1,1,1,1,1,1,1,0,1,0,0,0,1,1,0,1,1,1,0,0,1,1,1,1,1,0,1,1,1,1,1,1,0,1,0,1,1,1,1,0,1,1"
454,14,70,9,0-1;0-3;0-4;0-5;0-6;0-7;0-11;0-12;1-2;1-3;1-5;1-6;1-7;1-9;1-12;1-13;2-3;2-5;2-6;2-7;2-8;2-9;2-10;2-12;3-4;3-5;3-6;3-7;3-8;3-9;3-10;3-11;3-12;3-13;4-5;4-7;4-8;4-10;4-12;4-13;5-6;5-7;5-8;5-9;5-10;5-11;5-12;5-13;6-7;6-9;6-12;6-13;7-8;7-9;7-10;7-11;7-12;7-13;8-9;8-10;8-11;8-12;9-10;9-11;9-12;9-13;10-11;10-12;11-12;12-13,"1,0,1,1,1,1,1,0,0,0,1,1,0,1,1,0,1,1,1,0,1,0,0,1,1,1,0,1,1,1,1,1,1,0,1,0,1,1,1,1,1,1,1,1,1,1,1,0,1,1,0,1,0,1,1,1,1,1,1,1,1,1,1,1,0,1,0,0,1,1,1,1,1,1,1,1,1,1,1,1,0,1,1,1,1,1,1,0,1,0,1"
455,14,70,9,0-1;0-3;0-4;0-9;0-10;0-11;0-12;0-13;1-3;1-4;1-7;1-8;1-10;1-11;1-12;1-13;2-3;2-4;2-5;2-6;2-8;2-9;2-11;2-12;2-13;3-4;3-5;3-6;3-7;3-8;3-9;3-10;3-11;3-12;3-13;4-5;4-6;4-7;4-8;4-9;4-10;4-11;4-12;4-13;5-6;5-8;5-9;5-11;5-12;5-13;6-7;6-11;6-12;6-13;7-9;7-10;7-11;7-13;8-10;8-11;8-12;8-13;9-11;9-13;10-11;10-12;10-13;11-12;11-13;12-13,"1,0,1,1,0,0,0,0,1,1,1,1,1,0,1,1,0,0,1,1,0,1,1,1,1,1,1,1,1,0,1,1,0,1,1,1,1,1,1,1,1,1,1,1,1,1,1,1,1,1,1,1,1,1,1,1,0,1,1,0,1,1,1,1,0,0,0,1,1,1,0,1,1,1,0,1,0,1,1,1,1,0,1,0,1,1,1,1,1,1,1"
456,14,70,9,0-1;0-4;0-5;0-9;0-10;0-11;0-12;0-13;1-2;1-3;1-4;1-5;1-6;1-7;1-8;1-9;1-10;1-11;1-12;1-13;2-3;2-5;2-7;2-8;2-10;2-11;2-12;2-13;3-5;3-7;3-8;3-10;3-11;3-12;3-13;4-6;4-7;4-8;4-9;4-10;4-11;4-13;5-6;5-10;5-11;5-13;6-7;6-9;6-10;6-11;6-13;7-8;7-9;7-10;7-11;7-12;7-13;8-9;8-10;8-11;8-13;9-10;9-11;9-13;10-11;10-12;10-13;11-12;11-13;12-13,"1,0,0,1,1,0,0,0,1,1,1,1,1,1,1,1,1,1,1,1,1,1,1,1,1,1,0,1,0,1,1,0,1,1,1,1,0,1,0,1,1,0,1,1,1,1,0,1,1,1,1,1,1,0,1,1,0,0,0,1,1,0,1,1,0,1,1,1,0,1,1,1,1,1,1,1,1,1,1,0,1,1,1,0,1,1,1,1,1,1,1"
457,14,70,9,0-1;0-2;0-4;0-5;0-6;0-7;0-8;0-9;1-2;1-3;1-4;1-5;1-6;1-7;1-8;1-12;2-3;2-4;2-5;2-6;2-7;2-8;2-9;2-10;2-11;2-12;2-13;3-4;3-5;3-7;3-8;3-9;3-13;4-5;4-6;4-7;4-8;4-9;4-10;4-11;4-12;4-13;5-6;5-7;5-8;5-12;6-7;6-8;6-10;6-11;6-12;6-13;7-8;7-9;7-10;7-11;7-12;7-13;8-9;8-10;8-11;8-12;8-13;9-10;9-11;10-11;10-12;10-13;11-12;11-13,"1,1,0,1,1,1,1,1,1,0,0,0,0,1,1,1,1,1,1,1,0,0,0,1,0,1,1,1,1,1,1,1,1,1,1,1,1,1,0,1,1,1,0,0,0,1,1,1,1,1,1,1,1,1,1,1,1,1,0,0,0,1,0,1,1,0,1,1,1,1,1,1,1,1,1,1,1,1,1,1,1,1,1,0,0,1,1,1,1,1,0"
458,14,70,9,0-3;0-4;0-5;0-6;0-7;0-8;0-10;0-12;1-2;1-3;1-4;1-5;1-6;1-8;1-9;1-10;1-13;2-3;2-4;2-5;2-6;2-8;2-9;2-10;2-11;2-12;2-13;3-4;3-5;3-6;3-8;3-10;3-11;4-5;4-6;4-8;4-10;4-11;5-6;5-7;5-8;5-9;5-10;5-11;5-12;5-13;6-7;6-8;6-9;6-10;6-11;6-12;6-13;7-8;7-9;7-10;7-11;7-13;8-9;8-10;8-11;8-12;8-13;9-10;9-12;9-13;10-11;10-12;10-13;12-13,"0,0,1,1,1,1,1,1,0,1,0,1,0,1,1,1,1,1,0,1,1,1,0,0,1,1,1,1,1,0,1,1,1,1,1,1,1,1,1,0,1,0,1,1,0,0,1,1,0,1,0,1,1,0,0,1,1,1,1,1,1,1,1,1,1,1,1,1,1,1,1,1,1,1,0,1,1,1,1,1,1,1,0,1,1,1,1,1,0,0,1"
459,14,70,9,0-1;0-2;0-3;0-4;0-5;0-6;0-7;0-8;0-9;0-10;0-11;0-12;0-13;1-3;1-6;1-7;1-8;1-10;1-11;1-13;2-3;2-6;2-8;2-9;2-10;2-11;2-13;3-4;3-5;3-6;3-7;3-8;3-9;3-10;3-11;3-12;3-13;4-5;4-6;4-7;4-9;4-10;4-11;4-12;5-6;5-8;5-9;5-10;5-12;5-13;6-7;6-8;6-9;6-10;6-11;6-12;6-13;7-9;7-10;7-12;8-9;8-10;8-13;9-10;9-12;9-13;10-11;10-12;10-13;11-12,"1,1,1,1,1,1,1,1,1,1,1,1,1,0,1,0,0,1,1,1,0,1,1,0,1,1,0,0,1,0,1,1,1,1,0,1,1,1,1,1,1,1,1,1,1,1,1,1,1,0,1,1,1,1,0,1,0,1,1,1,0,1,1,1,1,1,1,1,1,1,0,1,1,0,1,0,1,1,0,0,1,1,0,1,1,1,1,1,1,0,0"
460,14,70,9,0-2;0-3;0-4;0-5;0-7;0-8;0-9;0-10;0-13;1-2;1-3;1-4;1-5;1-6;1-7;1-9;1-11;1-12;2-3;2-4;2-5;2-6;2-7;2-8;2-9;3-4;3-5;3-6;3-7;3-8;3-9;3-10;3-11;3-12;3-13;4-5;4-6;4-7;4-8;4-9;4-10;4-11;4-12;4-13;5-6;5-7;5-8;5-9;5-11;5-13;6-7;6-9;6-11;6-12;7-8;7-9;7-10;7-11;7-12;7-13;8-9;8-10;8-13;9-10;9-11;9-12;9-13;10-11;10-12;12-13,"0,1,1,1,1,0,1,1,1,1,0,0,1,1,1,1,1,1,1,0,1,0,1,1,0,1,1,1,1,1,1,1,0,0,0,0,1,1,1,1,1,1,1,1,1,1,1,1,1,1,1,1,1,1,1,1,1,1,1,0,1,0,1,1,0,1,0,1,1,0,1,1,1,1,1,1,1,1,0,0,1,1,1,1,1,1,1,0,0,0,1"
461,14,70,9,0-2;0-3;0-4;0-5;0-6;0-7;0-8;0-10;0-11;1-2;1-3;1-4;1-5;1-6;1-7;1-9;1-12;1-13;2-3;2-4;2-5;2-6;2-7;2-8;2-11;2-12;2-13;3-4;3-5;3-6;3-7;3-8;3-13;4-5;4-6;4-7;4-8;4-9;4-10;4-11;4-12;4-13;5-6;5-7;5-8;5-9;5-10;5-11;5-12;5-13;6-7;6-8;6-9;6-10;6-11;6-12;6-13;7-8;7-9;7-10;7-11;7-12;7-13;8-10;8-11;9-10;9-11;9-13;10-12;12-13,"0,1,1,1,1,1,1,1,0,1,1,0,0,1,1,1,1,1,1,0,1,0,0,1,1,1,1,1,1,1,1,0,0,1,1,1,1,1,1,1,1,0,0,0,0,1,1,1,1,1,1,1,1,1,1,1,1,1,1,1,1,1,1,1,1,1,1,1,1,1,1,1,1,1,1,1,0,1,1,0,0,1,1,0,1,0,1,0,0,0,1"
462,14,70,9,0-2;0-3;0-5;0-6;0-8;0-10;0-11;0-12;0-13;1-2;1-3;1-4;1-6;1-8;1-10;1-12;1-13;2-3;2-4;2-5;2-6;2-7;2-8;2-9;2-10;2-11;2-12;2-13;3-4;3-5;3-6;3-7;3-8;3-9;3-10;3-11;3-12;3-13;4-5;4-6;4-7;4-11;4-13;5-6;5-9;5-10;5-11;5-13;6-7;6-8;6-9;6-10;6-11;6-12;6-13;7-8;7-9;7-12;7-13;8-10;8-12;8-13;9-10;9-11;9-13;10-11;10-12;10-13;11-13;12-13,"0,1,1,0,1,1,0,1,0,1,1,1,1,1,1,1,0,1,0,1,0,1,0,1,1,1,1,1,1,1,1,1,1,1,1,1,1,1,1,1,1,1,1,1,1,1,1,1,1,0,0,0,1,0,1,1,0,0,1,1,1,0,1,1,1,1,1,1,1,1,1,1,0,0,1,1,0,1,0,1,1,1,1,0,1,1,1,1,0,1,1"
463,14,71,9,0-3;0-5;0-6;0-8;0-9;0-10;0-11;0-12;0-13;1-4;1-5;1-7;1-9;1-10;1-11;1-12;1-13;2-5;2-6;2-7;2-8;2-10;2-11;2-12;2-13;3-6;3-7;3-8;3-9;3-11;3-12;3-13;4-7;4-8;4-9;4-10;4-11;4-12;4-13;5-6;5-10;5-11;5-12;5-13;6-7;6-8;6-9;6-10;6-11;6-12;6-13;7-8;7-9;7-11;7-12;7-13;8-9;8-10;8-11;8-12;8-13;9-10;9-11;9-12;9-13;10-11;10-12;10-13;11-12;11-13;12-13,"0,0,1,0,1,1,0,1,1,1,1,1,1,0,0,1,1,0,1,0,1,1,1,1,1,0,0,1,1,1,1,0,1,1,1,1,0,0,1,1,1,1,0,1,1,1,0,0,1,1,1,1,1,1,1,1,0,0,0,1,1,1,1,1,1,1,1,1,1,1,1,1,0,1,1,1,1,1,1,1,1,1,1,1,1,1,1,1,1,1,1"
464,14,71,9,0-1;0-2;0-3;0-4;0-6;0-7;0-8;0-9;0-11;0-12;0-13;1-4;1-6;1-7;1-8;1-10;1-11;1-12;2-4;2-5;2-7;2-8;2-9;2-11;2-12;2-13;3-4;3-5;3-6;3-7;3-9;3-11;3-12;4-5;4-6;4-7;4-8;4-9;4-10;4-11;4-12;4-13;5-7;5-9;5-10;5-11;5-12;6-7;6-8;6-9;6-10;6-12;6-13;7-8;7-9;7-10;7-11;7-12;7-13;8-9;8-10;8-11;8-12;8-13;9-11;9-12;9-13;10-11;10-12;11-12;12-13,"1,1,1,1,0,1,1,1,1,0,1,1,1,0,0,1,0,1,1,1,0,1,1,1,0,0,1,1,0,1,1,1,0,1,1,1,1,1,1,1,0,1,0,1,1,0,1,1,1,1,1,1,1,1,1,0,1,0,1,1,1,1,0,1,1,1,1,0,1,1,1,1,1,1,1,1,1,1,1,1,1,0,1,1,1,1,1,0,1,0,1"
465,14,71,9,0-1;0-5;0-7;0-8;0-9;0-10;0-12;0-13;1-2;1-3;1-4;1-5;1-6;1-7;1-8;1-9;1-10;1-11;1-12;1-13;2-3;2-4;2-5;2-6;2-7;2-8;2-9;2-10;2-11;2-13;3-4;3-5;3-6;3-7;3-8;3-10;3-13;4-5;4-6;4-7;4-9;4-10;4-11;4-12;4-13;5-6;5-7;5-9;5-10;5-12;5-13;6-7;6-9;6-10;7-8;7-9;7-10;7-11;7-12;7-13;8-10;8-11;8-13;9-10;9-11;9-12;10-11;10-12;10-13;11-13;12-13,"1,0,0,0,1,0,1,1,1,1,0,1,1,1,1,1,1,1,1,1,1,1,1,1,1,1,1,1,1,1,1,1,1,1,0,1,1,1,1,1,1,0,1,0,0,1,1,1,1,0,1,1,1,1,1,1,1,0,1,1,0,1,1,1,0,1,1,0,0,0,1,1,1,1,1,1,0,1,1,0,1,1,1,1,0,1,1,1,0,1,1"
466,14,71,9,0-1;0-3;0-4;0-5;0-6;0-7;0-9;0-10;0-13;1-2;1-3;1-4;1-5;1-6;1-7;1-8;1-9;1-10;1-11;1-12;1-13;2-3;2-4;2-5;2-6;2-8;2-9;2-11;2-12;2-13;3-4;3-5;3-6;3-8;3-9;3-10;3-11;3-13;4-5;4-6;4-9;4-13;5-6;5-7;5-8;5-9;5-10;5-11;5-12;5-13;6-7;6-8;6-9;6-10;6-11;6-12;6-13;7-8;7-10;7-12;7-13;8-10;8-13;9-10;9-11;9-12;9-13;10-11;10-12;10-13;11-12,"1,0,1,1,1,1,1,0,1,1,0,0,1,1,1,1,1,1,1,1,1,1,1,1,1,1,1,1,1,0,1,1,0,1,1,1,1,1,1,0,1,1,1,1,0,1,1,1,0,0,1,0,0,0,1,1,1,1,1,1,1,1,1,1,1,1,1,1,1,1,1,0,1,0,1,1,0,1,0,0,1,1,1,1,1,1,1,1,1,0,0"
467,14,71,9,0-1;0-2;0-4;0-5;0-6;0-7;0-10;0-11;0-12;1-3;1-4;1-5;1-6;1-7;1-8;1-9;1-10;1-11;1-12;2-4;2-5;2-6;2-7;2-11;2-12;2-13;3-6;3-7;3-9;3-10;3-11;3-12;3-13;4-5;4-6;4-7;4-8;4-9;4-11;4-12;4-13;5-6;5-7;5-8;5-10;5-11;5-12;5-13;6-7;6-9;6-11;6-12;6-13;7-8;7-9;7-10;7-11;7-12;7-13;8-10;8-11;8-12;8-13;9-11;9-12;9-13;10-11;10-12;11-12;11-13;12-13,"1,1,0,1,1,1,1,0,0,1,1,1,0,0,1,1,1,1,1,1,1,1,1,1,0,0,1,1,1,1,0,0,0,1,1,1,0,0,1,1,0,1,1,1,1,1,1,1,1,1,1,0,1,1,1,1,1,1,0,1,1,1,1,1,0,1,0,1,1,1,1,1,1,1,1,1,0,1,1,1,1,0,1,1,1,1,1,0,1,1,1"
468,14,71,9,0-1;0-2;0-3;0-4;0-5;0-7;0-10;0-12;0-13;1-2;1-3;1-4;1-5;1-6;1-7;1-8;1-9;1-10;1-11;1-12;1-13;2-3;2-5;2-6;2-7;2-8;2-10;2-11;2-12;2-13;3-4;3-5;3-6;3-8;3-9;3-10;3-12;3-13;4-5;4-9;4-10;4-12;4-13;5-6;5-9;5-10;5-11;5-12;5-13;6-9;6-11;6-12;6-13;7-8;7-10;7-11;7-12;7-13;8-9;8-10;8-12;8-13;9-10;9-11;9-12;9-13;10-12;10-13;11-12;11-13;12-13,"1,1,1,1,1,0,1,0,0,1,0,1,1,1,1,1,1,1,1,1,1,1,1,1,1,1,0,1,1,1,1,0,1,1,1,1,1,1,1,0,1,1,1,0,1,1,1,0,0,0,1,1,0,1,1,1,0,0,1,1,1,1,1,0,0,1,0,1,1,1,1,0,1,1,1,1,1,1,0,1,1,1,1,1,1,0,1,1,1,1,1"
469,14,71,9,0-4;0-5;0-6;0-7;0-8;0-9;0-12;0-13;1-2;1-3;1-4;1-5;1-6;1-7;1-8;1-9;1-10;1-11;1-12;2-4;2-5;2-6;2-7;2-9;2-10;2-12;3-4;3-5;3-7;3-8;3-9;3-10;3-11;3-12;4-5;4-6;4-7;4-8;4-9;4-10;4-11;4-12;4-13;5-6;5-7;5-8;5-9;5-10;5-11;5-12;5-13;6-7;6-8;6-11;6-12;6-13;7-8;7-9;7-10;7-11;7-12;7-13;8-9;8-11;8-12;8-13;9-10;9-12;9-13;10-13;11-12,"0,0,0,1,1,1,1,1,1,0,0,1,1,1,1,1,1,1,1,1,1,1,1,1,0,0,1,1,1,1,0,1,1,0,1,0,1,1,0,1,1,1,1,1,1,0,1,1,1,1,1,1,1,1,1,1,1,1,1,1,1,1,1,1,1,0,0,1,1,1,1,1,1,1,1,1,1,0,1,1,1,1,0,1,1,0,0,1,1,0,0"
470,14,71,9,0-1;0-2;0-3;0-4;0-6;0-7;0-8;0-9;0-10;0-11;0-13;1-2;1-3;1-4;1-5;1-7;1-8;1-10;1-11;1-12;1-13;2-3;2-4;2-5;2-6;2-8;2-9;2-10;2-11;2-13;3-4;3-5;3-6;3-9;3-10;3-11;3-12;3-13;4-5;4-6;4-7;4-8;4-9;4-10;4-11;4-12;4-13;5-6;5-10;5-11;5-12;6-8;6-9;6-10;6-11;6-12;7-8;7-10;7-11;7-12;7-13;8-10;8-11;9-10;9-11;9-13;10-11;10-12;10-13;11-12;11-13,"1,1,1,1,0,1,1,1,1,1,1,0,1,1,1,1,1,0,1,1,0,1,1,1,1,1,1,1,1,0,1,1,1,1,0,1,1,1,1,0,0,1,1,1,1,1,1,1,1,1,1,1,1,1,1,1,0,0,0,1,1,1,0,0,1,1,1,1,1,0,1,0,1,1,1,1,0,1,1,0,0,1,1,0,1,1,1,1,1,1,0"
471,14,71,9,0-1;0-2;0-3;0-4;0-5;0-6;0-7;0-8;0-9;0-10;0-11;0-12;0-13;1-2;1-3;1-4;1-6;1-7;1-8;1-9;1-11;1-12;1-13;2-3;2-6;2-7;2-8;2-9;2-10;2-12;3-4;3-6;3-7;3-9;3-12;4-5;4-6;4-7;4-9;4-11;4-12;4-13;5-6;5-7;5-8;5-9;5-10;5-12;6-7;6-8;6-9;6-10;6-11;6-12;6-13;7-8;7-9;7-10;7-12;8-9;8-10;8-11;8-12;8-13;9-12;9-13;10-11;10-12;11-12;11-13;12-13,"1,1,1,1,1,1,1,1,1,1,1,1,1,1,1,1,0,1,1,1,1,0,1,1,1,1,0,0,1,1,1,1,1,0,1,0,1,0,1,1,0,1,0,0,1,0,1,1,1,0,1,0,1,1,1,1,1,1,1,1,0,1,0,1,1,1,1,1,1,1,1,1,1,0,1,0,1,1,1,1,1,0,0,1,1,1,1,0,1,1,1"
472,14,71,9,0-1;0-2;0-3;0-4;0-5;0-6;0-7;0-8;0-9;0-11;0-12;1-3;1-4;1-6;1-7;1-8;1-9;1-11;2-3;2-4;2-5;2-7;2-8;2-9;2-10;2-11;2-12;2-13;3-4;3-5;3-6;3-7;3-8;3-9;3-10;3-11;3-12;3-13;4-5;4-6;4-7;4-8;4-9;4-10;4-11;4-12;4-13;5-6;5-7;5-9;5-11;5-12;6-7;6-11;6-13;7-9;7-10;7-11;7-13;8-9;8-10;8-11;8-12;8-13;9-10;9-11;9-12;10-11;10-13;11-12;11-13,"1,1,1,1,1,1,1,1,1,0,1,1,0,0,1,1,0,1,1,1,1,0,1,0,0,1,1,1,0,1,1,1,1,1,1,1,1,1,1,1,1,1,1,1,1,1,1,1,1,1,1,1,1,1,1,1,1,0,1,0,1,1,0,1,0,0,0,1,0,1,0,1,1,1,0,1,1,1,1,1,1,1,1,1,0,1,0,1,1,1,0"
473,14,71,9,0-2;0-4;0-5;0-6;0-7;0-8;0-11;0-12;0-13;1-3;1-4;1-6;1-7;1-8;1-10;1-12;1-13;2-3;2-4;2-5;2-7;2-8;2-9;2-10;2-11;2-12;2-13;3-4;3-7;3-8;3-10;3-12;3-13;4-5;4-6;4-7;4-8;4-9;4-10;4-11;4-12;4-13;5-7;5-8;5-10;5-11;5-13;6-8;6-9;6-11;6-12;6-13;7-8;7-10;7-11;7-12;7-13;8-9;8-10;8-11;8-12;8-13;9-10;9-11;9-12;9-13;10-11;10-13;11-12;11-13;12-13,"0,1,0,1,1,1,1,1,0,0,1,1,1,0,1,1,0,1,1,1,0,1,0,1,1,1,1,1,0,1,1,1,1,1,1,1,1,0,0,1,1,0,1,0,1,1,1,1,1,1,1,1,1,1,1,0,1,1,0,1,1,0,1,0,1,1,0,1,1,1,1,0,1,1,1,1,1,1,1,1,1,1,1,1,1,1,0,1,1,1,1"
474,14,71,9,0-1;0-3;0-4;0-5;0-6;0-7;0-8;0-10;1-2;1-3;1-4;1-5;1-6;1-7;1-8;1-9;1-11;1-12;2-3;2-4;2-5;2-7;2-8;2-9;2-10;2-11;2-12;2-13;3-5;3-6;3-7;3-8;3-10;3-11;3-12;3-13;4-5;4-6;4-7;4-8;4-9;4-12;4-13;5-6;5-7;5-8;5-9;5-10;5-11;5-12;5-13;6-7;6-8;6-12;7-8;7-9;7-10;7-11;7-12;7-13;8-9;8-10;8-11;8-12;8-13;9-11;9-12;10-11;10-13;11-12;12-13,"1,0,1,1,1,1,1,1,0,1,0,0,0,1,1,1,1,1,1,1,1,0,1,1,0,1,1,1,0,1,1,1,1,1,1,1,0,1,1,1,1,0,1,1,1,1,1,1,1,1,1,0,0,1,1,1,1,1,1,1,1,1,1,1,1,0,0,0,1,0,1,1,1,1,1,1,1,1,1,1,1,0,1,1,0,1,0,1,1,0,1"
475,14,71,9,0-1;0-2;0-3;0-4;0-5;0-6;0-7;0-8;0-9;0-10;0-11;0-12;0-13;1-2;1-3;1-4;1-5;1-6;1-8;1-13;2-3;2-4;2-5;2-6;2-7;2-8;2-9;2-10;2-11;2-12;2-13;3-5;3-8;3-9;3-10;3-12;4-5;4-6;4-7;4-8;4-9;4-10;4-11;4-13;5-6;5-7;5-8;5-9;5-10;5-12;6-7;6-8;6-13;7-8;7-9;7-10;7-11;7-12;7-13;8-9;8-10;8-11;8-12;8-13;9-10;9-11;10-11;10-12;10-13;11-13;12-13,"1,1,1,1,1,1,1,1,1,1,1,1,1,1,1,1,1,1,0,1,0,0,0,0,1,1,1,1,1,1,1,1,1,1,1,1,0,1,0,0,1,1,1,0,1,0,1,1,1,1,1,1,1,0,1,1,1,1,1,1,0,1,0,1,1,0,0,0,0,1,1,1,1,1,1,1,1,1,1,1,1,1,1,0,0,1,1,1,0,1,1"
476,14,71,9,0-1;0-2;0-3;0-4;0-5;0-7;0-8;0-9;0-11;0-12;0-13;1-2;1-3;1-4;1-5;1-6;1-7;1-8;1-9;1-10;1-12;2-3;2-4;2-7;2-8;2-9;2-10;2-12;3-4;3-6;3-8;3-9;3-10;3-11;3-12;3-13;4-5;4-6;4-7;4-8;4-9;4-10;4-11;4-12;4-13;5-6;5-7;5-8;5-9;5-11;5-12;5-13;6-8;6-9;6-10;6-12;7-8;7-9;7-12;8-9;8-12;8-13;9-10;9-11;9-12;9-13;10-11;10-12;11-12;11-13;12-13,"1,1,1,1,1,0,1,1,1,0,1,1,1,1,1,1,1,1,1,1,1,1,0,1,0,1,1,0,0,1,1,1,1,0,1,0,1,0,1,0,1,1,1,1,1,1,1,1,1,1,1,1,1,1,1,1,1,1,1,0,1,1,1,0,1,1,1,0,1,0,1,1,0,0,1,0,1,0,0,1,1,1,1,1,1,1,1,0,1,1,1"
477,14,71,9,0-2;0-4;0-5;0-8;0-10;0-11;0-12;0-13;1-2;1-3;1-5;1-6;1-9;1-11;1-12;1-13;2-3;2-4;2-5;2-6;2-7;2-8;2-9;2-10;2-11;2-12;2-13;3-4;3-6;3-7;3-8;3-9;3-11;3-12;3-13;4-6;4-7;4-10;4-11;4-12;5-6;5-9;5-10;5-11;5-12;5-13;6-7;6-9;6-10;6-11;6-12;6-13;7-9;7-10;7-11;7-12;8-9;8-10;8-11;8-12;8-13;9-10;9-11;9-12;9-13;10-11;10-12;10-13;11-12;11-13;12-13,"0,1,0,1,1,0,0,1,0,1,1,1,1,1,1,0,1,1,0,0,1,0,1,1,1,1,1,1,1,1,1,1,1,1,1,1,1,0,1,1,1,1,0,1,1,1,0,1,1,0,0,1,1,1,0,1,0,0,1,1,1,1,1,1,0,1,1,1,1,1,0,1,1,1,1,0,1,1,1,1,1,1,1,1,1,1,1,1,1,1,1"
478,14,71,9,0-2;0-4;0-5;0-7;0-8;0-10;0-11;0-12;1-3;1-4;1-5;1-6;1-8;1-10;1-11;1-13;2-4;2-6;2-8;2-9;2-10;2-11;2-12;2-13;3-4;3-5;3-6;3-7;3-9;3-10;3-11;3-12;3-13;4-5;4-6;4-7;4-8;4-9;4-10;4-11;4-12;4-13;5-8;5-10;5-11;5-13;6-7;6-8;6-9;6-10;6-11;6-12;6-13;7-8;7-10;7-11;7-12;8-10;8-11;8-12;8-13;9-10;9-11;9-12;9-13;10-11;10-12;10-13;11-12;11-13;12-13,"0,1,0,1,1,0,1,1,0,1,1,1,0,0,1,1,1,1,0,1,0,1,1,0,1,0,1,0,1,0,1,1,1,1,1,1,1,1,1,1,0,1,1,1,1,1,1,1,1,1,1,1,1,1,1,0,0,1,0,1,1,0,1,1,1,1,1,1,1,1,1,0,1,1,1,0,0,1,1,1,1,1,1,1,1,1,1,1,1,1,1"
479,14,71,9,0-2;0-6;0-7;0-8;0-9;0-10;0-11;0-12;1-3;1-4;1-7;1-8;1-9;1-10;1-12;1-13;2-3;2-4;2-5;2-6;2-7;2-9;2-10;2-11;2-12;2-13;3-4;3-5;3-6;3-7;3-8;3-9;3-10;3-13;4-5;4-7;4-8;4-9;4-10;4-11;4-12;4-13;5-7;5-9;5-10;5-11;5-13;6-7;6-9;6-10;6-12;6-13;7-8;7-9;7-10;7-11;7-12;7-13;8-9;8-10;8-12;9-10;9-11;9-12;9-13;10-11;10-12;10-13;11-12;11-13;12-13,"0,1,0,0,0,1,1,1,1,1,1,1,0,0,1,1,0,0,1,1,1,1,0,1,1,1,1,1,1,1,0,1,1,1,1,1,1,1,1,1,1,1,1,0,0,1,1,0,1,1,1,1,1,1,1,0,1,0,1,1,1,0,1,1,0,1,1,0,1,1,1,1,1,1,1,1,1,1,0,1,0,1,1,1,1,1,1,1,1,1,1"
480,14,71,9,0-1;0-2;0-3;0-4;0-5;0-6;0-7;0-10;0-12;0-13;1-2;1-3;1-4;1-5;1-6;1-7;1-8;1-9;1-10;1-11;1-12;1-13;2-3;2-4;2-5;2-6;2-7;2-8;2-9;2-10;2-11;2-12;2-13;3-4;3-6;3-8;3-11;3-13;4-5;4-6;4-7;4-8;4-9;4-10;4-11;4-12;4-13;5-7;5-9;5-12;5-13;6-7;6-11;6-13;7-9;7-10;7-11;7-12;7-13;8-9;8-10;8-11;8-12;9-11;9-12;9-13;10-11;10-12;11-12;11-13;12-13,"1,1,1,1,1,1,1,0,0,1,0,1,1,1,1,1,1,1,1,1,1,1,1,1,1,1,1,1,1,1,1,1,1,1,1,1,1,0,1,0,1,0,0,1,0,1,1,1,1,1,1,1,1,1,1,0,1,0,1,0,0,1,1,1,0,0,0,1,0,1,0,1,1,1,1,1,1,1,1,1,0,0,1,1,1,1,1,0,1,1,1"
481,14,71,9,0-1;0-2;0-4;0-5;0-6;0-9;0-10;0-11;0-12;0-13;1-4;1-5;1-6;1-7;1-10;1-12;1-13;2-3;2-4;2-5;2-6;2-7;2-8;2-9;2-10;2-11;2-13;3-4;3-5;3-6;3-7;3-8;3-9;3-10;3-13;4-5;4-6;4-7;4-8;4-9;4-10;4-11;4-12;4-13;5-6;5-7;5-8;5-9;5-10;5-11;5-12;5-13;6-7;6-8;6-9;6-10;6-11;6-12;6-13;7-8;7-10;7-11;7-12;7-13;8-11;8-12;9-10;9-13;10-11;10-13;12-13,"1,1,0,1,1,1,0,0,1,1,1,1,1,0,0,1,1,1,1,0,0,1,0,1,1,1,1,1,1,1,1,1,1,1,0,1,1,1,1,1,1,1,1,0,0,1,1,1,1,1,1,1,1,1,1,1,1,1,1,1,1,1,1,1,1,1,1,1,1,1,1,0,1,1,1,1,0,0,1,1,0,1,0,0,1,1,0,1,0,0,1"
482,14,71,9,0-1;0-2;0-7;0-8;0-9;0-10;0-11;0-12;1-2;1-3;1-4;1-5;1-6;1-7;1-8;1-9;1-10;1-11;1-12;1-13;2-3;2-4;2-5;2-7;2-8;2-9;2-10;2-11;2-12;3-4;3-5;3-6;3-7;3-8;3-10;3-11;3-12;3-13;4-5;4-6;4-7;4-8;4-9;4-11;4-12;4-13;5-6;5-7;5-8;5-10;6-7;6-8;6-9;6-10;6-11;6-13;7-8;7-9;7-10;7-11;7-12;7-13;8-9;8-10;8-11;8-12;8-13;9-11;11-12;11-13;12-13,"1,1,0,0,0,0,1,1,1,1,1,1,0,1,1,1,1,1,1,1,1,1,1,1,1,1,1,1,0,1,1,1,1,1,1,0,1,1,1,1,1,0,1,1,1,1,1,1,1,1,1,0,1,1,1,1,1,1,0,1,0,0,0,1,1,1,1,1,0,1,1,1,1,1,1,1,1,1,1,1,1,0,1,0,0,0,0,0,1,1,1"
483,14,71,9,0-1;0-2;0-3;0-4;0-5;0-6;0-7;0-8;0-9;0-10;0-11;0-12;0-13;1-2;1-3;1-4;1-7;1-8;1-9;1-10;1-11;1-12;1-13;2-3;2-5;2-7;2-10;2-11;2-13;3-4;3-5;3-6;3-7;3-8;3-9;3-10;3-11;3-12;3-13;4-7;4-8;4-9;4-10;4-11;5-6;5-7;5-10;5-11;5-13;6-8;6-9;6-11;6-12;6-13;7-8;7-9;7-10;7-11;7-13;8-9;8-11;8-13;9-10;9-11;9-12;9-13;10-11;10-12;11-12;11-13;12-13,"1,1,1,1,1,1,1,1,1,1,1,1,1,1,1,1,0,0,1,1,1,1,1,1,1,1,0,1,0,1,0,0,1,1,0,1,1,1,1,1,1,1,1,1,1,1,0,0,1,1,1,1,1,0,0,1,1,0,0,1,1,0,1,0,1,1,0,1,1,1,1,1,1,1,0,1,1,0,1,0,1,1,1,1,1,1,1,0,1,1,1"
484,14,71,9,0-4;0-5;0-8;0-9;0-10;0-11;0-12;0-13;1-4;1-6;1-7;1-8;1-10;1-11;1-12;1-13;2-5;2-6;2-7;2-9;2-10;2-11;2-12;2-13;3-6;3-7;3-8;3-9;3-10;3-11;3-12;3-13;4-7;4-8;4-9;4-10;4-11;4-12;4-13;5-8;5-9;5-10;5-11;5-12;5-13;6-7;6-10;6-11;6-12;6-13;7-8;7-9;7-10;7-11;7-12;7-13;8-9;8-10;8-11;8-12;8-13;9-10;9-11;9-12;9-13;10-11;10-12;10-13;11-12;11-13;12-13,"0,0,0,1,1,0,0,1,1,1,1,1,1,0,0,1,0,1,1,1,0,1,1,1,1,0,0,1,1,1,0,1,1,1,1,1,0,0,1,1,1,1,1,1,1,1,0,0,1,1,1,1,1,1,1,0,0,1,1,1,1,1,1,1,0,0,1,1,1,1,1,1,1,1,1,1,1,1,1,1,1,1,1,1,1,1,1,1,1,1,1"
485,14,71,9,0-1;0-3;0-4;0-5;0-7;0-8;0-9;0-11;0-12;1-2;1-3;1-4;1-5;1-6;1-7;1-8;1-9;1-10;1-11;1-12;1-13;2-3;2-4;2-7;2-8;2-11;2-12;2-13;3-4;3-7;3-8;3-11;3-12;4-6;4-7;4-8;4-9;4-11;4-12;4-13;5-7;5-8;5-9;5-10;5-11;5-12;6-7;6-8;6-9;6-10;6-11;6-12;7-8;7-9;7-11;7-12;8-9;8-10;8-11;8-12;8-13;9-10;9-11;9-12;9-13;10-11;10-12;10-13;11-12;11-13;12-13,"1,0,1,1,1,0,1,1,1,0,1,1,0,1,1,1,1,1,1,1,1,1,1,1,1,1,1,0,0,1,1,0,0,1,1,1,1,0,0,1,1,0,0,1,1,0,0,1,1,1,1,0,1,1,1,0,1,1,1,1,1,1,0,1,1,1,1,1,1,0,1,1,0,1,1,0,1,1,1,1,1,1,1,1,1,1,1,1,1,1,1"
486,14,71,9,0-1;0-2;0-3;0-4;0-5;0-6;0-7;0-8;0-9;0-10;0-11;0-12;0-13;1-2;1-3;1-4;1-5;1-6;1-8;1-9;1-10;1-11;1-13;2-4;2-5;2-6;2-7;2-8;2-9;2-10;2-12;2-13;3-5;3-6;3-8;3-9;3-10;3-11;4-5;4-6;4-7;4-8;4-10;4-11;4-12;4-13;5-6;5-7;5-8;5-9;5-10;5-11;5-12;5-13;6-7;6-8;6-9;6-10;6-11;6-12;6-13;7-9;7-10;7-12;8-10;9-10;10-11;10-12;10-13;11-13;12-13,"1,1,1,1,1,1,1,1,1,1,1,1,1,1,1,1,1,1,0,1,1,1,1,0,1,0,1,1,1,1,1,1,1,0,1,1,0,1,1,0,1,1,1,1,0,0,1,1,1,1,0,1,1,1,1,1,1,1,1,1,1,1,1,1,1,1,1,1,1,1,0,1,1,0,1,0,0,1,0,0,0,1,0,0,0,1,1,1,0,1,1"
487,14,71,9,0-1;0-2;0-3;0-5;0-6;0-9;0-11;0-12;1-2;1-3;1-4;1-5;1-6;1-7;1-9;1-11;1-12;1-13;2-3;2-4;2-5;2-6;2-7;2-8;2-9;2-10;2-11;2-12;2-13;3-4;3-5;3-7;3-9;3-10;3-11;3-12;3-13;4-5;4-9;4-10;4-11;4-12;4-13;5-6;5-7;5-8;5-9;5-10;5-11;5-12;5-13;6-8;6-9;6-11;6-13;7-8;7-9;7-11;7-13;8-9;8-10;8-11;8-13;9-10;9-11;9-12;9-13;10-11;10-13;11-12;11-13,"1,1,1,0,1,1,0,0,1,0,1,1,0,1,1,1,1,1,1,0,1,0,1,1,1,1,1,1,1,1,1,1,1,1,1,1,1,1,0,1,0,1,1,1,1,1,1,0,0,0,1,1,1,1,1,1,1,1,1,1,1,1,1,0,1,1,0,1,0,1,1,1,0,1,0,1,1,1,1,0,1,1,1,1,1,1,0,1,1,1,0"
488,14,71,9,0-1;0-2;0-3;0-4;0-5;0-6;0-7;0-8;0-9;0-10;0-11;0-12;0-13;1-2;1-4;1-5;1-6;1-7;1-8;1-9;1-10;1-11;1-13;2-3;2-4;2-5;2-6;2-7;2-8;2-9;2-10;2-11;2-12;2-13;3-4;3-5;3-10;3-11;3-12;3-13;4-5;4-8;4-10;4-11;5-6;5-7;5-8;5-9;5-10;5-11;5-12;5-13;6-7;6-8;6-9;6-10;7-8;7-10;7-11;7-13;8-9;8-10;8-11;8-12;9-10;9-12;10-11;10-12;10-13;11-12;11-13,"1,1,1,1,1,1,1,1,1,1,1,1,1,1,0,1,1,1,1,1,1,1,1,0,1,1,1,1,1,1,1,1,1,1,1,1,1,1,0,0,0,0,1,1,1,1,1,0,0,1,0,1,1,0,0,1,1,1,1,1,1,1,1,1,1,1,1,0,0,0,1,0,1,1,0,1,1,1,1,1,0,1,0,1,0,1,1,1,1,1,0"
489,14,71,9,0-1;0-2;0-3;0-4;0-5;0-6;0-7;0-8;0-9;0-10;0-11;0-12;0-13;1-3;1-4;1-5;1-6;1-11;1-12;1-13;2-4;2-5;2-6;2-7;2-8;2-9;2-10;2-11;2-12;2-13;3-5;3-6;3-8;3-9;3-11;3-13;4-5;4-6;4-7;4-9;4-10;4-11;4-12;4-13;5-6;5-7;5-8;5-9;5-10;5-11;5-12;5-13;6-7;6-8;6-9;6-10;6-11;6-12;6-13;7-10;7-11;7-12;8-10;8-11;8-13;9-11;9-13;10-11;11-12;11-13;12-13,"1,1,1,1,1,1,1,1,1,1,1,1,1,0,1,1,1,1,0,0,0,0,1,1,1,0,1,1,1,1,1,1,1,1,1,1,0,1,1,0,1,1,0,1,0,1,1,1,1,0,1,1,1,1,1,1,1,1,1,1,1,1,1,1,1,1,1,1,1,1,0,0,1,1,1,0,0,1,1,0,1,0,1,0,1,1,0,0,1,1,1"
490,14,71,9,0-2;0-3;0-4;0-5;0-7;0-8;0-9;0-11;1-2;1-3;1-5;1-7;1-8;1-9;1-11;1-12;2-3;2-4;2-5;2-6;2-7;2-8;2-9;2-10;2-11;2-12;2-13;3-4;3-5;3-6;3-7;3-8;3-9;3-10;3-11;3-12;3-13;4-5;4-8;4-9;4-12;4-13;5-7;5-8;5-9;5-10;5-12;5-13;6-7;6-8;6-9;6-10;6-11;6-12;7-8;7-9;7-10;7-11;7-12;8-9;8-10;8-11;8-12;8-13;9-10;9-11;9-12;9-13;10-12;10-13;12-13,"0,1,1,1,1,0,1,1,1,0,1,0,0,1,1,0,1,0,1,1,1,0,1,1,0,1,1,1,1,1,1,1,1,1,1,1,1,1,1,1,1,1,1,1,1,1,1,0,0,1,1,0,0,1,1,0,1,1,1,1,0,1,1,1,1,1,1,1,1,0,1,1,1,1,1,0,1,1,1,1,1,1,1,1,1,0,1,1,0,0,1"
491,14,71,9,0-2;0-3;0-4;0-5;0-6;0-7;0-8;0-10;0-11;0-12;0-13;1-4;1-5;1-7;1-8;1-9;1-11;1-12;1-13;2-4;2-5;2-6;2-7;2-8;2-9;2-12;3-4;3-5;3-6;3-7;3-8;3-12;3-13;4-5;4-6;4-7;4-8;4-9;4-10;4-11;4-12;4-13;5-7;5-8;5-9;5-11;5-12;5-13;6-7;6-8;6-10;6-12;7-8;7-9;7-10;7-11;7-12;7-13;8-9;8-10;8-11;8-12;8-13;9-12;9-13;10-11;10-12;10-13;11-12;11-13;12-13,"0,1,1,1,1,1,1,1,0,1,1,1,1,0,0,1,1,0,1,1,1,0,1,1,1,0,1,1,1,1,1,1,0,0,1,0,1,1,1,1,1,0,0,0,1,1,1,1,1,1,1,1,1,1,1,0,1,1,1,0,1,1,1,1,1,0,1,0,1,0,1,1,1,1,1,1,1,1,1,1,1,0,0,1,1,1,1,1,1,1,1"
492,14,71,9,0-1;0-2;0-3;0-4;0-5;0-6;0-7;0-8;0-9;0-10;0-11;0-12;0-13;1-2;1-3;1-5;1-6;1-7;1-8;1-9;1-10;1-11;1-12;2-3;2-4;2-5;2-8;2-9;2-12;3-4;3-5;3-7;3-9;3-10;3-11;3-12;3-13;4-5;4-9;4-11;4-12;4-13;5-6;5-7;5-8;5-9;5-10;5-11;5-12;5-13;6-8;6-9;6-10;6-11;6-12;7-8;7-9;7-11;7-12;8-9;8-12;9-10;9-11;9-12;9-13;10-11;10-12;10-13;11-12;11-13;12-13,"1,1,1,1,1,1,1,1,1,1,1,1,1,1,1,0,1,1,1,1,1,1,1,1,0,1,1,1,0,0,1,1,0,0,1,0,1,1,0,1,0,1,1,1,1,1,1,0,0,0,1,0,1,1,1,1,1,1,1,1,1,1,1,0,1,1,1,1,1,0,1,1,0,1,1,0,1,0,0,1,0,1,1,1,1,1,1,1,1,1,1"
493,14,71,9,0-1;0-2;0-3;0-4;0-5;0-6;0-8;0-9;0-12;1-2;1-4;1-5;1-8;1-9;1-11;1-12;2-3;2-4;2-5;2-6;2-7;2-8;2-9;2-10;2-11;2-12;2-13;3-5;3-6;3-8;3-9;3-12;3-13;4-5;4-6;4-7;4-8;4-9;4-10;4-11;4-12;5-6;5-8;5-9;5-10;5-11;5-12;6-7;6-8;6-9;6-10;6-12;6-13;7-8;7-9;7-11;7-12;7-13;8-9;8-10;8-11;8-12;8-13;9-10;9-11;9-12;9-13;10-12;10-13;11-12;12-13,"1,1,1,1,1,1,0,1,1,0,0,1,0,1,0,1,1,0,0,1,1,0,1,1,0,1,1,1,1,1,1,1,1,1,1,1,0,1,1,0,1,1,0,0,1,1,1,1,1,1,1,1,1,1,0,1,0,1,1,1,1,1,0,1,1,1,1,0,1,1,1,1,0,1,1,1,1,1,1,1,1,1,1,1,1,0,1,1,1,0,1"
494,14,71,9,0-1;0-2;0-3;0-4;0-5;0-6;0-7;0-8;0-9;0-10;0-11;0-12;0-13;1-2;1-3;1-4;1-5;1-6;1-7;1-9;1-10;1-12;1-13;2-3;2-4;2-5;2-6;2-7;2-8;2-9;2-10;2-11;2-12;2-13;3-4;3-5;3-7;3-9;3-10;3-11;3-12;3-13;4-5;4-10;4-12;4-13;5-6;5-7;5-12;5-13;6-7;6-8;6-12;6-13;7-8;7-9;7-11;7-12;7-13;8-9;8-11;8-12;8-13;9-12;9-13;10-11;10-12;10-13;11-12;11-13;12-13,"1,1,1,1,1,1,1,1,1,1,1,1,1,1,1,1,1,1,1,0,1,1,0,1,1,1,1,1,1,1,1,1,1,1,1,1,1,1,0,1,0,1,1,1,1,1,1,0,0,0,0,1,0,1,1,1,1,0,0,0,0,1,1,1,1,0,0,0,1,1,1,1,0,1,1,1,1,0,1,1,1,0,0,1,1,1,1,1,1,1,1"
495,14,71,9,0-2;0-4;0-5;0-6;0-7;0-8;0-9;0-10;0-11;0-12;0-13;1-3;1-5;1-6;1-7;1-8;1-9;1-11;1-12;2-4;2-8;2-9;2-10;2-11;2-12;2-13;3-4;3-5;3-8;3-9;3-10;3-11;3-12;4-5;4-7;4-8;4-9;4-10;4-11;4-12;4-13;5-6;5-7;5-8;5-9;5-11;5-12;5-13;6-8;6-9;6-11;6-12;6-13;7-8;7-9;7-11;7-12;8-9;8-10;8-11;8-12;8-13;9-10;9-11;9-12;9-13;10-11;10-12;11-12;11-13;12-13,"0,1,0,1,1,1,1,1,1,1,1,1,1,0,1,0,1,1,1,1,1,0,1,1,0,0,1,0,0,0,1,1,1,1,1,1,1,1,0,0,1,1,1,1,1,0,1,0,1,1,1,1,1,1,1,1,1,1,1,0,1,1,1,0,1,1,0,1,1,1,1,1,0,1,1,0,1,1,1,1,1,1,1,1,1,1,1,0,1,1,1"
496,14,71,9,0-1;0-2;0-3;0-5;0-6;0-7;0-8;0-9;0-10;0-12;0-13;1-2;1-3;1-4;1-5;1-6;1-7;1-8;1-9;1-10;1-11;1-12;1-13;2-3;2-5;2-7;2-10;2-12;2-13;3-6;3-7;3-10;3-11;3-13;4-5;4-6;4-7;4-9;4-10;4-11;4-13;5-6;5-7;5-8;5-9;5-10;5-12;5-13;6-7;6-8;6-9;6-10;6-11;6-13;7-8;7-9;7-10;7-11;7-12;7-13;8-10;8-11;8-13;9-10;9-12;9-13;10-11;10-12;10-13;11-13;12-13,"1,1,1,0,1,1,1,1,1,1,0,1,1,1,1,1,1,1,1,1,1,1,1,1,1,1,0,1,0,1,0,0,1,0,1,1,0,0,1,1,0,0,1,1,0,1,1,1,1,0,1,1,1,0,1,1,1,1,1,1,0,1,1,1,1,1,1,1,0,1,1,1,1,1,1,1,0,1,1,0,1,1,0,1,1,1,1,1,0,1,1"
497,14,71,9,0-1;0-2;0-4;0-6;0-9;0-10;0-11;0-12;1-2;1-3;1-4;1-5;1-6;1-7;1-8;1-9;1-10;1-11;1-12;1-13;2-4;2-7;2-8;2-10;2-11;2-12;3-4;3-5;3-6;3-7;3-8;3-9;3-10;3-11;3-12;3-13;4-5;4-6;4-7;4-8;4-9;4-10;4-11;4-12;4-13;5-6;5-8;5-11;5-12;5-13;6-10;6-11;6-12;7-8;7-10;7-11;7-12;7-13;8-9;8-10;8-11;8-12;8-13;9-10;9-11;9-12;10-11;10-12;11-12;11-13;12-13,"1,1,0,1,0,1,0,0,1,1,1,1,0,1,1,1,1,1,1,1,1,1,1,1,1,0,1,0,0,1,1,0,1,1,1,0,1,1,1,1,1,1,1,1,1,1,1,1,1,1,1,1,1,1,1,1,0,1,0,0,1,1,1,0,0,0,1,1,1,0,1,0,1,1,1,1,1,1,1,1,1,1,1,1,0,1,1,0,1,1,1"
498,14,71,9,0-2;0-3;0-7;0-8;0-9;0-10;0-11;0-13;1-3;1-4;1-5;1-6;1-8;1-9;1-10;1-13;2-3;2-4;2-6;2-7;2-8;2-9;2-10;2-11;2-12;2-13;3-4;3-5;3-6;3-7;3-8;3-9;3-10;3-11;3-12;3-13;4-6;4-7;4-8;4-9;4-10;4-13;5-6;5-8;5-9;5-10;5-11;5-12;6-8;6-9;6-10;6-11;6-12;6-13;7-8;7-9;7-10;7-13;8-9;8-10;8-11;8-12;8-13;9-10;9-11;9-12;9-13;10-11;10-12;10-13;12-13,"0,1,1,0,0,0,1,1,1,1,1,0,1,0,1,1,1,1,0,1,1,1,0,0,1,1,1,0,1,1,1,1,1,1,1,1,1,1,1,1,1,1,1,1,1,1,0,1,1,1,1,1,0,0,1,1,0,1,1,1,1,1,0,0,1,1,1,1,1,1,1,1,1,0,0,1,1,1,1,1,1,1,1,1,1,1,1,1,0,0,1"
499,14,71,9,0-1;0-2;0-6;0-8;0-9;0-10;0-11;0-12;1-2;1-3;1-4;1-5;1-6;1-7;1-8;1-9;1-10;1-11;1-12;1-13;2-3;2-6;2-7;2-8;2-9;2-10;2-11;2-12;2-13;3-4;3-6;3-9;3-10;3-11;3-13;4-5;4-6;4-7;4-10;4-11;4-13;5-6;5-9;5-10;5-11;5-12;5-13;6-7;6-8;6-9;6-10;6-11;6-12;6-13;7-8;7-10;7-11;7-13;8-9;8-10;8-11;9-10;9-11;9-12;9-13;10-11;10-12;10-13;11-12;11-13;12-13,"1,1,0,0,0,1,0,1,1,1,1,1,0,1,1,1,1,1,1,1,1,1,1,1,1,1,0,0,1,1,1,1,1,1,1,1,1,0,1,0,0,1,1,1,0,1,1,1,1,0,0,1,1,0,1,1,0,0,1,1,1,1,1,1,1,1,1,1,1,1,1,0,1,1,0,1,1,1,1,0,0,1,1,1,1,1,1,1,1,1,1"
500,14,71,9,0-1;0-5;0-6;0-8;0-9;0-10;0-11;0-12;1-3;1-5;1-6;1-8;1-10;1-11;1-12;1-13;2-3;2-4;2-5;2-6;2-8;2-9;2-10;2-12;3-4;3-5;3-6;3-7;3-8;3-10;3-11;3-12;3-13;4-5;4-6;4-7;4-8;4-12;4-13;5-6;5-7;5-8;5-9;5-10;5-11;5-12;5-13;6-7;6-8;6-9;6-10;6-11;6-12;6-13;7-8;7-10;7-11;7-12;8-9;8-10;8-11;8-12;8-13;9-10;9-11;9-12;10-11;10-12;11-12;11-13;12-13,"1,0,0,0,1,1,0,1,1,1,1,1,0,0,1,0,1,1,0,1,0,1,1,1,1,1,1,1,1,0,1,1,1,0,1,0,1,1,1,1,1,0,1,1,1,1,1,1,1,1,0,0,0,1,1,1,1,1,1,1,1,1,1,1,1,1,1,1,1,1,1,0,1,1,1,0,1,1,1,1,1,1,1,1,0,1,1,0,1,1,1"
501,14,71,9,0-1;0-2;0-3;0-4;0-5;0-6;0-7;0-8;0-9;0-10;0-12;1-4;1-5;1-6;1-7;1-9;1-11;1-12;2-5;2-6;2-7;2-8;2-9;2-10;2-12;3-4;3-5;3-6;3-7;3-8;3-11;3-12;4-5;4-6;4-7;4-9;4-10;4-11;4-12;4-13;5-6;5-7;5-8;5-9;5-10;5-11;5-12;5-13;6-7;6-8;6-9;6-10;6-11;6-12;6-13;7-8;7-9;7-10;7-11;7-12;7-13;8-9;8-12;9-10;9-12;9-13;10-12;10-13;11-12;11-13;12-13,"1,1,1,1,1,1,1,1,1,1,0,1,0,0,0,1,1,1,1,0,1,0,1,1,0,0,0,1,1,1,1,1,1,0,1,0,1,1,1,1,1,0,0,1,1,0,1,1,1,0,1,1,1,1,1,1,1,1,1,1,1,1,1,1,1,1,1,1,1,1,1,1,1,1,1,1,1,0,0,1,0,1,0,1,1,0,1,1,1,1,1"
502,14,71,9,0-1;0-2;0-3;0-4;0-5;0-6;0-7;0-10;0-11;0-12;0-13;1-3;1-4;1-5;1-6;1-11;1-12;1-13;2-3;2-4;2-5;2-7;2-8;2-9;2-10;2-11;2-12;2-13;3-4;3-5;3-6;3-7;3-8;3-9;3-10;3-11;3-12;3-13;4-5;4-6;4-7;4-8;4-9;4-10;4-11;4-12;4-13;5-6;5-7;5-8;5-9;5-10;5-11;5-12;5-13;6-10;6-12;6-13;7-9;7-12;7-13;8-9;8-11;8-12;8-13;9-10;9-12;10-12;11-12;11-13;12-13,"1,1,1,1,1,1,1,0,0,1,1,1,1,0,1,1,1,1,0,0,0,0,1,1,1,1,1,1,0,1,1,1,1,1,1,1,1,1,1,1,1,1,1,1,1,1,1,1,1,1,1,1,1,1,1,1,1,1,1,1,1,1,1,0,0,0,1,0,1,1,0,1,0,0,1,1,1,0,1,1,1,1,0,1,0,0,1,0,1,1,1"
503,14,71,9,0-1;0-2;0-3;0-4;0-5;0-6;0-8;0-9;1-3;1-4;1-5;1-8;1-9;1-10;1-13;2-3;2-4;2-5;2-7;2-8;2-9;2-10;3-4;3-5;3-6;3-7;3-8;3-9;3-10;3-11;3-12;3-13;4-5;4-6;4-7;4-8;4-9;4-10;4-11;4-12;4-13;5-6;5-7;5-8;5-9;5-10;5-11;5-12;5-13;6-8;6-9;6-11;6-13;7-9;7-10;7-12;7-13;8-9;8-10;8-11;8-13;9-10;9-11;9-12;9-13;10-11;10-12;10-13;11-12;11-13;12-13,"1,1,1,1,1,1,0,1,1,0,0,0,0,0,1,1,1,0,0,1,1,1,0,0,1,1,1,1,0,1,1,1,1,0,0,0,1,1,1,1,1,1,1,1,1,1,1,1,1,1,1,1,1,1,1,1,1,1,1,1,1,1,1,0,1,1,0,1,0,1,0,1,1,0,1,1,1,1,1,0,1,1,1,1,1,1,1,1,1,1,1"
504,14,71,9,0-2;0-3;0-4;0-5;0-6;0-7;0-10;0-11;1-2;1-3;1-4;1-5;1-7;1-8;1-9;1-10;1-11;1-12;1-13;2-3;2-4;2-5;2-6;2-7;2-8;2-9;2-10;2-11;2-12;2-13;3-4;3-5;3-7;3-11;3-13;4-5;4-6;4-7;4-9;4-10;4-11;4-13;5-6;5-7;5-8;5-9;5-10;5-11;5-12;5-13;6-7;6-11;6-12;6-13;7-8;7-9;7-10;7-11;7-12;7-13;8-9;8-11;8-12;8-13;9-10;9-11;9-13;10-11;11-12;11-13;12-13,"0,1,1,1,1,1,1,0,0,1,1,0,0,1,1,1,1,0,1,1,1,1,1,1,1,1,1,1,1,1,1,1,1,1,1,1,1,1,0,1,0,0,0,1,0,1,1,1,1,0,1,1,1,0,1,1,1,1,1,1,1,1,1,1,0,0,0,1,1,1,1,1,1,1,1,1,1,0,1,1,1,1,1,0,1,1,0,0,1,1,1"
505,14,71,9,0-3;0-5;0-6;0-7;0-8;0-10;0-11;0-12;0-13;1-4;1-5;1-7;1-8;1-9;1-10;1-11;1-12;1-13;2-5;2-6;2-8;2-9;2-10;2-11;2-12;2-13;3-6;3-7;3-9;3-10;3-11;3-12;3-13;4-6;4-8;4-9;4-10;4-11;4-12;4-13;5-7;5-8;5-10;5-11;5-12;5-13;6-7;6-9;6-10;6-11;6-12;6-13;7-9;7-10;7-11;7-12;7-13;8-10;8-11;8-12;8-13;9-10;9-11;9-12;9-13;10-11;10-12;10-13;11-12;11-13;12-13,"0,0,1,0,1,1,1,1,0,1,1,1,1,0,0,1,1,0,1,1,1,1,1,1,1,0,0,1,1,0,1,1,1,1,1,1,0,0,1,1,0,1,1,1,1,1,0,1,0,1,1,1,1,1,1,0,1,1,0,1,1,1,1,1,0,1,1,1,1,1,0,1,1,1,1,1,0,1,1,1,1,1,1,1,1,1,1,1,1,1,1"
506,14,71,9,0-3;0-5;0-6;0-7;0-10;0-11;0-12;0-13;1-2;1-4;1-5;1-6;1-7;1-8;1-9;1-12;1-13;2-5;2-6;2-9;2-10;2-11;2-12;2-13;3-5;3-6;3-7;3-8;3-9;3-10;3-11;3-12;3-13;4-5;4-6;4-8;4-10;4-11;4-12;4-13;5-6;5-7;5-8;5-9;5-10;5-11;5-12;5-13;6-7;6-8;6-9;6-10;6-11;6-12;6-13;7-9;7-11;7-12;7-13;8-9;8-10;8-12;8-13;9-12;9-13;10-11;10-12;10-13;11-12;11-13;12-13,"0,0,1,0,1,1,1,0,0,1,1,1,1,1,0,1,1,1,1,1,1,0,0,1,1,0,0,1,1,0,0,1,1,1,1,1,0,1,1,1,1,1,1,1,1,1,1,1,0,1,0,1,1,1,1,1,1,1,1,1,1,1,1,1,1,1,1,1,1,1,0,1,0,1,1,1,1,1,0,1,1,0,0,1,1,1,1,1,1,1,1"
507,14,71,9,0-1;0-2;0-3;0-4;0-5;0-6;0-7;0-8;0-9;0-10;0-11;0-12;0-13;1-3;1-4;1-5;1-7;1-8;1-11;1-13;2-3;2-4;2-5;2-6;2-7;2-8;2-9;2-12;2-13;3-4;3-5;3-8;3-11;3-12;3-13;4-5;4-6;4-7;4-8;4-9;4-10;4-11;4-12;4-13;5-7;5-8;5-9;5-10;5-13;6-7;6-8;6-9;6-11;6-12;6-13;7-8;7-9;7-10;7-13;8-9;8-10;8-11;8-12;8-13;9-13;10-11;10-12;10-13;11-12;11-13;12-13,"1,1,1,1,1,1,1,1,1,1,1,1,1,0,1,1,1,0,1,1,0,0,1,0,1,1,1,1,1,1,1,1,0,0,1,1,1,1,0,0,1,0,0,1,1,1,1,1,1,1,1,1,1,1,1,0,1,1,1,1,0,0,1,1,1,1,0,1,1,1,1,1,1,0,0,1,1,1,1,1,1,0,0,0,1,1,1,1,1,1,1"
508,14,71,9,0-1;0-2;0-7;0-8;0-9;0-11;0-12;0-13;1-2;1-4;1-5;1-6;1-7;1-9;1-11;1-12;2-3;2-4;2-5;2-7;2-9;2-11;2-12;3-4;3-5;3-7;3-8;3-9;3-10;3-11;3-12;3-13;4-6;4-7;4-8;4-9;4-11;4-12;5-7;5-9;5-10;5-11;5-12;5-13;6-7;6-8;6-9;6-11;6-12;6-13;7-8;7-9;7-10;7-11;7-12;7-13;8-9;8-10;8-11;8-12;8-13;9-10;9-11;9-12;9-13;10-11;10-12;10-13;11-12;11-13;12-13,"1,1,0,0,0,0,1,1,1,0,1,1,1,1,0,1,1,1,1,0,1,0,1,1,0,1,1,1,0,1,0,1,0,1,1,0,1,1,0,1,1,1,1,1,1,1,0,1,1,1,1,0,1,1,0,0,1,0,1,1,1,1,1,1,1,1,0,1,1,1,1,1,1,1,1,1,1,1,1,1,1,1,1,1,1,1,1,1,1,1,1"
509,14,71,9,0-1;0-2;0-3;0-4;0-5;0-6;0-7;0-8;0-9;0-10;0-11;0-12;0-13;1-2;1-3;1-4;1-5;1-6;1-7;1-8;1-9;1-10;1-11;1-12;1-13;2-3;2-6;2-7;2-8;2-9;2-10;3-4;3-6;3-7;3-9;3-11;3-13;4-5;4-7;4-8;4-9;4-10;4-11;4-13;5-7;5-8;5-9;5-10;5-13;6-7;6-9;6-11;6-12;6-13;7-8;7-9;7-10;7-11;7-12;7-13;8-9;8-10;8-11;8-12;9-10;9-11;9-12;9-13;10-12;10-13;11-12,"1,1,1,1,1,1,1,1,1,1,1,1,1,1,1,1,1,1,1,1,1,1,1,1,1,1,0,0,1,1,1,1,1,0,0,0,1,0,1,1,0,1,0,1,0,1,1,0,1,1,1,1,1,0,1,0,1,1,1,1,0,0,1,1,0,1,0,1,1,1,1,1,1,1,1,1,1,1,1,1,0,1,1,1,1,0,1,1,1,0,0"
510,14,71,9,0-2;0-3;0-4;0-5;0-7;0-8;0-11;0-12;1-2;1-3;1-5;1-7;1-8;1-11;1-12;1-13;2-3;2-4;2-5;2-6;2-7;2-8;2-9;2-10;2-11;2-12;2-13;3-5;3-6;3-7;3-8;3-10;3-12;3-13;4-6;4-7;4-8;4-9;4-11;4-12;4-13;5-6;5-7;5-8;5-9;5-10;5-12;6-7;6-8;6-9;6-10;6-12;6-13;7-8;7-9;7-10;7-11;7-12;7-13;8-9;8-10;8-11;8-12;8-13;9-10;9-11;9-12;10-12;11-12;11-13;12-13,"0,1,1,1,1,0,1,1,0,0,1,1,0,1,1,0,1,0,1,1,0,0,1,1,1,1,1,1,1,1,1,1,1,1,1,1,0,1,1,1,1,0,1,0,1,1,0,1,1,1,1,0,1,1,1,1,1,1,1,1,0,1,0,1,1,1,1,0,1,1,1,1,1,1,1,1,1,1,1,1,1,1,1,1,0,0,1,0,1,1,1"
511,14,71,9,0-1;0-3;0-4;0-5;0-6;0-8;0-9;0-11;0-12;1-3;1-4;1-5;1-6;1-7;1-11;1-12;1-13;2-4;2-5;2-6;2-8;2-9;2-10;2-12;2-13;3-4;3-5;3-6;3-7;3-8;3-12;3-13;4-5;4-6;4-7;4-8;4-9;4-10;4-11;4-12;4-13;5-6;5-7;5-8;5-9;5-10;5-11;5-12;5-13;6-7;6-8;6-9;6-10;6-11;6-12;6-13;7-9;7-10;7-12;8-9;8-10;8-12;8-13;9-10;9-11;9-12;10-11;10-12;10-13;11-12;12-13,"1,0,1,1,1,1,0,1,1,0,1,1,0,0,1,1,1,1,1,0,0,0,1,1,1,0,1,1,1,0,1,1,1,0,1,1,1,1,1,1,1,0,0,0,1,1,1,1,1,1,1,1,1,1,1,1,1,1,1,1,1,1,1,1,1,1,1,1,1,1,0,1,1,0,1,0,1,1,0,1,1,1,1,1,0,1,1,1,1,0,1"
512,14,71,9,0-1;0-2;0-3;0-5;0-7;0-9;0-10;0-11;0-12;0-13;1-2;1-5;1-6;1-7;1-9;1-10;1-13;2-5;2-6;2-7;2-8;2-9;2-10;2-11;2-13;3-4;3-5;3-7;3-9;3-10;3-11;3-13;4-5;4-6;4-8;4-9;4-10;4-11;4-12;4-13;5-6;5-7;5-8;5-9;5-10;5-11;5-12;5-13;6-7;6-8;6-9;6-10;6-13;7-9;7-10;7-12;7-13;8-9;8-10;8-11;8-12;8-13;9-10;9-11;9-12;9-13;10-11;10-12;10-13;11-13;12-13,"1,1,1,0,1,0,1,0,1,1,1,1,1,1,0,0,1,1,1,0,1,1,0,0,1,0,0,1,1,1,1,1,1,1,0,1,1,1,0,1,0,1,1,1,0,1,1,1,0,1,1,1,1,1,1,1,1,1,1,1,1,1,1,1,1,1,1,0,0,1,0,1,1,0,1,1,1,1,1,1,1,1,1,1,1,1,1,1,0,1,1"
513,14,71,9,0-1;0-3;0-5;0-6;0-7;0-8;0-10;0-11;0-12;0-13;1-3;1-4;1-5;1-7;1-9;1-10;1-11;1-12;1-13;2-3;2-4;2-6;2-8;2-9;2-10;2-11;2-12;2-13;3-4;3-5;3-6;3-7;3-8;3-9;3-10;3-11;3-12;3-13;4-5;4-6;4-9;4-10;4-12;4-13;5-6;5-7;5-8;5-10;5-12;5-13;6-10;6-12;6-13;7-10;7-11;7-12;7-13;8-9;8-10;8-12;8-13;9-10;9-11;9-12;9-13;10-11;10-12;10-13;11-12;11-13;12-13,"1,0,1,0,1,1,1,1,0,1,1,1,1,0,1,1,1,0,1,0,1,1,1,1,1,1,1,0,1,0,1,1,1,1,1,1,1,1,1,1,1,1,1,1,1,1,1,1,0,0,1,1,0,1,1,1,1,1,0,1,0,1,1,0,0,0,1,0,1,1,0,0,1,1,1,1,1,1,0,1,1,1,1,1,1,1,1,1,1,1,1"
514,14,71,9,0-1;0-2;0-3;0-4;0-5;0-6;0-7;0-8;0-9;0-10;0-11;0-12;0-13;1-2;1-3;1-4;1-5;1-7;1-8;1-9;1-10;1-13;2-3;2-4;2-5;2-10;2-12;2-13;3-4;3-5;3-6;3-7;3-8;3-9;3-13;4-5;4-6;4-7;4-8;4-9;4-10;4-11;4-12;4-13;5-6;5-7;5-8;5-9;5-10;5-11;5-12;5-13;6-7;6-9;6-11;6-12;6-13;7-9;7-10;7-11;7-13;8-11;8-12;8-13;9-13;10-11;10-12;10-13;11-12;11-13;12-13,"1,1,1,1,1,1,1,1,1,1,1,1,1,1,1,1,1,0,1,1,1,1,0,0,1,1,1,1,0,0,0,0,1,0,1,1,1,1,1,1,1,1,0,0,0,1,1,1,1,1,1,1,1,1,1,1,1,1,1,1,1,1,1,1,0,1,0,1,1,1,0,1,1,1,0,1,0,0,1,1,1,0,0,0,1,1,1,1,1,1,1"
515,14,71,9,0-3;0-4;0-5;0-7;0-8;0-10;0-11;0-12;1-2;1-3;1-4;1-5;1-6;1-7;1-8;1-12;1-13;2-3;2-4;2-5;2-6;2-8;2-10;2-11;2-12;2-13;3-4;3-5;3-6;3-7;3-8;3-9;3-10;3-11;3-12;3-13;4-5;4-6;4-7;4-8;4-9;4-10;4-11;4-12;4-13;5-8;5-9;5-11;5-12;5-13;6-7;6-8;6-9;6-10;6-12;7-8;7-9;7-10;7-12;8-9;8-10;8-11;8-12;8-13;9-11;9-12;10-11;10-12;11-12;11-13;12-13,"0,0,1,1,1,0,1,1,0,1,1,1,0,1,1,1,1,1,1,1,0,0,0,1,1,1,1,1,1,0,1,0,1,1,1,1,1,1,1,1,1,1,1,1,1,1,1,1,1,1,1,1,1,1,1,0,0,1,1,0,1,1,1,1,1,1,1,0,1,0,1,1,1,0,1,0,1,1,1,1,1,0,1,1,0,1,1,0,1,1,1"
516,14,71,9,0-1;0-2;0-3;0-4;0-5;0-6;0-7;0-8;0-9;0-10;0-11;0-12;0-13;1-2;1-3;1-4;1-5;1-9;1-10;1-13;2-3;2-4;2-5;2-6;2-7;2-8;2-9;2-10;2-11;2-12;2-13;3-4;3-7;3-8;3-9;3-11;3-12;3-13;4-5;4-6;4-7;4-8;4-9;4-10;4-11;4-12;4-13;5-6;5-10;5-11;5-12;5-13;6-8;6-9;6-10;6-11;6-13;7-9;7-10;7-12;7-13;8-9;8-11;8-13;9-11;9-13;10-12;10-13;11-12;11-13;12-13,"1,1,1,1,1,1,1,1,1,1,1,1,1,1,1,1,1,0,0,0,1,1,0,0,1,1,1,1,1,1,1,1,1,1,1,1,1,0,0,1,1,1,0,1,1,1,1,1,1,1,1,1,1,1,1,1,0,0,0,1,1,1,1,0,1,1,1,1,0,1,0,1,1,0,1,1,1,0,1,0,1,0,1,0,1,0,1,1,1,1,1"
517,14,71,9,0-1;0-2;0-5;0-6;0-7;0-8;0-9;0-10;0-12;0-13;1-2;1-3;1-4;1-5;1-6;1-7;1-8;1-9;1-10;1-11;1-12;1-13;2-3;2-4;2-5;2-6;2-8;2-10;2-13;3-4;3-5;3-6;3-7;3-10;3-11;3-13;4-5;4-7;4-8;4-10;4-11;4-13;5-6;5-7;5-8;5-9;5-10;5-11;5-12;5-13;6-9;6-10;6-11;6-12;6-13;7-10;7-12;7-13;8-10;8-12;8-13;9-10;9-11;9-12;9-13;10-11;10-12;10-13;11-12;11-13;12-13,"1,1,0,0,1,1,1,1,1,1,0,1,1,1,1,1,1,1,1,1,1,1,1,1,1,1,1,1,1,0,1,0,1,0,0,1,1,1,1,1,0,0,1,1,0,1,1,0,1,1,0,1,1,0,1,1,1,1,1,1,1,1,1,0,0,1,1,1,1,1,0,0,1,0,1,1,0,1,0,1,1,1,1,1,1,1,1,1,1,1,1"
518,14,71,9,0-1;0-2;0-3;0-4;0-8;0-9;0-10;0-13;1-2;1-3;1-4;1-5;1-6;1-7;1-8;1-9;1-10;1-11;1-12;1-13;2-4;2-6;2-7;2-8;2-9;2-10;2-11;2-13;3-5;3-8;3-9;3-10;3-11;3-12;3-13;4-6;4-7;4-8;4-9;4-11;4-12;4-13;5-7;5-8;5-9;5-10;5-11;5-12;5-13;6-7;6-8;6-9;6-12;6-13;7-8;7-9;7-10;7-12;7-13;8-9;8-10;8-11;8-12;8-13;9-10;9-11;9-12;9-13;10-13;11-13;12-13,"1,1,1,1,0,0,0,1,1,1,0,0,1,1,1,1,1,1,1,1,1,1,1,1,1,0,1,0,1,1,1,1,1,1,0,1,0,1,0,0,1,1,1,1,1,1,0,1,1,1,1,0,1,1,1,0,1,1,1,1,1,1,1,1,1,1,0,0,1,1,1,1,1,0,1,1,1,1,1,1,1,1,1,1,1,0,0,1,0,1,1"
519,14,71,9,0-1;0-2;0-3;0-4;0-5;0-6;0-7;0-8;0-10;0-11;1-2;1-5;1-6;1-7;1-8;1-9;1-10;2-3;2-4;2-5;2-6;2-7;2-8;2-9;2-10;2-11;2-12;2-13;3-5;3-6;3-7;3-8;3-11;3-12;3-13;4-5;4-6;4-7;4-10;4-12;4-13;5-6;5-7;5-8;5-9;5-10;5-11;5-12;5-13;6-7;6-8;6-9;6-10;6-11;6-12;6-13;7-8;7-9;7-10;7-11;7-12;7-13;8-9;8-10;8-12;9-10;9-12;9-13;10-11;11-13;12-13,"1,1,1,1,1,1,1,1,0,1,1,0,0,1,0,0,1,1,1,1,1,1,0,0,0,1,1,1,1,1,1,1,1,1,1,1,0,1,1,1,1,0,0,1,1,1,1,1,1,0,0,1,0,1,1,1,1,1,1,1,1,1,1,1,1,1,1,1,1,1,1,1,1,1,1,1,1,1,0,1,0,1,0,1,1,1,0,0,0,1,1"
520,14,71,9,0-1;0-2;0-3;0-4;0-5;0-6;0-7;0-8;0-9;0-10;0-11;0-12;0-13;1-2;1-3;1-4;1-5;1-6;1-7;1-10;1-11;1-12;2-4;2-6;2-8;2-10;2-12;2-13;3-4;3-5;3-6;3-10;3-11;3-12;4-5;4-6;4-7;4-8;4-9;4-10;4-11;4-12;4-13;5-9;5-10;5-11;5-12;5-13;6-7;6-8;6-10;6-11;6-12;7-9;7-10;7-12;7-13;8-9;8-10;8-11;8-12;8-13;9-10;9-11;9-12;9-13;10-11;10-12;10-13;11-12;12-13,"1,1,1,1,1,1,1,1,1,1,1,1,1,1,1,1,1,1,1,0,0,1,1,1,0,0,1,0,1,0,1,0,1,0,1,1,1,1,1,0,0,0,1,1,1,0,1,1,1,1,1,1,1,1,1,0,0,0,1,1,1,1,1,1,1,0,1,1,1,0,0,1,1,0,1,1,1,1,1,1,1,1,1,1,1,1,1,1,1,0,1"
521,14,71,9,0-1;0-3;0-4;0-6;0-8;0-10;0-11;0-12;0-13;1-2;1-3;1-4;1-5;1-6;1-7;1-8;1-9;1-10;1-11;1-12;1-13;2-3;2-4;2-6;2-7;2-8;2-9;2-11;2-12;3-4;3-5;3-6;3-7;3-8;3-11;4-5;4-6;4-8;4-11;4-12;5-6;5-8;5-9;5-11;5-13;6-7;6-8;6-9;6-10;6-11;6-12;6-13;7-8;7-9;7-11;7-13;8-9;8-10;8-11;8-12;8-13;9-10;9-11;9-12;9-13;10-11;10-12;10-13;11-12;11-13;12-13,"1,0,1,1,0,1,0,1,0,1,1,1,1,1,1,1,1,1,1,1,1,1,1,1,1,1,1,0,1,1,1,1,0,1,1,0,1,1,1,1,1,0,0,1,0,0,1,1,0,1,0,0,1,1,0,1,0,1,1,0,1,0,1,1,1,1,1,1,1,1,1,1,0,1,0,1,1,1,1,1,1,1,1,1,1,1,1,1,1,1,1"
522,14,71,9,0-1;0-2;0-3;0-7;0-8;0-9;0-10;0-11;0-12;1-2;1-3;1-4;1-7;1-8;1-10;1-12;1-13;2-3;2-4;2-5;2-6;2-7;2-8;2-9;2-10;2-11;2-12;2-13;3-4;3-5;3-6;3-7;3-8;3-9;3-10;3-11;3-12;3-13;4-5;4-6;4-7;4-8;4-10;4-12;5-6;5-7;5-8;5-10;5-11;6-7;6-8;6-9;6-10;6-11;6-13;7-8;7-9;7-10;7-11;7-12;7-13;8-9;8-10;8-11;8-12;8-13;9-11;9-12;10-11;11-13;12-13,"1,1,1,0,0,0,1,1,1,1,1,1,0,1,1,1,0,0,1,1,0,1,0,1,1,1,1,1,1,1,1,1,1,1,1,1,1,1,1,1,1,1,1,1,1,1,1,1,1,1,0,1,0,1,0,1,1,1,0,1,1,0,0,1,1,1,1,1,0,1,1,1,1,1,1,1,1,1,1,1,1,0,1,1,0,1,0,0,0,1,1"
523,14,71,9,0-1;0-2;0-3;0-5;0-7;0-9;0-10;0-12;1-2;1-4;1-5;1-6;1-7;1-9;1-10;1-12;1-13;2-3;2-4;2-5;2-6;2-7;2-8;2-9;2-10;2-11;2-12;2-13;3-5;3-7;3-8;3-9;3-10;3-11;3-12;4-5;4-7;4-8;4-9;4-10;4-11;5-6;5-7;5-8;5-9;5-10;5-11;5-12;5-13;6-7;6-8;6-9;6-10;6-13;7-9;7-10;7-12;8-9;8-10;8-11;8-13;9-10;9-11;9-12;9-13;10-11;10-12;10-13;11-12;11-13;12-13,"1,1,1,0,1,0,1,0,1,1,0,1,0,1,0,1,1,1,1,0,1,1,0,1,1,1,1,1,1,1,1,1,1,1,1,1,0,1,0,1,1,1,1,1,1,0,1,0,1,1,1,1,1,0,0,1,1,1,1,1,1,1,1,1,1,1,1,0,0,1,0,1,1,0,1,0,1,1,1,0,1,1,1,1,1,1,1,1,1,1,1"
524,14,71,9,0-3;0-4;0-5;0-6;0-7;0-8;0-10;0-11;0-12;0-13;1-2;1-3;1-4;1-6;1-7;1-8;1-9;1-10;1-11;2-4;2-5;2-6;2-7;2-8;2-9;2-10;2-11;3-4;3-6;3-7;3-9;3-10;3-11;3-12;3-13;4-5;4-6;4-7;4-8;4-9;4-10;4-11;4-12;4-13;5-6;5-7;5-9;5-10;5-12;6-7;6-8;6-9;6-10;6-11;6-12;6-13;7-8;7-9;7-10;7-11;7-12;7-13;8-10;8-12;9-10;9-12;10-11;10-12;10-13;11-13;12-13,"0,0,1,1,1,1,1,1,0,1,1,1,1,1,1,1,0,1,1,1,1,1,1,0,0,0,1,1,1,1,1,1,1,1,0,0,1,0,1,1,0,1,1,1,1,1,1,1,1,1,1,1,1,1,1,1,1,0,1,1,0,1,0,1,1,1,1,1,1,1,1,1,1,1,1,1,0,1,0,1,0,1,0,1,0,1,1,1,0,1,1"
525,14,71,9,0-1;0-3;0-4;0-7;0-8;0-9;0-10;0-12;0-13;1-2;1-3;1-8;1-9;1-10;1-11;1-12;1-13;2-3;2-5;2-9;2-10;2-11;2-12;2-13;3-4;3-5;3-6;3-7;3-8;3-9;3-10;3-11;3-12;3-13;4-5;4-9;4-10;4-11;4-12;4-13;5-6;5-7;5-8;5-9;5-11;5-12;5-13;6-7;6-8;6-9;6-11;6-12;6-13;7-8;7-9;7-10;7-12;7-13;8-9;8-11;8-12;8-13;9-10;9-11;9-12;9-13;10-12;10-13;11-12;11-13;12-13,"1,0,1,1,0,0,1,1,1,1,0,1,1,1,1,0,0,0,0,1,1,1,1,1,1,1,0,1,0,0,0,1,1,1,1,1,1,1,1,1,1,1,1,1,1,1,1,0,0,0,1,1,1,1,1,1,1,1,1,0,1,1,1,1,1,1,0,1,1,1,1,1,1,0,1,1,1,0,1,1,1,1,1,1,1,0,1,1,1,1,1"
526,14,71,9,0-3;0-5;0-8;0-9;0-10;0-11;0-12;0-13;1-4;1-5;1-7;1-8;1-10;1-11;1-12;1-13;2-5;2-6;2-7;2-8;2-9;2-10;2-11;2-12;2-13;3-6;3-7;3-9;3-10;3-11;3-12;3-13;4-6;4-8;4-9;4-10;4-11;4-12;4-13;5-7;5-8;5-9;5-10;5-11;5-12;5-13;6-8;6-9;6-10;6-11;6-12;6-13;7-10;7-11;7-12;7-13;8-9;8-10;8-11;8-12;8-13;9-10;9-11;9-12;9-13;10-11;10-12;10-13;11-12;11-13;12-13,"0,0,1,0,1,0,0,1,1,1,1,1,1,0,0,1,1,0,1,1,0,1,1,1,1,0,0,1,1,1,1,1,1,1,1,1,0,0,1,1,0,1,1,1,1,1,0,1,0,1,1,1,1,1,1,0,1,1,1,1,1,1,1,0,1,1,1,1,1,1,0,0,1,1,1,1,1,1,1,1,1,1,1,1,1,1,1,1,1,1,1"
527,14,71,9,0-2;0-3;0-5;0-6;0-7;0-8;0-9;0-10;0-13;1-2;1-3;1-5;1-7;1-8;1-9;1-12;1-13;2-3;2-4;2-5;2-6;2-7;2-8;2-9;2-10;2-11;2-12;2-13;3-4;3-5;3-7;3-8;3-9;3-13;4-5;4-6;4-7;4-8;4-9;4-11;5-7;5-8;5-9;5-10;5-11;5-13;6-7;6-8;6-9;6-10;6-12;7-8;7-9;7-10;7-11;7-12;7-13;8-9;8-10;8-11;8-12;8-13;9-10;9-11;9-12;9-13;10-11;10-12;10-13;11-13;12-13,"0,1,1,0,1,1,1,1,1,1,0,0,1,1,1,0,1,0,1,1,1,0,0,1,1,1,1,1,1,1,1,1,1,1,1,1,1,1,0,1,1,1,0,0,0,1,1,1,1,1,1,0,1,0,0,0,1,1,1,1,1,0,1,1,1,1,1,0,1,0,1,1,1,1,1,1,1,1,1,1,1,1,1,1,1,1,1,1,0,1,1"
528,14,71,9,0-1;0-2;0-3;0-4;0-5;0-6;0-7;0-8;0-9;0-10;0-11;0-12;0-13;1-2;1-3;1-4;1-6;1-7;1-8;1-10;1-12;1-13;2-3;2-4;2-6;2-8;2-11;2-13;3-4;3-6;3-7;3-9;3-10;3-11;3-12;3-13;4-5;4-6;4-7;4-8;4-9;4-10;4-11;4-12;4-13;5-6;5-8;5-9;5-10;5-12;5-13;6-7;6-8;6-9;6-10;6-11;6-12;6-13;7-8;7-9;7-12;7-13;8-13;9-11;9-12;9-13;10-12;10-13;11-12;11-13;12-13,"1,1,1,1,1,1,1,1,1,1,1,1,1,1,1,1,0,1,1,1,0,1,0,1,1,1,1,0,1,0,1,0,0,1,0,1,1,0,1,1,0,1,1,1,1,1,1,1,1,1,1,1,1,1,1,1,0,1,1,1,0,1,1,1,1,1,1,1,1,1,1,1,0,0,1,1,0,0,0,0,1,0,1,1,1,0,1,1,1,1,1"
529,14,71,9,0-1;0-2;0-3;0-5;0-7;0-11;0-12;0-13;1-3;1-4;1-5;1-6;1-7;1-9;1-11;1-12;2-3;2-4;2-5;2-6;2-7;2-8;2-11;3-4;3-5;3-6;3-7;3-8;3-9;3-10;3-11;3-12;3-13;4-5;4-6;4-7;4-9;4-10;4-11;5-6;5-7;5-8;5-9;5-10;5-11;5-12;5-13;6-7;6-8;6-9;6-10;6-11;6-12;7-8;7-9;7-10;7-11;7-12;7-13;8-9;8-11;8-12;9-10;9-11;9-12;9-13;10-11;10-13;11-12;11-13;12-13,"1,1,1,0,1,0,1,0,0,0,1,1,1,0,1,1,1,1,1,0,1,0,1,1,0,1,1,1,1,1,1,0,0,1,0,0,1,1,1,1,1,1,1,1,1,1,1,1,1,0,1,1,1,0,0,1,1,1,1,1,1,1,1,1,1,1,1,1,1,0,1,1,1,1,1,1,1,0,1,1,0,1,1,1,1,1,0,1,1,1,1"
530,14,71,9,0-1;0-2;0-3;0-4;0-5;0-7;0-8;0-9;0-11;0-12;0-13;1-2;1-3;1-4;1-5;1-6;1-7;1-8;1-9;1-10;1-11;1-12;1-13;2-3;2-5;2-6;2-7;2-8;2-9;2-11;3-4;3-5;3-7;3-8;3-9;3-10;3-11;3-12;4-5;4-7;4-8;4-10;4-11;5-7;5-8;5-11;5-13;6-7;6-8;6-9;6-10;6-11;6-13;7-8;7-9;7-10;7-11;7-12;7-13;8-9;8-10;8-11;8-12;8-13;9-10;9-11;9-12;10-11;11-12;11-13;12-13,"1,1,1,1,1,0,1,1,1,0,1,1,1,1,1,1,1,1,1,1,1,1,1,1,1,1,0,1,1,1,1,1,0,1,0,0,1,1,0,1,1,1,1,1,1,0,1,0,1,1,0,1,1,0,0,0,1,1,0,0,1,0,1,1,1,1,1,1,0,1,1,1,1,1,1,1,1,1,1,1,1,1,1,1,0,1,0,0,1,1,1"
531,14,71,9,0-1;0-3;0-4;0-6;0-7;0-10;0-11;0-12;1-2;1-3;1-4;1-6;1-7;1-8;1-9;1-12;2-3;2-4;2-5;2-6;2-7;2-9;2-12;3-4;3-5;3-6;3-7;3-8;3-9;3-10;3-11;3-12;3-13;4-5;4-6;4-7;4-8;4-9;4-10;4-11;4-12;4-13;5-6;5-7;5-9;5-11;5-13;6-7;6-8;6-9;6-10;6-11;6-12;6-13;7-8;7-9;7-10;7-11;7-12;7-13;8-9;8-11;8-12;8-13;9-10;9-12;9-13;10-12;10-13;11-13;12-13,"1,0,1,1,0,1,1,0,0,1,1,1,0,1,1,1,0,1,1,1,1,0,0,1,0,1,1,1,1,1,0,1,0,0,1,0,1,1,1,1,1,1,1,1,1,1,1,1,1,1,1,1,1,1,1,1,1,0,1,0,1,0,1,1,1,1,1,1,1,1,1,1,1,1,1,1,1,0,1,1,1,1,0,1,1,0,1,1,0,1,1"
532,14,71,9,0-1;0-4;0-7;0-8;0-9;0-10;0-12;0-13;1-2;1-3;1-4;1-5;1-6;1-7;1-8;1-9;1-10;1-11;1-12;1-13;2-3;2-4;2-7;2-9;2-10;2-11;2-13;3-4;3-6;3-7;3-8;3-10;3-12;3-13;4-7;4-8;4-10;4-11;4-12;4-13;5-6;5-7;5-8;5-10;5-11;5-12;5-13;6-7;6-8;6-9;6-10;6-12;6-13;7-8;7-9;7-10;7-11;7-12;7-13;8-9;8-10;8-12;8-13;9-10;9-13;10-11;10-12;10-13;11-12;11-13;12-13,"1,0,0,1,0,0,1,1,1,1,0,1,1,1,1,1,1,1,1,1,1,1,1,1,1,1,1,0,0,1,0,1,1,1,0,1,1,0,1,1,1,0,1,0,1,1,0,0,1,1,0,1,1,1,1,1,1,1,0,1,1,1,1,1,1,1,1,0,1,1,1,1,1,1,1,1,1,1,0,1,1,1,0,0,1,1,1,1,1,1,1"
533,14,71,9,0-1;0-2;0-3;0-4;0-5;0-6;0-7;0-8;0-9;0-10;0-11;0-12;0-13;1-2;1-5;1-7;1-8;1-9;1-11;1-12;2-3;2-4;2-5;2-6;2-7;2-8;2-9;2-10;2-11;2-12;2-13;3-4;3-5;3-6;3-7;3-8;3-10;3-11;3-12;3-13;4-5;4-7;4-9;4-10;4-11;4-12;5-6;5-7;5-8;5-9;5-10;5-11;5-12;5-13;6-7;6-9;6-10;6-13;7-8;7-9;7-10;7-11;7-12;7-13;8-10;8-12;9-10;10-12;11-12;11-13;12-13,"1,1,1,1,1,1,1,1,1,1,1,1,1,1,0,0,1,0,1,1,1,0,1,1,0,1,1,1,1,1,1,1,1,1,1,1,1,1,1,1,1,0,1,1,1,1,1,0,1,0,1,1,1,1,0,1,1,1,1,1,1,1,1,1,0,1,1,0,0,1,1,1,1,1,1,1,0,1,0,1,0,1,0,0,0,0,1,0,1,1,1"
534,14,71,9,0-1;0-4;0-5;0-7;0-8;0-11;0-12;0-13;1-2;1-3;1-4;1-5;1-6;1-7;1-8;1-9;1-10;1-11;1-12;1-13;2-4;2-6;2-7;2-10;2-11;2-12;2-13;3-4;3-5;3-6;3-7;3-9;3-11;3-12;3-13;4-5;4-6;4-7;4-11;4-12;4-13;5-7;5-8;5-9;5-10;5-11;5-12;5-13;6-7;6-8;6-11;6-13;7-8;7-9;7-10;7-11;7-12;7-13;8-9;8-11;8-13;9-10;9-11;9-12;9-13;10-11;10-12;10-13;11-12;11-13;12-13,"1,0,0,1,1,0,1,1,0,0,1,1,1,1,1,1,1,1,1,1,1,1,1,1,1,0,1,0,1,1,0,0,1,1,1,1,1,1,1,1,0,1,0,1,1,1,1,1,1,0,0,0,1,1,1,0,1,1,1,1,1,1,1,1,1,0,0,1,0,1,1,1,1,1,1,1,1,0,1,0,1,1,1,1,1,1,1,1,1,1,1"
535,14,71,9,0-1;0-2;0-3;0-4;0-5;0-6;0-7;0-8;0-9;0-10;0-11;0-12;0-13;1-2;1-3;1-4;1-5;1-7;1-8;1-9;1-11;1-12;2-3;2-4;2-5;2-6;2-7;2-8;2-9;2-10;2-11;2-12;2-13;3-5;3-9;3-11;3-12;3-13;4-5;4-6;4-8;4-9;4-11;4-12;5-6;5-7;5-8;5-9;5-10;5-11;5-12;5-13;6-9;6-10;6-11;6-12;6-13;7-8;7-10;7-11;7-12;8-12;8-13;9-10;9-11;9-12;9-13;10-11;10-12;11-12;12-13,"1,1,1,1,1,1,1,1,1,1,1,1,1,1,1,1,1,0,1,1,1,0,1,1,0,1,1,1,1,1,1,1,1,1,1,1,0,1,0,0,0,1,0,1,1,1,1,1,0,1,1,0,1,1,0,1,1,1,1,1,1,1,1,0,0,1,1,1,1,1,1,0,1,1,1,0,0,0,0,1,1,1,1,1,1,1,1,0,1,0,1"
536,14,71,9,0-1;0-2;0-3;0-4;0-5;0-6;0-7;0-9;0-11;0-13;1-2;1-3;1-4;1-5;1-6;1-7;1-8;1-10;1-11;1-13;2-3;2-4;2-5;2-7;2-8;2-10;2-11;2-12;2-13;3-4;3-7;3-11;3-12;3-13;4-5;4-6;4-7;4-8;4-9;4-10;4-11;4-12;4-13;5-7;5-8;5-9;5-11;5-13;6-7;6-9;6-10;6-11;6-13;7-8;7-9;7-10;7-11;7-12;7-13;8-10;8-11;8-12;8-13;9-11;9-12;9-13;10-11;10-13;11-12;11-13;12-13,"1,1,1,1,1,1,1,0,1,0,1,0,1,1,1,1,1,1,1,1,0,1,1,0,1,1,1,1,0,1,1,0,1,1,1,1,1,0,0,1,0,0,0,1,1,1,1,1,1,1,1,1,1,1,1,0,1,1,1,0,1,0,1,1,0,1,1,1,0,1,1,1,1,1,1,1,0,1,1,1,1,0,1,1,1,1,0,1,1,1,1"
537,14,71,9,0-1;0-2;0-3;0-4;0-5;0-6;0-7;0-8;0-9;0-10;0-11;0-12;0-13;1-5;1-6;1-7;1-8;1-9;1-11;1-12;1-13;2-3;2-4;2-7;2-8;2-11;2-12;2-13;3-4;3-5;3-6;3-7;3-8;3-13;4-6;4-7;4-8;4-9;4-10;4-12;4-13;5-7;5-8;5-9;5-10;5-13;6-7;6-8;6-9;6-12;6-13;7-8;7-9;7-10;7-11;7-12;7-13;8-9;8-10;8-11;8-12;8-13;9-10;9-11;9-12;9-13;10-12;10-13;11-12;11-13;12-13,"1,1,1,1,1,1,1,1,1,1,1,1,1,0,0,0,1,1,1,1,1,0,1,1,1,1,1,0,0,1,1,0,0,1,1,1,1,1,1,1,1,0,0,0,0,1,0,1,1,1,1,1,0,1,1,0,1,1,1,1,0,0,1,1,1,1,0,0,1,1,1,1,1,1,1,1,1,1,1,1,1,1,1,1,1,0,1,1,1,1,1"
538,14,71,9,0-1;0-2;0-3;0-4;0-5;0-6;0-7;0-8;0-9;0-10;0-11;0-12;0-13;1-2;1-3;1-4;1-5;1-6;1-7;1-8;1-9;1-10;1-11;1-12;1-13;2-4;2-5;2-6;2-8;2-9;2-12;3-5;3-6;3-7;3-8;3-9;3-10;3-11;3-12;3-13;4-5;4-9;4-10;4-12;4-13;5-8;5-9;5-10;5-11;5-12;6-7;6-8;6-9;6-12;7-8;7-9;7-10;7-12;7-13;8-9;8-10;8-11;8-12;9-10;9-11;9-12;9-13;10-12;11-12;11-13;12-13,"1,1,1,1,1,1,1,1,1,1,1,1,1,1,1,1,1,1,1,1,1,1,1,1,1,0,1,1,1,0,1,1,0,0,1,0,0,1,1,1,1,1,1,1,1,1,1,0,0,0,1,1,0,1,1,0,0,1,1,1,1,1,0,1,1,1,0,0,1,0,1,1,1,0,1,1,1,1,1,1,0,1,1,1,1,0,1,0,1,1,1"
539,14,71,9,0-1;0-2;0-3;0-4;0-5;0-6;0-7;0-8;0-9;0-10;0-11;0-12;0-13;1-2;1-4;1-5;1-9;1-10;1-11;1-12;1-13;2-3;2-4;2-5;2-6;2-7;2-8;2-9;2-10;2-11;2-12;2-13;3-4;3-5;3-8;3-10;3-12;3-13;4-5;4-7;4-9;4-10;4-12;4-13;5-6;5-7;5-8;5-9;5-10;5-11;5-12;5-13;6-7;6-10;6-11;6-12;6-13;7-9;7-10;7-13;8-9;8-10;8-11;8-12;9-10;10-11;10-12;10-13;11-12;11-13;12-13,"1,1,1,1,1,1,1,1,1,1,1,1,1,1,0,1,1,0,0,0,1,1,1,1,1,1,1,1,1,1,1,1,1,1,1,1,1,1,0,0,1,0,1,0,1,1,1,0,1,0,1,1,0,1,1,1,1,1,1,1,1,1,1,1,0,0,1,1,1,1,0,1,1,0,0,1,1,1,1,1,0,1,0,0,0,1,1,1,1,1,1"
540,14,71,9,0-1;0-2;0-3;0-4;0-5;0-6;0-7;0-8;0-9;0-10;0-11;0-12;0-13;1-2;1-3;1-4;1-5;1-6;1-7;1-8;1-9;1-10;1-11;1-12;1-13;2-3;2-4;2-5;2-6;2-7;2-8;2-9;2-10;2-11;2-12;2-13;3-4;3-6;3-7;3-8;3-10;3-13;4-5;4-6;4-8;4-10;4-11;4-12;4-13;5-6;5-9;5-10;5-11;5-12;5-13;6-7;6-8;6-9;6-10;6-11;6-12;6-13;7-9;7-10;7-12;8-10;8-11;9-11;9-13;10-12;10-13,"1,1,1,1,1,1,1,1,1,1,1,1,1,1,1,1,1,1,1,1,1,1,1,1,1,1,1,1,1,1,1,1,1,1,1,1,1,0,1,1,1,0,1,0,0,1,1,1,0,1,0,1,1,1,1,1,0,0,1,1,1,1,1,1,1,1,1,1,1,1,0,1,1,0,1,0,0,1,1,0,0,0,1,0,1,0,1,1,0,0,0"
541,14,71,9,0-1;0-4;0-5;0-6;0-7;0-10;0-11;0-12;1-3;1-4;1-5;1-6;1-7;1-8;1-10;1-11;1-12;1-13;2-3;2-4;2-5;2-6;2-7;2-9;2-11;2-12;3-4;3-5;3-6;3-11;3-12;3-13;4-5;4-6;4-7;4-8;4-9;4-10;4-11;4-12;4-13;5-6;5-7;5-8;5-9;5-10;5-11;5-12;5-13;6-7;6-8;6-11;6-12;6-13;7-8;7-11;7-12;8-9;8-11;8-12;8-13;9-10;9-11;9-12;9-13;10-11;10-12;10-13;11-12;11-13;12-13,"1,0,0,1,1,1,1,0,0,1,1,1,0,0,1,1,1,1,1,1,0,1,1,1,1,1,1,1,1,1,0,1,0,1,1,0,1,1,1,0,0,0,0,1,1,1,1,1,1,1,1,1,1,1,1,1,1,1,1,1,1,1,1,1,1,0,0,1,1,1,1,0,0,1,1,0,1,0,1,1,1,1,1,1,1,1,1,1,1,1,1"
542,14,71,9,0-1;0-3;0-4;0-5;0-8;0-9;0-10;0-11;1-2;1-3;1-4;1-5;1-6;1-7;1-8;1-9;1-10;1-11;1-12;1-13;2-3;2-4;2-5;2-6;2-11;2-12;2-13;3-4;3-5;3-7;3-11;3-13;4-5;4-6;4-7;4-8;4-9;4-10;4-11;4-12;4-13;5-6;5-7;5-8;5-9;5-10;5-11;5-12;5-13;6-7;6-8;6-9;6-10;6-11;6-12;6-13;7-8;7-10;7-11;7-13;8-9;8-10;8-11;8-12;8-13;9-11;9-13;10-11;10-12;11-12;11-13,"1,0,1,1,1,0,0,1,1,1,1,0,0,1,1,1,1,1,1,1,1,1,1,1,1,1,1,1,1,0,0,0,0,1,1,1,1,1,0,1,0,0,0,1,0,1,1,1,1,1,1,1,1,1,1,1,1,1,1,1,1,1,1,1,1,1,1,1,1,1,1,0,1,1,0,1,1,1,1,1,1,0,1,0,1,1,1,0,1,1,0"
543,14,71,9,0-2;0-4;0-5;0-6;0-7;0-9;0-10;0-11;0-12;1-5;1-6;1-7;1-9;1-10;1-11;1-12;1-13;2-4;2-6;2-7;2-8;2-9;2-11;2-12;2-13;3-4;3-6;3-7;3-8;3-9;3-10;3-11;3-12;4-6;4-7;4-8;4-9;4-10;4-11;4-12;4-13;5-7;5-8;5-9;5-10;5-11;5-12;6-7;6-9;6-10;6-11;6-12;6-13;7-8;7-9;7-10;7-11;7-12;7-13;8-9;8-11;8-12;9-10;9-11;9-12;9-13;10-11;10-12;11-12;11-13;12-13,"0,1,0,1,1,1,1,0,1,1,1,1,0,0,0,0,1,1,1,0,1,1,1,1,1,0,1,0,1,1,1,1,0,1,1,1,1,0,1,1,1,1,1,1,1,0,0,1,1,1,1,1,1,1,1,0,1,1,1,1,1,1,0,1,0,1,1,1,1,1,1,1,1,1,1,1,1,0,1,1,0,1,1,1,1,1,1,0,1,1,1"
544,14,71,9,0-3;0-4;0-5;0-7;0-8;0-10;0-11;0-12;1-2;1-5;1-6;1-7;1-8;1-10;1-11;1-12;2-4;2-5;2-6;2-7;2-8;2-9;2-10;2-11;2-12;2-13;3-6;3-7;3-8;3-9;3-10;3-11;3-13;4-7;4-8;4-10;4-11;4-12;4-13;5-7;5-8;5-9;5-10;5-11;5-12;6-7;6-8;6-10;6-11;6-13;7-8;7-9;7-10;7-11;7-12;7-13;8-9;8-10;8-11;8-12;8-13;9-10;9-11;9-12;9-13;10-11;10-12;10-13;11-12;11-13;12-13,"0,0,1,1,1,0,1,1,0,1,1,1,0,1,0,0,1,1,1,1,0,1,1,1,0,0,1,1,1,1,1,1,1,1,1,1,0,0,1,1,1,1,1,1,0,1,0,0,1,1,0,1,1,1,1,0,1,1,1,1,1,1,0,1,1,0,1,1,0,1,1,1,1,1,1,1,1,1,1,1,1,1,1,1,1,1,1,1,1,1,1"
545,14,71,9,0-1;0-3;0-5;0-6;0-7;0-9;0-10;0-11;0-13;1-2;1-3;1-4;1-5;1-6;1-7;1-8;1-9;1-10;1-11;1-12;1-13;2-3;2-4;2-6;2-7;2-8;2-9;2-10;2-12;2-13;3-4;3-5;3-6;3-7;3-8;3-9;3-10;3-11;3-12;3-13;4-5;4-6;4-7;4-8;4-10;5-6;5-7;5-9;5-10;6-7;6-9;6-10;6-12;6-13;7-8;7-9;7-10;7-11;7-12;7-13;8-10;8-11;8-13;9-10;9-11;9-12;9-13;10-11;10-12;10-13;11-12,"1,0,1,0,1,1,1,0,1,1,1,0,1,1,1,1,1,1,1,1,1,1,1,1,1,1,1,0,1,1,1,1,1,0,1,1,1,1,1,1,1,1,1,1,1,1,1,1,1,1,0,1,0,0,0,1,1,0,1,1,0,0,0,1,0,1,1,0,1,1,1,1,1,1,1,1,0,1,1,0,1,1,1,1,1,1,1,1,1,0,0"
546,14,71,9,0-1;0-3;0-4;0-5;0-8;0-9;0-10;0-11;0-12;0-13;1-2;1-3;1-4;1-5;1-6;1-7;1-8;1-9;1-10;1-11;1-12;1-13;2-4;2-5;2-6;2-8;2-11;2-12;2-13;3-4;3-5;3-7;3-9;3-11;3-12;4-5;4-6;4-7;4-8;4-9;4-10;4-11;4-12;4-13;5-10;5-11;5-12;6-7;6-9;6-10;6-11;6-12;6-13;7-9;7-11;7-12;7-13;8-9;8-11;8-12;8-13;9-10;9-11;9-12;9-13;10-11;10-12;10-13;11-12;11-13;12-13,"1,0,1,1,1,0,0,1,1,1,1,1,1,1,1,1,1,1,1,1,1,1,1,1,1,0,1,1,1,0,1,0,0,1,1,1,1,1,0,1,0,1,0,1,1,0,1,1,1,1,1,1,1,1,1,0,0,0,0,1,1,1,0,1,0,1,1,1,1,1,0,1,0,1,1,1,1,0,1,1,1,1,1,1,1,1,1,1,1,1,1"
547,14,71,9,0-3;0-5;0-6;0-7;0-9;0-10;0-11;0-12;0-13;1-4;1-5;1-7;1-8;1-10;1-11;1-12;1-13;2-5;2-7;2-8;2-9;2-10;2-11;2-12;2-13;3-6;3-7;3-8;3-9;3-10;3-11;3-12;3-13;4-6;4-8;4-9;4-10;4-11;4-12;4-13;5-7;5-10;5-11;5-12;5-13;6-8;6-9;6-10;6-11;6-12;6-13;7-9;7-10;7-11;7-12;7-13;8-9;8-10;8-11;8-12;8-13;9-10;9-11;9-12;9-13;10-11;10-12;10-13;11-12;11-13;12-13,"0,0,1,0,1,1,1,0,1,1,1,1,1,0,0,1,1,0,1,1,0,1,1,1,1,0,0,1,0,1,1,1,1,1,1,1,0,0,1,1,1,1,1,1,1,1,0,1,0,1,1,1,1,1,1,0,1,0,0,1,1,1,1,0,1,1,1,1,1,1,0,1,1,1,1,1,1,1,1,1,1,1,1,1,1,1,1,1,1,1,1"
548,14,71,9,0-1;0-2;0-3;0-4;0-5;0-6;0-7;0-8;0-9;0-10;0-11;0-12;0-13;1-2;1-4;1-5;1-6;1-9;1-11;1-12;1-13;2-3;2-4;2-5;2-6;2-8;2-9;2-10;2-11;2-12;3-4;3-6;3-7;3-8;3-9;3-10;3-11;3-12;4-5;4-6;4-9;4-11;4-12;5-7;5-9;5-10;5-11;5-12;5-13;6-8;6-9;6-11;6-12;7-8;7-9;7-11;7-12;7-13;8-9;8-11;8-12;9-10;9-11;9-12;9-13;10-11;10-12;10-13;11-12;11-13;12-13,"1,1,1,1,1,1,1,1,1,1,1,1,1,1,0,1,1,1,0,0,1,0,1,1,1,1,1,1,1,0,1,1,1,1,1,0,1,0,1,1,1,1,1,1,1,0,1,1,0,0,1,0,1,1,0,0,1,0,1,1,1,1,1,0,1,1,0,1,1,0,1,1,0,1,1,1,1,0,1,1,0,1,1,1,1,1,1,1,1,1,1"
549,14,71,9,0-1;0-2;0-5;0-6;0-7;0-8;0-10;0-13;1-2;1-3;1-5;1-7;1-10;1-11;1-13;2-3;2-4;2-5;2-6;2-7;2-8;2-9;2-10;2-11;2-12;2-13;3-4;3-7;3-9;3-10;3-11;3-13;4-6;4-7;4-8;4-10;4-11;4-12;4-13;5-6;5-7;5-8;5-9;5-10;5-12;5-13;6-7;6-8;6-10;6-12;6-13;7-8;7-9;7-10;7-11;7-12;7-13;8-9;8-10;8-11;8-12;8-13;9-10;9-11;9-13;10-11;10-12;10-13;11-12;11-13;12-13,"1,1,0,0,1,1,1,1,0,1,0,0,1,1,1,0,1,0,1,0,0,1,1,0,1,1,1,1,1,1,1,1,1,1,1,1,1,0,0,1,0,1,1,1,0,1,0,1,1,1,0,1,1,1,1,1,1,1,1,1,0,1,1,1,1,0,1,0,1,1,1,1,1,1,1,1,1,1,1,1,1,1,1,0,1,1,1,1,1,1,1"
550,14,71,9,0-1;0-2;0-3;0-4;0-5;0-6;0-7;0-8;0-9;0-10;0-11;0-12;0-13;1-3;1-4;1-7;1-8;1-10;1-12;1-13;2-3;2-4;2-5;2-8;2-9;2-11;2-13;3-4;3-5;3-6;3-7;3-8;3-9;3-10;3-11;3-12;3-13;4-5;4-8;4-12;4-13;5-6;5-7;5-8;5-9;5-11;5-13;6-8;6-9;6-10;6-11;6-12;6-13;7-8;7-9;7-12;7-13;8-9;8-10;8-11;8-12;8-13;9-10;9-11;9-12;9-13;10-11;10-12;10-13;11-13;12-13,"1,1,1,1,1,1,1,1,1,1,1,1,1,0,1,1,0,0,1,1,0,1,0,1,1,1,1,1,0,0,1,1,0,1,0,1,1,1,1,1,1,1,1,1,1,1,1,0,0,1,0,0,0,1,1,1,1,1,1,0,1,0,1,0,1,1,1,1,1,1,1,1,0,0,1,1,1,1,1,1,1,1,1,1,1,1,1,1,0,1,1"
551,14,71,9,0-1;0-2;0-3;0-5;0-8;0-9;0-10;0-11;1-2;1-4;1-8;1-9;1-10;1-11;1-12;1-13;2-3;2-4;2-5;2-6;2-7;2-8;2-9;2-10;2-11;2-12;2-13;3-6;3-8;3-9;3-10;3-11;3-13;4-6;4-7;4-8;4-9;4-10;4-12;4-13;5-6;5-7;5-8;5-9;5-10;5-11;6-7;6-8;6-9;6-10;6-12;6-13;7-8;7-9;7-10;7-13;8-9;8-10;8-11;8-12;8-13;9-10;9-11;9-12;9-13;10-11;10-12;10-13;11-12;11-13;12-13,"1,1,1,0,1,0,0,1,1,1,1,0,0,1,0,1,0,0,0,1,1,1,1,1,1,1,1,1,1,1,1,1,1,1,1,1,0,0,1,0,1,1,1,1,0,1,0,1,1,1,1,1,0,1,1,1,1,1,1,1,1,0,0,1,1,1,1,0,1,1,1,1,1,0,0,1,1,1,1,1,1,1,1,1,1,1,1,1,1,1,1"
552,14,71,9,0-1;0-2;0-3;0-4;0-5;0-6;0-7;0-10;1-2;1-3;1-4;1-5;1-6;1-7;1-8;1-9;1-10;1-11;1-12;1-13;2-4;2-6;2-7;2-9;2-10;2-13;3-4;3-5;3-6;3-7;3-8;3-10;3-11;3-12;3-13;4-5;4-6;4-7;4-8;4-9;4-10;4-11;4-12;4-13;5-6;5-7;5-8;5-9;5-11;5-12;6-7;6-8;6-9;6-10;6-11;6-12;6-13;7-8;7-9;7-10;7-11;7-12;7-13;8-10;8-12;8-13;9-10;9-11;10-13;11-12;12-13,"1,1,1,1,1,1,1,0,0,1,0,0,0,1,1,1,1,1,1,1,1,1,1,1,1,0,1,0,1,1,0,1,1,0,0,1,1,1,1,1,1,0,1,1,1,1,1,1,1,1,1,1,1,1,1,1,1,1,1,0,1,1,0,1,1,1,1,1,1,1,1,1,1,1,1,1,0,1,0,1,1,1,1,0,0,0,0,1,1,0,1"
553,14,71,9,0-1;0-2;0-3;0-4;0-5;0-6;0-7;0-8;0-9;0-10;0-11;0-12;0-13;1-2;1-3;1-4;1-5;1-6;1-7;1-8;1-9;1-11;1-12;2-3;2-5;2-6;2-9;2-10;2-11;2-12;3-4;3-5;3-6;3-7;3-8;3-9;3-10;3-11;3-12;3-13;4-5;4-6;4-7;4-12;4-13;5-6;5-7;5-8;5-9;5-10;5-11;5-12;5-13;6-7;6-9;6-12;7-8;7-9;7-12;7-13;8-10;8-11;8-12;9-11;9-12;10-11;10-12;10-13;11-12;11-13;12-13,"1,1,1,1,1,1,1,1,1,1,1,1,1,1,1,1,1,1,1,1,1,0,1,1,0,1,0,1,1,0,0,1,1,1,1,0,1,1,1,1,1,1,1,1,1,1,1,1,1,0,0,0,0,1,1,1,1,1,1,1,1,1,1,1,0,1,0,0,1,0,1,1,0,0,1,1,0,1,1,1,0,0,1,1,0,1,1,1,1,1,1"
554,14,71,9,0-1;0-2;0-4;0-7;0-8;0-10;0-11;0-13;1-3;1-4;1-5;1-7;1-8;1-9;1-10;1-11;1-12;2-4;2-5;2-6;2-7;2-8;2-9;2-11;2-12;2-13;3-4;3-5;3-6;3-7;3-8;3-9;3-10;3-11;4-5;4-6;4-7;4-8;4-9;4-10;4-11;4-12;4-13;5-6;5-7;5-8;5-9;5-11;5-12;5-13;6-7;6-8;6-9;6-11;6-13;7-8;7-9;7-10;7-11;7-12;7-13;8-9;8-10;8-11;8-12;8-13;9-11;10-11;10-12;11-12;11-13,"1,1,0,1,0,0,1,1,0,1,1,0,1,0,1,1,1,0,1,1,1,1,1,1,0,0,1,1,1,1,1,1,0,1,1,1,1,1,1,1,1,1,1,1,0,0,1,1,1,1,1,1,1,1,1,1,1,1,1,0,1,1,1,1,1,1,0,1,0,1,1,1,1,1,1,1,1,1,1,1,1,0,1,0,0,1,1,0,1,1,0"
555,14,71,9,0-1;0-2;0-6;0-7;0-8;0-9;0-10;0-11;0-12;0-13;1-3;1-4;1-6;1-7;1-8;1-9;1-10;1-11;1-12;1-13;2-4;2-5;2-6;2-7;2-8;2-11;2-13;3-4;3-5;3-6;3-7;3-8;3-10;3-11;3-12;4-5;4-6;4-7;4-8;4-9;4-11;4-12;5-6;5-7;5-8;5-9;5-11;6-7;6-8;6-9;6-10;6-11;6-12;6-13;7-8;7-9;7-10;7-11;7-12;7-13;8-9;8-10;8-11;8-12;8-13;9-11;10-11;10-12;10-13;11-12;11-13,"1,1,0,0,0,1,1,1,1,1,1,1,1,0,1,1,0,1,1,1,1,1,1,1,1,0,1,1,1,1,1,0,0,1,0,1,1,1,1,1,1,0,1,1,1,0,1,1,1,1,1,0,1,1,0,1,1,1,1,0,1,0,0,1,1,1,1,1,1,1,1,1,1,1,1,1,1,1,1,1,1,0,1,0,0,1,1,1,1,1,0"
556,14,71,9,0-1;0-2;0-3;0-4;0-5;0-6;0-7;0-8;0-9;0-10;0-11;0-12;0-13;1-2;1-3;1-4;1-5;1-6;1-7;1-8;1-9;1-10;1-11;1-12;1-13;2-3;2-4;2-5;2-8;2-10;2-13;3-8;3-9;3-10;3-12;3-13;4-5;4-6;4-7;4-8;4-9;4-10;4-11;4-13;5-6;5-7;5-8;5-10;5-13;6-7;6-8;6-9;6-10;6-13;7-8;7-9;7-10;7-12;8-9;8-10;8-11;8-12;8-13;9-10;9-11;9-12;10-11;10-12;10-13;11-12;11-13,"1,1,1,1,1,1,1,1,1,1,1,1,1,1,1,1,1,1,1,1,1,1,1,1,1,1,1,1,0,0,1,0,1,0,0,1,0,0,0,0,1,1,1,0,1,1,1,1,1,1,1,1,1,0,1,1,1,1,0,1,0,0,1,1,1,1,1,0,0,1,1,1,1,0,1,0,1,1,1,1,1,1,1,1,0,1,1,1,1,1,0"
557,14,71,9,0-1;0-3;0-4;0-5;0-7;0-8;0-9;0-13;1-2;1-4;1-5;1-6;1-7;1-8;1-9;1-11;1-12;1-13;2-3;2-4;2-5;2-6;2-7;2-8;2-10;2-11;2-12;3-4;3-5;3-7;3-8;3-10;3-13;4-5;4-6;4-7;4-8;4-9;4-10;4-11;4-12;4-13;5-6;5-7;5-8;5-9;5-10;5-11;5-12;5-13;6-7;6-8;6-9;6-10;6-12;7-8;7-9;7-10;7-11;7-12;7-13;8-9;8-10;8-11;8-12;8-13;9-12;9-13;10-11;11-13;12-13,"1,0,1,1,1,0,1,1,1,0,0,0,1,1,0,1,1,1,1,1,1,0,1,1,1,1,1,1,1,1,1,0,1,1,1,0,1,1,0,1,1,0,1,0,0,1,1,1,1,1,1,1,1,1,1,1,1,1,1,1,1,1,1,1,1,1,1,0,1,0,1,1,1,1,1,1,1,1,1,1,1,0,0,1,1,1,0,0,0,1,1"
558,14,71,9,0-2;0-3;0-4;0-5;0-7;0-8;0-11;0-12;1-2;1-3;1-4;1-5;1-8;1-9;1-11;1-12;1-13;2-3;2-5;2-6;2-7;2-8;2-11;2-12;2-13;3-4;3-5;3-6;3-7;3-8;3-9;3-10;3-11;3-12;3-13;4-5;4-6;4-8;4-9;4-10;4-11;4-12;5-6;5-7;5-8;5-9;5-10;5-11;5-12;5-13;6-7;6-8;6-10;6-12;7-8;7-12;7-13;8-9;8-10;8-11;8-12;8-13;9-10;9-11;9-12;9-13;10-11;10-12;11-12;11-13;12-13,"0,1,1,1,1,0,1,1,0,0,1,1,0,1,1,1,1,0,0,1,1,0,1,1,1,1,0,1,1,1,1,0,0,1,1,1,1,1,1,1,1,1,1,1,1,1,1,1,0,1,1,1,1,1,0,1,1,1,1,1,1,1,1,1,1,0,1,0,1,0,1,0,0,0,1,1,1,1,1,1,1,1,1,1,1,1,1,0,1,1,1"
559,14,71,9,0-1;0-4;0-5;0-6;0-7;0-8;0-9;0-10;0-11;0-13;1-2;1-3;1-4;1-5;1-7;1-8;1-9;2-3;2-4;2-5;2-7;2-8;2-9;2-11;2-12;2-13;3-4;3-5;3-8;3-9;3-11;3-12;4-5;4-6;4-7;4-8;4-9;4-10;4-11;4-12;4-13;5-6;5-7;5-8;5-9;5-10;5-11;5-12;5-13;6-7;6-8;6-9;6-10;6-11;7-8;7-9;7-10;7-12;7-13;8-9;8-10;8-11;8-12;8-13;9-10;9-11;9-12;9-13;10-12;10-13;12-13,"1,0,0,1,1,1,1,1,1,1,1,0,1,1,1,1,1,0,1,1,1,0,0,0,0,1,1,1,0,1,1,1,0,1,1,1,1,1,0,0,1,1,0,1,1,0,1,1,1,1,1,1,1,1,1,1,1,1,1,1,1,1,1,1,1,1,1,1,0,0,1,1,1,0,1,1,1,1,1,1,1,1,1,1,1,0,1,1,0,0,1"
560,14,71,9,0-1;0-2;0-5;0-6;0-7;0-8;0-9;0-10;0-12;1-2;1-3;1-4;1-5;1-6;1-7;1-8;1-9;1-10;1-11;1-12;1-13;2-3;2-4;2-5;2-6;2-7;2-8;2-9;2-10;2-11;2-12;2-13;3-5;3-6;3-7;3-11;3-12;3-13;4-5;4-6;4-7;4-9;4-11;4-12;5-6;5-8;5-9;5-11;5-12;6-7;6-8;6-9;6-10;6-11;6-12;6-13;7-9;7-10;7-12;7-13;8-9;8-10;8-11;8-12;9-10;9-12;9-13;10-12;10-13;11-12;12-13,"1,1,0,0,1,1,1,1,1,1,0,1,0,1,1,1,1,1,1,1,1,1,1,1,1,1,1,1,1,1,1,1,1,1,1,1,0,1,1,1,0,0,0,1,1,1,1,1,1,0,1,0,1,1,0,1,0,1,1,0,1,1,0,1,1,1,1,1,1,1,0,1,1,0,1,1,1,1,1,1,0,1,0,1,1,0,1,1,1,0,1"
561,14,71,9,0-1;0-4;0-6;0-7;0-10;0-11;0-12;0-13;1-2;1-3;1-4;1-5;1-6;1-7;1-8;1-9;1-10;1-11;1-12;1-13;2-3;2-4;2-6;2-7;2-10;2-11;2-12;3-5;3-7;3-10;3-11;3-12;3-13;4-6;4-7;4-8;4-9;4-11;4-12;4-13;5-7;5-8;5-9;5-10;5-11;5-12;5-13;6-7;6-9;6-11;6-12;7-8;7-9;7-10;7-11;7-12;7-13;8-9;8-10;8-11;8-12;8-13;9-11;9-12;9-13;10-11;10-12;10-13;11-12;11-13;12-13,"1,0,0,1,0,1,1,0,0,1,1,1,1,1,1,1,1,1,1,1,1,1,1,1,1,1,1,0,1,1,0,0,1,1,1,0,0,1,0,1,0,0,1,1,1,1,0,1,1,1,1,0,1,1,1,0,1,1,1,1,1,1,1,1,0,1,0,1,1,0,1,1,1,1,1,1,1,1,1,1,1,0,1,1,1,1,1,1,1,1,1"
562,14,71,9,0-2;0-4;0-5;0-6;0-8;0-9;0-10;0-13;1-2;1-4;1-5;1-6;1-8;1-9;1-10;1-11;1-12;2-3;2-4;2-5;2-6;2-7;2-8;2-9;2-10;2-11;2-12;2-13;3-4;3-5;3-6;3-7;3-9;3-12;3-13;4-5;4-6;4-7;4-8;4-9;4-10;4-11;4-12;4-13;5-6;5-7;5-8;5-9;5-10;5-11;5-12;5-13;6-9;6-10;6-11;6-12;6-13;7-8;7-9;7-10;7-13;8-9;8-10;9-10;9-11;9-12;9-13;10-11;11-12;11-13;12-13,"0,1,0,1,1,1,0,1,1,1,0,0,1,1,0,1,1,1,0,1,1,1,1,1,0,1,1,1,1,1,1,1,1,1,1,1,1,1,1,1,0,1,0,0,1,1,1,1,1,1,1,1,1,1,1,1,1,1,1,1,1,1,1,0,0,1,1,1,1,1,1,1,1,0,0,1,1,1,0,0,0,1,1,1,1,1,0,0,1,1,1"
563,14,71,9,0-1;0-2;0-4;0-5;0-7;0-8;0-9;0-13;1-2;1-3;1-4;1-5;1-6;1-7;1-8;1-9;1-10;1-11;1-12;1-13;2-5;2-6;2-7;2-9;2-10;2-11;2-12;2-13;3-4;3-5;3-6;3-7;3-8;3-10;3-12;3-13;4-5;4-7;4-8;4-10;4-11;4-12;4-13;5-6;5-7;5-8;5-9;5-10;5-11;5-12;5-13;6-7;6-9;6-10;6-12;6-13;7-8;7-9;7-10;7-11;7-12;7-13;8-11;8-13;9-10;9-13;10-11;10-12;10-13;11-13;12-13,"1,1,0,1,1,0,1,1,1,0,0,0,1,1,1,1,1,1,1,1,1,1,1,1,1,0,0,1,1,1,0,1,1,1,1,1,1,1,1,1,1,0,1,0,1,1,1,0,1,1,0,1,1,1,1,1,1,1,1,1,1,1,1,1,0,1,1,0,1,1,1,1,1,1,1,1,0,0,1,0,1,1,0,0,1,1,1,1,0,1,1"
564,14,71,9,0-1;0-3;0-4;0-5;0-6;0-8;0-11;0-12;1-2;1-3;1-4;1-5;1-6;1-7;1-8;1-9;1-10;1-11;1-12;1-13;2-3;2-4;2-5;2-6;2-10;2-11;2-12;3-4;3-5;3-6;3-9;3-11;4-5;4-6;4-8;4-9;4-11;4-13;5-6;5-7;5-8;5-9;5-10;5-11;5-12;5-13;6-7;6-8;6-9;6-10;6-11;6-12;6-13;7-8;7-9;7-10;7-11;7-12;7-13;8-9;8-10;8-11;8-12;8-13;9-11;9-13;10-11;10-12;11-12;11-13;12-13,"1,0,1,1,1,1,0,1,0,0,1,1,0,1,1,1,1,1,1,1,1,1,1,1,1,1,1,1,1,0,0,0,1,1,1,0,1,1,1,0,0,1,0,1,0,0,1,1,0,1,1,0,1,0,1,1,1,1,1,1,1,1,1,1,1,1,1,1,1,1,1,1,1,1,1,1,1,1,1,1,1,0,1,0,1,1,1,0,1,1,1"
565,14,71,9,0-1;0-2;0-3;0-6;0-7;0-8;0-10;0-11;0-13;1-2;1-3;1-4;1-5;1-6;1-7;1-8;1-9;1-10;1-11;2-3;2-4;2-5;2-6;2-7;2-8;2-9;2-10;2-11;2-12;2-13;3-6;3-7;3-8;3-9;3-11;3-12;3-13;4-5;4-6;4-7;4-8;4-10;4-12;5-6;5-7;5-8;5-9;5-10;5-11;5-12;6-7;6-8;6-9;6-10;6-11;6-12;6-13;7-8;7-9;7-10;7-11;7-12;7-13;8-9;8-10;8-11;8-12;8-13;9-13;10-11;12-13,"1,1,1,0,0,1,1,1,0,1,1,0,1,1,1,1,1,1,1,1,1,1,1,0,0,1,1,1,1,1,1,1,1,1,1,1,0,0,1,1,1,1,0,1,1,1,1,1,1,1,0,1,0,1,0,1,1,1,1,1,1,1,0,1,1,1,1,1,1,1,1,1,1,1,1,1,1,1,1,1,1,0,0,0,1,1,0,0,0,0,1"
566,14,71,9,0-2;0-3;0-6;0-7;0-8;0-9;0-11;0-12;1-2;1-3;1-4;1-5;1-7;1-8;1-9;1-10;1-11;1-12;1-13;2-3;2-4;2-5;2-6;2-7;2-8;2-9;2-10;2-11;2-12;2-13;3-4;3-5;3-6;3-7;3-8;3-9;3-10;3-11;3-12;3-13;4-7;4-8;4-10;4-11;4-12;4-13;5-6;5-7;5-8;5-9;5-11;6-8;6-9;6-11;6-13;7-8;7-10;7-11;7-12;8-9;8-10;8-11;8-12;8-13;9-10;9-11;9-13;10-11;10-13;11-12;11-13,"0,1,1,0,0,1,1,1,1,0,1,1,0,1,1,1,1,0,1,1,1,1,1,1,1,1,1,1,1,1,1,1,1,1,1,1,1,1,1,1,1,1,1,1,1,1,0,0,1,1,0,1,1,1,1,1,1,1,1,0,1,0,0,0,1,1,0,1,0,1,1,0,1,1,1,0,1,1,1,1,1,1,1,0,1,1,0,1,1,1,0"
567,14,71,9,0-1;0-2;0-3;0-4;0-7;0-8;0-10;0-13;1-2;1-3;1-4;1-5;1-6;1-7;1-11;1-12;1-13;2-3;2-4;2-5;2-6;2-7;2-8;2-9;2-10;2-11;2-12;2-13;3-4;3-5;3-6;3-7;3-13;4-5;4-6;4-7;4-8;4-9;4-10;4-11;4-12;4-13;5-6;5-7;5-9;5-11;5-13;6-7;6-8;6-9;6-11;6-12;6-13;7-8;7-9;7-10;7-11;7-12;7-13;8-9;8-10;8-11;8-12;8-13;9-10;9-11;9-13;10-12;10-13;11-13;12-13,"1,1,1,1,0,0,1,1,0,1,0,0,1,1,1,1,1,1,1,0,0,0,1,1,1,1,1,1,1,1,1,1,1,1,1,1,1,1,1,1,0,0,0,0,0,1,1,1,1,1,1,1,1,1,1,1,1,0,1,0,1,0,1,1,1,1,0,1,1,1,1,1,1,1,1,1,1,1,1,1,1,1,1,0,1,0,1,1,0,1,1"
568,14,72,9,0-3;0-4;0-6;0-7;0-9;0-10;0-11;0-12;0-13;1-4;1-5;1-6;1-7;1-8;1-10;1-11;1-12;1-13;2-6;2-7;2-8;2-9;2-10;2-11;2-12;2-13;3-5;3-6;3-8;3-9;3-10;3-11;3-12;3-13;4-7;4-8;4-9;4-10;4-11;4-12;4-13;5-8;5-9;5-10;5-11;5-12;5-13;6-7;6-10;6-11;6-12;6-13;7-9;7-10;7-11;7-12;7-13;8-9;8-10;8-11;8-12;8-13;9-10;9-11;9-12;9-13;10-11;10-12;10-13;11-12;11-13;12-13,"0,0,1,1,0,1,1,0,1,1,1,1,1,0,0,1,1,1,1,1,0,1,1,1,1,0,0,0,1,1,1,1,1,1,1,1,0,1,1,0,1,1,1,1,1,1,0,0,1,1,1,1,1,1,1,0,0,1,1,1,1,1,1,1,0,0,1,1,1,1,0,1,1,1,1,1,1,1,1,1,1,1,1,1,1,1,1,1,1,1,1"
569,14,72,9,0-1;0-2;0-3;0-4;0-5;0-6;0-7;0-8;0-9;0-10;0-11;1-2;1-3;1-4;1-5;1-6;1-7;1-8;1-9;1-10;1-11;1-12;1-13;2-3;2-4;2-5;2-6;2-7;2-8;2-9;2-10;2-11;2-12;2-13;3-4;3-5;3-6;3-7;3-8;3-9;3-10;3-11;3-12;3-13;4-6;4-9;4-11;4-13;5-8;5-9;5-11;5-12;6-9;6-10;6-11;6-12;7-8;7-9;7-10;7-11;7-13;8-9;8-10;8-12;8-13;9-10;9-11;9-12;9-13;10-12;11-13;12-13,"1,1,1,1,1,1,1,1,1,1,1,0,0,1,1,1,1,1,1,1,1,1,1,1,1,1,1,1,1,1,1,1,1,1,1,1,1,1,1,1,1,1,1,1,1,1,0,1,0,0,1,0,1,0,1,0,0,1,1,0,1,1,0,0,0,1,1,1,1,0,1,1,1,1,0,1,1,1,0,1,1,1,1,1,1,0,1,0,0,1,1"
570,14,72,9,0-1;0-3;0-4;0-5;0-6;0-9;0-10;0-12;0-13;1-2;1-3;1-5;1-6;1-9;1-10;1-11;1-13;2-3;2-4;2-5;2-8;2-9;2-10;2-13;3-4;3-5;3-6;3-7;3-8;3-9;3-10;3-11;3-12;3-13;4-5;4-6;4-7;4-8;4-9;4-10;4-12;4-13;5-6;5-7;5-8;5-9;5-10;5-11;5-12;5-13;6-7;6-10;6-11;6-12;6-13;7-9;7-10;7-11;7-13;8-9;8-10;8-11;8-12;8-13;9-10;9-13;10-11;10-12;10-13;11-12;11-13;12-13,"1,0,1,1,1,1,0,0,1,1,0,1,1,1,1,0,1,1,0,0,1,1,1,0,1,1,1,1,0,0,1,1,1,0,0,1,1,1,1,1,1,1,1,1,1,1,1,1,1,1,1,1,0,1,1,1,1,1,1,1,1,1,1,1,0,0,1,1,1,1,0,1,1,1,0,1,1,1,1,1,1,1,0,0,1,1,1,1,1,1,1"
571,14,72,9,0-1;0-2;0-3;0-4;0-5;0-6;0-7;0-8;0-9;0-10;0-11;0-12;0-13;1-2;1-4;1-7;1-8;1-9;1-10;1-11;1-13;2-3;2-4;2-5;2-6;2-7;2-8;2-9;2-10;2-11;2-12;2-13;3-4;3-5;3-7;3-10;3-11;3-12;3-13;4-5;4-6;4-7;4-8;4-9;4-10;4-11;4-12;4-13;5-6;5-8;5-9;5-10;5-11;5-12;5-13;6-7;6-8;6-10;6-13;7-10;7-12;7-13;8-9;8-11;8-12;8-13;9-12;9-13;10-11;10-13;11-13;12-13,"1,1,1,1,1,1,1,1,1,1,1,1,1,1,0,1,0,0,1,1,1,1,1,0,1,1,1,1,1,1,1,1,1,1,1,1,1,1,0,1,0,0,1,1,1,1,1,1,1,1,1,1,1,1,1,1,0,1,1,1,1,1,1,1,1,0,1,0,0,1,0,0,1,0,1,1,1,0,1,1,1,0,0,1,1,1,0,1,0,1,1"
572,14,72,9,0-1;0-2;0-3;0-4;0-5;0-6;0-7;0-8;0-9;0-10;0-11;0-12;0-13;1-3;1-5;1-6;1-7;1-9;1-10;1-13;2-3;2-4;2-5;2-6;2-7;2-8;2-9;2-13;3-4;3-5;3-6;3-7;3-8;3-9;3-10;3-11;3-12;3-13;4-6;4-7;4-9;4-10;4-11;4-13;5-6;5-7;5-8;5-9;5-12;5-13;6-7;6-8;6-9;6-10;6-11;6-12;6-13;7-12;7-13;8-9;8-10;8-12;8-13;9-10;9-11;9-13;10-11;10-12;10-13;11-12;11-13;12-13,"1,1,1,1,1,1,1,1,1,1,1,1,1,0,1,0,1,1,1,0,1,1,0,0,1,1,1,1,1,1,1,1,0,0,0,1,1,1,1,1,1,1,1,1,1,1,0,1,1,0,1,1,1,0,1,1,1,1,1,0,0,1,1,1,1,1,1,1,1,1,0,0,0,0,1,1,1,1,0,1,1,1,1,0,1,1,1,1,1,1,1"
573,14,72,9,0-2;0-6;0-7;0-8;0-9;0-10;0-11;0-12;0-13;1-2;1-3;1-5;1-7;1-8;1-10;1-11;1-12;1-13;2-3;2-4;2-5;2-6;2-7;2-8;2-9;2-10;2-11;2-12;2-13;3-4;3-5;3-6;3-7;3-8;3-9;3-10;3-12;3-13;4-6;4-7;4-8;4-10;4-11;4-12;5-6;5-7;5-9;5-10;5-11;5-12;6-7;6-9;6-10;6-11;6-12;7-8;7-9;7-10;7-11;7-12;7-13;8-9;8-10;8-12;8-13;9-10;9-12;10-11;10-12;10-13;11-12;12-13,"0,1,0,0,0,1,1,1,1,1,1,1,1,1,1,0,1,0,1,1,0,1,1,1,1,1,1,1,1,1,1,1,1,1,1,1,1,1,1,1,1,1,1,0,1,1,0,1,1,1,0,1,1,1,0,1,1,0,1,1,1,1,0,1,0,1,1,1,1,0,1,1,1,1,1,1,1,1,0,1,1,1,0,1,0,1,1,1,1,0,1"
574,14,72,9,0-1;0-2;0-3;0-4;0-5;0-6;0-7;0-8;0-9;0-10;0-11;0-12;0-13;1-2;1-3;1-4;1-5;1-6;1-7;1-8;1-9;1-10;1-11;1-12;1-13;2-3;2-4;2-5;2-6;2-7;2-8;2-9;2-10;2-11;2-12;2-13;3-4;3-9;3-10;3-12;3-13;4-5;4-7;4-10;4-11;4-13;5-6;5-7;5-8;5-9;5-10;6-7;6-10;6-12;6-13;7-8;7-10;7-11;7-12;8-9;8-10;8-11;8-12;9-10;9-12;9-13;10-11;10-12;10-13;11-12;11-13;12-13,"1,1,1,1,1,1,1,1,1,1,1,1,1,1,1,1,1,1,1,1,1,1,1,1,1,1,1,1,1,1,1,1,1,1,1,1,1,0,0,0,0,1,1,0,1,1,1,0,1,0,0,1,1,0,1,1,1,1,1,1,0,0,0,1,0,0,1,0,1,1,1,0,1,1,1,0,1,1,1,1,0,1,0,1,1,1,1,1,1,1,1"
575,14,72,9,0-4;0-5;0-6;0-7;0-9;0-10;0-11;0-12;0-13;1-2;1-4;1-6;1-7;1-9;1-11;1-12;1-13;2-3;2-5;2-6;2-7;2-8;2-9;2-10;2-11;2-13;3-5;3-6;3-7;3-8;3-9;3-11;3-13;4-5;4-7;4-8;4-9;4-11;4-12;4-13;5-6;5-7;5-9;5-11;5-13;6-7;6-9;6-10;6-11;6-12;6-13;7-8;7-9;7-10;7-11;7-12;7-13;8-9;8-10;8-11;8-12;8-13;9-10;9-11;9-12;9-13;10-11;10-12;10-13;11-12;11-13;12-13,"0,0,0,1,1,1,1,0,1,1,1,1,1,1,0,1,0,1,1,0,1,0,1,1,1,1,0,1,1,1,1,1,1,1,0,1,0,1,1,1,1,1,0,1,0,1,1,0,1,1,1,0,1,1,1,1,1,0,1,0,1,0,1,1,0,1,1,1,1,1,1,1,1,1,1,1,1,1,1,1,1,1,1,1,1,1,1,1,1,1,1"
576,14,72,9,0-2;0-3;0-4;0-6;0-7;0-8;0-9;0-10;0-11;0-12;0-13;1-2;1-3;1-4;1-5;1-6;1-7;1-9;1-12;1-13;2-3;2-4;2-5;2-6;2-7;2-8;2-9;2-10;2-11;2-12;2-13;3-4;3-5;3-6;3-7;3-8;3-9;3-10;3-11;3-12;3-13;4-6;4-7;4-8;4-9;5-6;5-8;5-9;5-10;5-11;5-13;6-7;6-8;6-9;6-10;6-11;6-12;6-13;7-8;7-9;7-11;7-12;8-9;8-10;9-10;9-11;9-12;9-13;10-12;10-13;11-13;12-13,"0,1,1,1,0,1,1,1,1,1,1,1,1,1,1,1,1,1,1,0,1,0,0,1,1,1,1,1,1,1,1,1,1,1,1,1,1,1,1,1,1,1,1,1,1,1,0,1,1,1,1,0,0,0,0,1,0,1,1,1,1,0,1,1,1,1,1,1,1,1,1,1,0,1,1,0,1,1,0,0,0,1,1,1,1,0,1,1,0,1,1"
577,14,72,9,0-1;0-2;0-3;0-4;0-5;0-6;0-7;0-8;0-9;0-10;0-11;0-12;0-13;1-2;1-4;1-5;1-6;1-7;1-8;1-9;1-12;1-13;2-3;2-5;2-7;2-9;2-11;2-12;2-13;3-5;3-7;3-8;3-9;3-10;3-11;3-13;4-5;4-7;4-9;4-10;4-11;4-13;5-7;5-8;5-9;5-10;5-12;5-13;6-7;6-8;6-9;6-10;6-11;6-12;6-13;7-8;7-9;7-10;7-11;7-12;7-13;8-9;8-10;8-13;9-10;9-11;9-12;9-13;10-11;10-13;11-13;12-13,"1,1,1,1,1,1,1,1,1,1,1,1,1,1,0,1,1,1,1,1,1,0,0,1,1,1,0,1,0,1,0,1,0,1,1,1,0,1,0,1,1,1,1,1,0,1,1,0,1,0,1,1,1,0,1,0,1,1,1,1,0,1,1,1,1,1,1,1,1,1,1,1,1,1,1,1,1,1,0,0,1,1,1,1,1,1,0,1,0,1,1"
578,14,72,9,0-1;0-3;0-5;0-6;0-7;0-8;0-9;0-11;1-2;1-3;1-4;1-5;1-6;1-7;1-8;1-9;1-10;1-11;1-12;1-13;2-3;2-4;2-6;2-7;2-8;2-9;2-10;2-11;3-4;3-5;3-6;3-7;3-8;3-9;3-10;3-11;3-12;3-13;4-6;4-7;4-8;4-9;4-10;4-12;4-13;5-7;5-8;5-9;5-10;5-11;5-12;6-8;6-9;6-11;6-12;7-8;7-9;7-10;7-11;7-13;8-9;8-10;8-11;8-12;8-13;9-10;9-11;9-12;9-13;10-12;11-13;12-13,"1,0,1,0,1,1,1,1,1,0,1,0,0,1,1,1,1,1,1,1,1,1,1,1,1,1,1,0,1,1,1,1,1,1,0,0,1,1,1,1,1,1,1,1,1,1,0,1,1,1,1,1,0,1,1,0,1,1,1,1,1,1,0,0,1,1,0,1,1,0,1,1,1,1,0,1,1,1,1,1,1,1,1,1,1,0,1,0,0,1,1"
579,14,72,9,0-4;0-5;0-6;0-7;0-8;0-9;0-10;0-12;0-13;1-5;1-6;1-7;1-8;1-9;1-10;1-11;1-13;2-3;2-4;2-5;2-7;2-8;2-9;2-11;2-12;2-13;3-4;3-5;3-6;3-7;3-8;3-9;3-10;4-5;4-6;4-7;4-8;4-9;4-12;4-13;5-6;5-7;5-8;5-9;5-10;5-11;5-12;5-13;6-7;6-8;6-9;6-10;6-11;6-12;7-8;7-9;7-10;7-11;7-12;7-13;8-9;8-10;8-11;8-12;8-13;9-10;9-11;9-12;9-13;10-11;10-13;11-12,"0,0,0,1,1,1,1,1,1,1,0,1,1,0,0,0,1,1,1,1,1,1,1,0,1,1,1,1,0,1,1,1,0,1,1,1,1,1,1,1,1,1,1,0,0,0,1,1,1,1,1,0,0,1,1,1,1,1,1,1,1,1,1,1,1,1,1,1,1,0,1,1,1,1,1,1,1,1,1,1,1,1,1,1,1,1,0,1,1,0,0"
580,14,72,9,0-1;0-2;0-3;0-4;0-5;0-6;0-7;0-8;0-9;0-10;0-11;0-12;0-13;1-2;1-4;1-6;1-7;1-9;1-10;1-13;2-3;2-4;2-5;2-7;2-8;2-9;2-10;2-11;2-13;3-4;3-6;3-7;3-8;3-9;3-10;3-11;4-6;4-7;4-9;4-10;4-11;4-12;5-7;5-8;5-9;5-10;5-12;5-13;6-7;6-8;6-9;6-10;6-12;7-8;7-9;7-10;7-11;7-12;7-13;8-9;8-10;8-13;9-10;9-11;9-12;9-13;10-11;10-12;10-13;11-12;11-13;12-13,"1,1,1,1,1,1,1,1,1,1,1,1,1,1,0,1,0,1,1,0,1,1,0,0,1,1,1,1,0,1,1,1,1,1,0,1,1,0,1,1,1,1,1,1,0,0,0,1,1,0,1,1,1,1,0,0,1,1,1,1,0,1,1,1,1,1,1,0,1,0,1,1,1,1,1,1,1,1,0,0,1,1,1,1,1,1,1,1,1,1,1"
581,14,72,9,0-1;0-2;0-4;0-8;0-9;0-11;0-12;0-13;1-2;1-3;1-4;1-5;1-6;1-7;1-8;1-9;1-10;1-11;1-12;1-13;2-3;2-4;2-5;2-6;2-7;2-8;2-9;2-10;2-11;2-12;2-13;3-5;3-7;3-8;3-9;3-11;3-12;3-13;4-5;4-6;4-7;4-8;4-9;4-10;4-12;4-13;5-8;5-9;5-10;5-12;5-13;6-7;6-8;6-9;6-10;6-11;6-13;7-8;7-9;7-13;8-9;8-10;8-11;8-12;8-13;9-13;10-11;10-12;10-13;11-12;11-13;12-13,"1,1,0,1,0,0,0,1,1,0,1,1,1,1,1,1,1,1,1,1,1,1,1,1,1,1,1,1,1,1,1,1,1,1,1,1,0,1,0,1,1,1,0,1,1,1,1,1,1,1,1,1,0,1,1,0,0,1,1,1,0,1,1,1,1,1,1,1,0,1,1,1,0,0,0,1,1,1,1,1,1,0,0,0,1,1,1,1,1,1,1"
582,14,72,9,0-2;0-5;0-7;0-9;0-10;0-11;0-12;0-13;1-2;1-4;1-5;1-6;1-7;1-9;1-10;1-12;1-13;2-3;2-4;2-5;2-6;2-7;2-8;2-9;2-10;2-11;2-12;2-13;3-4;3-5;3-7;3-8;3-9;3-11;3-12;3-13;4-7;4-9;4-10;4-11;4-12;4-13;5-6;5-7;5-8;5-9;5-12;5-13;6-8;6-9;6-10;6-11;6-12;6-13;7-8;7-9;7-10;7-12;7-13;8-9;8-12;8-13;9-10;9-11;9-12;9-13;10-11;10-12;10-13;11-12;11-13;12-13,"0,1,0,0,1,0,1,0,1,1,1,1,1,1,0,1,1,1,1,0,1,1,0,1,1,1,1,1,1,1,1,1,1,1,1,1,1,1,0,1,1,1,0,1,1,1,0,0,1,0,1,1,1,1,1,1,1,1,1,0,0,1,1,0,1,1,1,1,1,1,1,1,1,0,1,1,1,0,0,1,1,1,1,1,1,1,1,1,1,1,1"
583,14,72,9,0-1;0-2;0-3;0-5;0-6;0-7;0-8;0-9;0-12;1-2;1-3;1-4;1-5;1-6;1-7;1-8;1-9;1-10;1-11;1-12;1-13;2-3;2-4;2-5;2-6;2-7;2-8;2-9;2-10;2-11;2-12;2-13;3-5;3-7;3-9;3-11;3-13;4-5;4-6;4-8;4-9;4-11;4-12;4-13;5-6;5-7;5-8;5-9;5-10;5-11;5-12;5-13;6-8;6-9;6-10;6-11;6-12;7-9;7-10;7-11;7-12;7-13;8-9;8-10;8-13;9-10;9-11;9-12;9-13;10-11;11-12;11-13,"1,1,1,0,1,1,1,1,1,0,0,1,0,1,1,1,1,1,1,1,1,1,1,1,1,1,1,1,1,1,1,1,1,1,1,1,0,1,0,1,0,1,0,1,0,1,1,1,0,1,1,0,1,1,1,1,1,1,1,1,1,1,1,0,1,1,1,1,1,0,0,1,1,1,1,1,1,1,0,0,1,1,1,1,1,1,0,0,1,1,0"
584,14,72,9,0-1;0-3;0-4;0-5;0-6;0-7;0-8;0-9;0-10;0-11;0-13;1-2;1-3;1-5;1-6;1-9;1-10;1-11;1-12;1-13;2-3;2-4;2-5;2-7;2-9;2-11;2-12;2-13;3-4;3-5;3-6;3-7;3-8;3-9;3-10;3-11;3-12;3-13;4-5;4-7;4-8;4-9;4-10;4-11;4-13;5-6;5-7;5-8;5-9;5-10;5-11;5-12;5-13;6-8;6-9;6-11;6-12;6-13;7-8;7-9;7-11;8-9;8-11;8-12;9-10;9-11;9-12;9-13;10-11;10-12;11-12;11-13,"1,0,1,1,1,1,1,1,1,1,1,0,1,1,1,0,1,1,0,0,1,1,1,1,1,1,1,1,0,1,0,1,0,1,1,1,1,1,1,1,1,1,1,1,1,1,1,0,1,1,1,1,1,0,1,1,1,1,1,1,1,1,1,0,1,1,0,1,1,1,1,1,0,1,0,0,1,0,1,1,0,1,1,1,1,1,1,0,1,1,0"
585,14,72,9,0-2;0-3;0-6;0-7;0-8;0-9;0-11;0-13;1-3;1-5;1-6;1-7;1-8;1-9;1-10;1-11;2-3;2-5;2-7;2-8;2-10;2-11;2-12;2-13;3-4;3-5;3-6;3-7;3-8;3-9;3-10;3-11;3-12;3-13;4-5;4-6;4-7;4-8;4-9;4-11;4-12;4-13;5-7;5-8;5-9;5-11;5-13;6-7;6-8;6-9;6-10;6-11;6-12;6-13;7-8;7-9;7-10;7-11;7-12;7-13;8-9;8-10;8-11;8-12;8-13;9-10;9-11;10-11;10-12;11-12;11-13;12-13,"0,1,1,0,0,1,1,1,1,0,1,0,1,0,1,0,1,1,1,1,1,1,1,0,0,1,0,1,0,1,1,0,1,1,1,1,1,1,1,1,1,1,1,1,1,1,1,1,1,1,1,0,1,1,1,0,1,1,1,0,1,0,1,1,1,1,1,1,1,1,1,1,1,1,1,1,1,1,1,1,1,1,1,0,0,1,1,0,1,1,1"
586,14,72,9,0-1;0-2;0-5;0-6;0-7;0-9;0-10;0-11;0-12;0-13;1-2;1-4;1-6;1-7;1-8;1-10;1-12;1-13;2-5;2-6;2-7;2-8;2-10;2-11;2-12;3-4;3-5;3-6;3-7;3-8;3-10;3-11;3-12;3-13;4-5;4-6;4-7;4-8;4-10;4-12;5-6;5-7;5-8;5-9;5-10;5-11;5-12;6-7;6-8;6-9;6-10;6-11;6-12;6-13;7-8;7-9;7-10;7-11;7-12;7-13;8-9;8-10;8-12;9-10;9-12;9-13;10-11;10-12;10-13;11-12;11-13;12-13,"1,1,0,0,1,1,1,0,1,1,1,1,1,1,0,1,0,1,1,1,0,1,0,1,1,0,0,1,1,1,1,0,1,1,1,0,1,1,1,1,1,0,1,1,1,1,1,1,1,1,0,1,0,1,0,1,1,1,1,1,1,1,0,1,1,1,1,1,1,1,1,1,1,1,1,1,1,1,0,1,0,1,0,1,1,1,1,1,1,1,1"
587,14,72,9,0-1;0-4;0-5;0-7;0-8;0-9;0-10;0-11;0-12;1-2;1-3;1-4;1-5;1-6;1-7;1-8;1-9;1-10;1-11;1-12;1-13;2-4;2-5;2-6;2-7;2-8;2-11;2-12;3-4;3-5;3-6;3-7;3-8;3-10;3-12;3-13;4-5;4-6;4-7;4-8;4-9;4-10;4-11;4-12;4-13;5-6;5-7;5-8;5-9;5-10;5-11;5-12;5-13;6-9;6-10;6-11;6-12;6-13;7-8;7-10;7-11;7-12;8-9;8-12;9-11;9-12;9-13;10-11;10-12;11-12;11-13;12-13,"1,0,0,1,1,0,1,1,1,1,1,1,0,1,1,1,1,1,1,1,1,1,1,1,1,0,1,1,1,1,1,0,0,1,1,0,1,1,1,1,1,0,1,0,1,1,1,1,1,1,1,1,1,1,1,1,1,1,1,1,1,1,1,0,0,1,1,1,1,1,1,0,1,1,1,0,1,0,0,1,0,0,1,1,1,1,1,0,1,1,1"
588,14,72,9,0-2;0-3;0-4;0-5;0-7;0-8;0-10;0-11;0-12;0-13;1-2;1-3;1-5;1-6;1-8;1-9;1-10;1-11;1-13;2-3;2-4;2-5;2-6;2-7;2-8;2-9;2-10;2-11;2-12;2-13;3-5;3-6;3-7;3-8;3-10;3-11;4-5;4-6;4-8;4-9;4-10;4-11;5-6;5-7;5-8;5-9;5-10;5-11;5-12;5-13;6-9;6-10;6-11;6-12;7-8;7-10;7-11;7-12;8-9;8-10;8-11;8-13;9-10;9-11;9-12;9-13;10-11;10-12;10-13;11-12;11-13;12-13,"0,1,1,1,1,0,1,1,0,1,1,1,1,1,1,0,1,1,0,1,1,1,1,0,1,1,1,1,1,1,1,1,1,1,1,1,0,1,1,1,1,0,1,1,0,0,1,1,0,1,1,1,1,0,0,1,1,1,1,1,1,1,1,0,0,1,1,1,1,0,1,0,1,1,1,0,1,1,1,0,1,1,1,1,1,1,1,1,1,1,1"
589,14,72,9,0-2;0-4;0-5;0-6;0-8;0-9;0-10;0-11;0-12;0-13;1-3;1-4;1-6;1-7;1-8;1-10;1-11;1-12;1-13;2-4;2-5;2-7;2-9;2-10;2-11;2-12;2-13;3-5;3-6;3-7;3-8;3-9;3-11;3-12;3-13;4-6;4-7;4-9;4-10;4-11;4-12;4-13;5-7;5-8;5-9;5-10;5-11;5-12;5-13;6-8;6-9;6-11;6-12;6-13;7-9;7-10;7-11;7-12;7-13;8-10;8-11;8-12;8-13;9-11;9-12;9-13;10-11;10-12;10-13;11-12;11-13;12-13,"0,1,0,1,1,1,0,1,1,1,1,1,1,0,1,1,0,1,1,1,0,1,1,1,1,0,1,1,0,1,0,1,1,1,1,1,0,1,1,1,1,1,0,1,1,1,0,1,1,0,1,1,1,1,1,0,1,1,1,1,1,1,1,0,1,1,0,1,1,1,0,1,1,1,1,1,0,1,1,1,1,0,1,1,1,1,1,1,1,1,1"
590,14,72,9,0-1;0-2;0-4;0-5;0-7;0-8;0-9;0-10;0-11;1-3;1-4;1-5;1-6;1-7;1-8;1-9;1-10;1-12;2-3;2-5;2-7;2-8;2-9;2-10;2-11;2-13;3-5;3-6;3-7;3-8;3-9;3-10;3-12;3-13;4-5;4-6;4-7;4-8;4-10;4-11;4-12;4-13;5-6;5-7;5-8;5-9;5-10;5-11;5-12;5-13;6-7;6-9;6-10;6-11;6-12;6-13;7-8;7-9;7-10;7-11;7-12;7-13;8-10;8-12;8-13;9-10;9-11;10-11;10-12;10-13;11-13;12-13,"1,1,0,1,1,0,1,1,1,1,1,0,0,0,1,1,1,1,1,1,1,1,0,1,0,1,0,1,0,1,1,1,1,1,0,1,0,1,1,1,1,1,1,0,1,1,1,1,1,1,0,1,1,1,1,1,1,1,1,1,1,1,1,1,0,1,1,1,1,1,1,1,1,1,1,1,0,1,0,1,1,1,1,0,0,1,1,1,0,1,1"
591,14,72,9,0-1;0-3;0-4;0-6;0-7;0-9;0-10;0-11;0-12;1-2;1-3;1-4;1-5;1-6;1-7;1-8;1-9;1-10;1-11;1-12;1-13;2-3;2-5;2-7;2-8;2-9;2-10;2-11;2-13;3-4;3-5;3-7;3-9;3-10;3-11;3-12;4-5;4-6;4-8;4-9;4-10;4-11;4-12;5-8;5-9;5-10;5-12;5-13;6-7;6-8;6-9;6-10;6-11;6-12;6-13;7-9;7-10;7-11;7-12;7-13;8-9;8-10;8-11;8-13;9-10;9-11;9-12;9-13;10-11;10-12;10-13;12-13,"1,0,1,1,0,1,1,0,1,1,1,1,0,1,1,1,1,1,1,1,1,1,1,1,1,1,0,1,0,1,1,1,1,1,0,1,1,1,0,1,0,1,1,1,1,0,1,1,0,1,1,1,1,1,0,0,0,1,1,1,0,1,1,1,1,1,1,1,1,1,0,1,1,1,1,1,1,1,1,0,1,1,1,1,1,1,1,1,0,0,1"
592,14,72,9,0-1;0-2;0-3;0-4;0-7;0-9;0-10;0-12;0-13;1-2;1-3;1-4;1-6;1-7;1-8;1-9;1-12;1-13;2-4;2-5;2-6;2-7;2-9;2-10;2-12;2-13;3-4;3-7;3-8;3-9;3-10;3-11;3-12;3-13;4-5;4-6;4-7;4-8;4-9;4-10;4-11;4-12;4-13;5-6;5-7;5-8;5-10;5-11;5-12;5-13;6-7;6-8;6-9;6-11;6-13;7-8;7-9;7-10;7-11;7-12;7-13;8-11;8-12;8-13;9-10;9-11;9-13;10-11;10-12;10-13;11-13;12-13,"1,1,1,1,0,0,1,0,1,1,0,1,1,1,1,1,0,1,1,1,1,0,0,1,1,0,1,1,1,1,0,1,1,0,1,1,1,0,0,1,1,1,1,1,1,1,1,1,1,1,1,1,1,1,1,1,1,1,0,1,1,1,1,1,1,1,0,1,0,1,1,1,1,1,1,1,0,0,1,1,1,1,1,0,1,1,1,1,0,1,1"
593,14,72,9,0-1;0-2;0-3;0-4;0-5;0-6;0-7;0-8;0-9;0-10;0-11;0-12;0-13;1-2;1-4;1-6;1-7;1-8;1-10;1-11;1-12;1-13;2-3;2-4;2-5;2-8;2-10;2-12;2-13;3-4;3-5;3-9;3-10;3-11;3-12;3-13;4-5;4-6;4-7;4-8;4-9;4-10;4-11;4-12;4-13;5-6;5-8;5-9;5-12;5-13;6-7;6-8;6-9;6-11;6-12;6-13;7-8;7-9;7-10;7-11;7-12;8-9;8-10;8-12;9-10;9-11;9-12;10-11;10-12;11-12;11-13;12-13,"1,1,1,1,1,1,1,1,1,1,1,1,1,1,0,1,0,1,1,1,0,1,1,1,1,1,1,1,0,0,1,0,1,0,1,1,1,1,0,0,0,1,1,1,1,1,1,1,1,1,1,1,1,1,1,1,0,1,1,0,0,1,1,1,1,1,0,1,1,1,1,1,1,1,1,0,1,1,0,1,0,1,1,1,0,1,1,0,1,1,1"
594,14,72,9,0-1;0-3;0-4;0-6;0-7;0-9;0-10;0-12;0-13;1-2;1-3;1-4;1-5;1-6;1-9;1-12;1-13;2-3;2-5;2-6;2-8;2-9;2-10;2-11;2-12;2-13;3-4;3-5;3-6;3-7;3-8;3-9;3-10;3-11;3-12;3-13;4-5;4-6;4-7;4-8;4-9;4-12;5-6;5-7;5-8;5-9;5-11;5-13;6-7;6-8;6-9;6-10;6-11;6-12;6-13;7-8;7-9;7-10;7-11;7-13;8-9;8-10;8-11;8-12;9-10;9-11;9-12;9-13;10-11;10-12;10-13;11-13,"1,0,1,1,0,1,1,0,1,1,0,1,1,1,1,1,1,1,0,0,1,0,0,1,1,1,0,1,1,0,1,1,1,1,1,1,1,1,1,1,1,1,1,1,1,1,1,1,1,1,1,0,0,1,0,1,1,1,1,0,1,0,1,1,1,1,1,1,1,1,1,1,1,1,0,1,1,1,1,1,0,1,1,1,1,1,1,1,0,1,0"
595,14,72,9,0-1;0-2;0-3;0-4;0-5;0-6;0-7;0-8;0-9;0-10;0-11;0-12;0-13;1-2;1-3;1-4;1-5;1-6;1-7;1-8;1-9;1-10;1-11;1-12;1-13;2-3;2-4;2-5;2-9;2-10;2-11;2-12;2-13;3-4;3-5;3-6;3-7;3-9;3-11;3-13;4-6;4-8;4-11;4-12;4-13;5-7;5-9;5-10;5-11;5-13;6-7;6-8;6-9;6-12;6-13;7-8;7-9;7-10;7-11;7-13;8-10;8-11;8-12;8-13;9-10;9-12;9-13;10-11;10-12;10-13;11-13;12-13,"1,1,1,1,1,1,1,1,1,1,1,1,1,1,1,1,1,1,1,1,1,1,1,1,1,1,1,1,0,0,0,1,1,1,1,1,1,1,1,1,0,1,0,1,0,1,0,1,0,1,0,0,1,1,1,0,1,0,1,1,1,0,1,1,1,1,0,0,1,1,1,1,1,1,0,1,0,1,1,1,1,1,0,1,1,1,1,1,0,1,1"
596,14,72,9,0-1;0-2;0-3;0-4;0-5;0-8;0-9;0-11;0-13;1-2;1-3;1-4;1-5;1-6;1-9;1-10;1-11;1-12;2-3;2-4;2-5;2-6;2-7;2-8;2-9;2-10;2-11;2-12;2-13;3-4;3-6;3-8;3-10;3-11;3-13;4-5;4-6;4-7;4-8;4-9;4-10;4-11;4-12;4-13;5-7;5-9;5-10;5-11;5-12;5-13;6-7;6-8;6-9;6-10;6-11;6-12;7-8;7-9;7-10;7-11;7-12;7-13;8-9;8-11;8-13;9-11;9-12;10-11;10-12;10-13;11-12;11-13,"1,1,1,1,1,0,0,1,1,0,1,0,1,1,1,1,1,1,0,0,1,1,1,1,0,1,1,1,1,1,1,1,1,1,1,1,1,0,1,0,1,0,1,1,0,1,1,1,1,1,1,1,1,1,1,0,1,0,1,1,1,1,1,1,1,1,1,1,1,0,1,1,1,1,1,1,1,0,1,0,1,0,1,1,0,1,1,1,1,1,0"
597,14,72,9,0-1;0-2;0-3;0-4;0-5;0-6;0-7;0-8;0-9;0-10;0-11;0-12;0-13;1-2;1-3;1-5;1-6;1-9;1-10;1-11;1-12;1-13;2-3;2-4;2-6;2-8;2-9;2-11;2-12;3-4;3-5;3-6;3-8;3-10;3-11;4-5;4-6;4-7;4-8;4-11;4-12;5-6;5-7;5-10;5-11;5-12;5-13;6-7;6-8;6-9;6-10;6-11;6-12;6-13;7-8;7-9;7-10;7-11;7-12;7-13;8-9;8-10;8-11;9-10;9-11;9-12;9-13;10-11;10-13;11-12;11-13;12-13,"1,1,1,1,1,1,1,1,1,1,1,1,1,1,1,0,1,1,0,0,1,1,1,1,1,1,1,0,1,0,1,1,0,1,1,0,1,1,1,0,1,0,1,1,0,0,1,1,1,1,0,0,1,1,0,1,1,0,0,1,1,1,1,1,1,1,1,1,1,1,1,1,1,1,1,1,1,1,1,0,0,1,1,1,1,1,0,1,1,1,1"
598,14,72,9,0-1;0-2;0-3;0-5;0-6;0-7;0-8;0-10;0-11;0-13;1-2;1-3;1-4;1-5;1-6;1-8;1-11;1-12;1-13;2-3;2-5;2-6;2-7;2-8;2-12;2-13;3-5;3-7;3-8;3-9;3-11;3-12;3-13;4-5;4-6;4-8;4-9;4-10;4-11;4-12;4-13;5-6;5-7;5-8;5-9;5-10;5-11;5-12;5-13;6-7;6-8;6-10;6-12;6-13;7-8;7-9;7-10;7-12;7-13;8-9;8-10;8-11;8-12;8-13;9-10;9-11;9-12;9-13;10-11;10-13;11-13;12-13,"1,1,1,0,1,1,1,1,0,1,1,0,1,1,1,1,1,1,0,1,0,0,1,1,1,1,0,1,1,1,1,0,0,0,1,1,0,1,0,1,1,1,0,1,1,1,1,1,0,1,1,1,1,1,1,1,1,1,1,1,1,1,1,1,1,0,1,0,1,1,1,1,1,0,1,1,1,1,1,1,1,1,1,1,1,1,0,1,0,1,1"
599,14,72,9,0-1;0-3;0-4;0-5;0-6;0-8;0-10;0-11;0-12;1-2;1-3;1-4;1-6;1-7;1-8;1-10;1-11;1-12;2-4;2-6;2-7;2-8;2-9;2-10;2-11;2-13;3-4;3-5;3-6;3-7;3-10;3-11;3-12;3-13;4-5;4-6;4-7;4-8;4-9;4-10;4-11;4-12;4-13;5-6;5-8;5-9;5-10;5-11;5-12;5-13;6-7;6-8;6-9;6-10;6-11;6-12;6-13;7-9;7-11;7-12;7-13;8-9;8-10;8-11;8-12;9-11;9-12;9-13;10-11;10-13;11-12;11-13,"1,0,1,1,1,1,0,1,0,1,1,1,0,1,1,1,0,1,1,1,0,1,1,1,0,0,1,0,1,1,1,1,1,1,0,1,1,1,1,1,0,0,1,1,1,1,1,1,1,1,1,1,1,1,1,1,0,1,1,1,1,1,1,1,1,1,1,1,1,1,0,1,0,1,1,1,1,1,1,1,0,0,1,1,1,1,0,1,1,1,0"
600,14,72,9,0-1;0-2;0-3;0-4;0-5;0-6;0-7;0-8;0-9;0-10;0-11;0-12;0-13;1-2;1-3;1-4;1-5;1-7;1-9;1-10;1-11;1-12;2-3;2-5;2-7;2-8;2-9;2-11;2-12;2-13;3-4;3-5;3-6;3-9;3-11;3-12;3-13;4-5;4-6;4-7;4-9;4-10;4-11;4-13;5-7;5-9;5-11;5-13;6-8;6-9;6-10;6-11;6-12;6-13;7-8;7-9;7-10;7-11;7-13;8-9;8-10;8-11;8-12;8-13;9-10;9-11;9-12;9-13;10-11;10-12;11-12;11-13,"1,1,1,1,1,1,1,1,1,1,1,1,1,1,1,1,1,0,1,0,1,1,1,1,0,1,0,1,0,1,1,1,0,1,1,1,1,1,1,0,0,1,0,1,1,1,1,1,1,0,1,1,1,0,1,0,1,0,1,0,1,0,1,0,1,1,1,1,1,1,1,1,1,1,0,1,1,1,1,1,1,1,1,1,1,1,1,0,1,1,0"
601,14,72,9,0-1;0-2;0-3;0-4;0-5;0-6;0-7;0-8;0-9;0-10;0-11;0-12;0-13;1-2;1-3;1-5;1-6;1-9;1-10;1-11;1-12;1-13;2-4;2-5;2-6;2-9;2-11;2-12;2-13;3-5;3-6;3-7;3-8;3-10;3-11;3-13;4-5;4-6;4-7;4-8;4-9;4-11;4-12;4-13;5-6;5-7;5-8;5-9;5-10;5-11;5-12;5-13;6-7;6-11;6-12;6-13;7-8;7-10;7-12;7-13;8-9;8-10;8-11;8-13;9-10;9-11;9-12;9-13;10-12;10-13;11-13;12-13,"1,1,1,1,1,1,1,1,1,1,1,1,1,1,1,0,1,1,0,0,1,1,1,1,1,0,1,1,1,0,0,1,0,1,1,1,0,1,1,1,1,0,1,1,0,1,1,1,1,1,1,0,1,1,1,1,1,1,1,1,1,1,1,1,0,0,0,1,1,1,1,0,1,0,1,1,1,1,1,0,1,1,1,1,1,0,1,1,0,1,1"
602,14,72,9,0-3;0-4;0-5;0-6;0-7;0-9;0-10;0-11;0-12;0-13;1-2;1-3;1-4;1-7;1-8;1-9;1-10;1-11;1-12;1-13;2-3;2-5;2-6;2-8;2-9;2-10;2-11;2-12;3-4;3-5;3-6;3-7;3-8;3-9;3-10;3-11;3-12;3-13;4-7;4-9;4-10;4-11;4-12;4-13;5-6;5-8;5-9;5-10;5-11;5-13;6-7;6-8;6-9;6-11;6-12;7-8;7-9;7-11;7-12;7-13;8-9;8-11;8-13;9-10;9-11;9-12;9-13;10-11;10-12;10-13;11-12;11-13,"0,0,1,1,1,1,1,0,1,1,1,1,1,1,1,1,0,0,1,1,1,1,1,1,1,1,0,1,1,0,1,1,1,1,1,0,1,1,1,1,1,1,1,1,1,1,0,0,1,0,1,1,1,1,1,1,0,1,1,1,1,0,1,1,1,1,0,1,1,0,1,1,0,1,1,1,1,0,1,0,1,1,1,1,1,1,1,1,1,1,0"
603,14,72,9,0-1;0-2;0-3;0-4;0-5;0-6;0-7;0-8;0-9;0-10;0-11;0-12;0-13;1-2;1-5;1-8;1-9;1-10;1-11;1-12;1-13;2-3;2-4;2-5;2-6;2-7;2-8;2-9;2-10;2-11;2-12;2-13;3-4;3-5;3-6;3-7;3-8;3-10;3-13;4-5;4-6;4-7;4-8;4-9;4-10;4-11;5-6;5-8;5-9;5-10;5-13;6-7;6-9;6-10;6-12;6-13;7-8;7-10;7-11;7-12;7-13;8-10;8-11;8-13;9-10;9-11;9-12;10-11;10-12;10-13;11-12;12-13,"1,1,1,1,1,1,1,1,1,1,1,1,1,1,0,0,1,0,0,1,1,1,1,1,1,1,1,1,1,1,1,1,1,1,1,1,1,1,1,1,1,0,1,0,0,1,1,1,1,1,1,1,1,0,0,1,0,1,1,1,0,0,1,1,0,1,1,0,1,1,1,0,1,1,1,1,0,1,1,0,1,1,1,1,0,1,1,1,1,0,1"
604,14,72,9,0-1;0-3;0-5;0-6;0-7;0-8;0-9;0-11;0-12;1-2;1-5;1-6;1-7;1-8;1-9;1-11;1-12;1-13;2-4;2-7;2-8;2-9;2-10;2-11;2-12;2-13;3-4;3-5;3-6;3-7;3-8;3-9;3-10;3-11;3-12;4-6;4-7;4-8;4-9;4-10;4-12;4-13;5-6;5-7;5-9;5-10;5-11;5-12;5-13;6-7;6-8;6-9;6-12;6-13;7-8;7-9;7-10;7-11;7-12;7-13;8-9;8-11;8-12;9-10;9-11;9-12;9-13;10-11;10-12;10-13;11-12;12-13,"1,0,1,0,1,1,1,1,1,0,1,1,0,1,0,0,1,1,1,1,1,0,1,1,1,0,1,0,0,1,1,1,1,1,1,1,1,1,1,1,1,1,1,1,1,0,0,1,1,1,1,1,0,1,1,1,1,0,1,1,1,1,1,1,1,1,0,0,1,1,1,1,1,1,1,1,1,0,1,1,0,1,1,1,1,1,1,1,1,0,1"
605,14,72,9,0-2;0-3;0-4;0-5;0-6;0-7;0-8;0-11;0-12;0-13;1-2;1-3;1-5;1-6;1-7;1-9;1-10;1-12;1-13;2-3;2-4;2-5;2-6;2-7;2-10;2-12;3-4;3-5;3-6;3-7;3-8;3-9;3-10;3-11;3-12;3-13;4-5;4-6;4-8;4-9;4-10;4-11;4-12;5-6;5-7;5-8;5-9;5-10;5-11;5-12;5-13;6-9;6-11;6-12;6-13;7-8;7-10;7-12;7-13;8-9;8-10;8-11;8-12;8-13;9-10;9-11;9-12;9-13;10-12;11-12;11-13;12-13,"0,1,1,1,1,1,1,1,0,0,1,1,1,1,1,0,1,1,1,0,1,1,0,1,1,1,1,1,1,1,0,0,1,0,1,0,1,1,1,1,1,1,1,1,1,1,1,1,0,1,1,1,1,1,0,1,1,1,1,1,1,1,1,0,0,1,0,1,1,1,1,0,1,0,1,1,1,1,1,1,1,1,1,1,1,0,1,0,1,1,1"
606,14,72,9,0-2;0-4;0-5;0-7;0-8;0-9;0-10;0-11;0-12;0-13;1-3;1-4;1-5;1-6;1-7;1-8;1-10;1-11;1-13;2-3;2-4;2-5;2-6;2-8;2-9;2-10;2-11;2-12;3-5;3-6;3-8;3-9;3-10;3-11;3-13;4-5;4-6;4-7;4-8;4-10;4-11;4-12;5-6;5-7;5-8;5-9;5-10;5-11;5-12;5-13;6-7;6-8;6-9;6-11;6-12;7-8;7-9;7-11;7-12;7-13;8-9;8-10;8-11;8-12;8-13;9-11;9-12;9-13;10-11;10-13;11-12;11-13,"0,1,0,1,1,0,1,1,1,1,1,1,1,0,1,1,1,1,1,1,0,1,1,0,1,1,1,1,1,0,1,1,1,1,1,0,0,1,1,0,1,1,1,1,0,1,1,1,1,1,0,1,1,1,0,1,1,1,1,1,1,1,1,1,1,1,0,1,1,0,1,1,0,1,1,1,1,1,1,1,1,0,1,1,1,1,0,1,1,1,0"
607,14,72,9,0-1;0-2;0-3;0-4;0-5;0-6;0-7;0-8;0-9;0-10;0-11;0-12;0-13;1-2;1-3;1-4;1-5;1-6;1-7;1-8;1-9;1-10;1-11;1-12;1-13;2-3;2-4;2-5;2-6;2-7;2-8;2-10;2-13;3-6;3-7;3-8;3-9;3-12;3-13;4-5;4-6;4-7;4-8;4-9;4-10;4-11;5-7;5-8;5-10;5-11;5-12;5-13;6-7;6-9;6-10;6-11;6-13;7-8;7-9;7-10;7-11;7-12;7-13;8-9;8-12;9-11;9-12;10-11;10-13;11-12;11-13;12-13,"1,1,1,1,1,1,1,1,1,1,1,1,1,1,1,1,1,1,1,1,1,1,1,1,1,1,1,1,1,1,1,0,1,0,0,1,0,0,1,1,1,1,0,0,1,1,1,1,1,1,1,1,1,0,0,0,1,1,0,1,1,1,1,1,0,1,1,1,0,1,1,1,1,1,1,1,1,0,0,1,0,0,1,1,0,1,0,1,1,1,1"
608,14,72,9,0-2;0-4;0-6;0-7;0-8;0-9;0-10;0-11;0-12;0-13;1-2;1-3;1-4;1-5;1-6;1-8;1-10;1-11;1-12;2-4;2-5;2-6;2-7;2-8;2-10;2-11;2-13;3-4;3-5;3-7;3-8;3-9;3-10;3-11;3-12;4-5;4-6;4-7;4-8;4-9;4-10;4-11;4-12;4-13;5-6;5-7;5-8;5-9;5-10;5-13;6-8;6-9;6-10;6-12;6-13;7-8;7-9;7-10;7-11;7-13;8-9;8-10;8-11;8-12;8-13;9-10;9-12;9-13;10-11;10-12;10-13;11-12,"0,1,0,1,0,1,1,1,1,1,1,1,1,1,1,1,1,1,0,1,0,1,1,1,0,0,1,1,1,1,1,0,1,1,0,1,1,1,0,1,1,1,1,1,1,0,1,1,1,1,1,1,1,1,1,1,1,1,1,1,0,0,1,0,1,1,1,0,1,1,1,1,1,1,0,1,1,1,1,1,1,1,0,1,1,1,1,1,1,0,0"
609,14,72,9,0-1;0-2;0-3;0-4;0-5;0-7;0-9;0-10;0-12;0-13;1-2;1-3;1-4;1-5;1-6;1-7;1-8;1-9;1-10;1-11;1-12;1-13;2-4;2-5;2-8;2-9;2-10;2-12;2-13;3-4;3-6;3-7;3-9;3-10;3-11;3-13;4-6;4-8;4-9;4-10;4-12;4-13;5-7;5-8;5-9;5-10;5-11;5-12;5-13;6-7;6-8;6-9;6-10;6-11;6-12;7-9;7-10;7-11;7-12;8-9;8-10;8-11;8-12;8-13;9-10;9-11;9-12;9-13;10-11;10-12;10-13;11-13,"1,1,1,1,1,0,1,0,1,1,0,1,1,1,1,1,1,1,1,1,1,1,1,1,1,0,1,1,0,0,1,1,1,0,1,1,1,0,1,1,0,1,1,1,0,1,0,1,0,1,1,1,0,1,1,0,1,1,1,1,1,1,1,1,1,1,1,1,1,0,0,1,1,1,1,0,1,1,1,1,1,1,1,1,1,1,1,1,0,1,0"
610,15,79,9,0-3;0-5;0-6;0-9;0-10;0-11;0-12;0-13;0-14;1-5;1-7;1-8;1-9;1-10;1-11;1-13;1-14;2-5;2-7;2-8;2-9;2-10;2-12;2-13;2-14;3-5;3-6;3-7;3-8;3-9;3-11;3-12;3-13;3-14;4-6;4-7;4-8;4-10;4-11;4-12;4-13;4-14;5-6;5-9;5-10;5-13;5-14;6-11;6-12;6-13;6-14;7-8;7-9;7-10;7-11;7-12;7-13;7-14;8-9;8-10;8-11;8-12;8-13;8-14;9-10;9-11;9-12;9-13;9-14;10-11;10-12;10-13;10-14;11-12;11-13;11-14;12-13;12-14;13-14,"0,0,1,0,1,1,0,0,1,1,1,1,1,1,0,0,0,1,0,1,1,1,1,1,0,1,1,0,0,1,0,1,1,1,1,0,1,1,1,0,1,1,1,1,1,0,1,1,1,1,0,1,1,1,0,1,1,1,1,1,1,0,0,1,1,0,0,1,1,0,0,0,0,1,1,1,1,1,1,1,1,1,1,1,1,1,1,1,1,1,1,1,1,1,1,1,1,1,1,1,1,1,1,1,1"
611,15,79,9,0-2;0-3;0-4;0-5;0-6;0-9;0-10;0-11;0-13;1-2;1-5;1-7;1-8;1-9;1-11;1-12;1-14;2-5;2-6;2-8;2-9;2-12;2-13;3-4;3-5;3-6;3-7;3-8;3-9;3-10;3-11;3-12;3-13;3-14;4-5;4-7;4-8;4-9;4-11;4-14;5-6;5-7;5-8;5-9;5-10;5-11;5-12;5-13;5-14;6-8;6-9;6-11;6-12;6-13;7-8;7-9;7-10;7-11;7-12;7-13;7-14;8-9;8-11;8-12;8-13;8-14;9-10;9-11;9-12;9-13;9-14;10-11;10-12;10-14;11-12;11-14;12-13;12-14;13-14,"0,1,1,1,1,1,0,0,1,1,1,0,1,0,1,0,0,1,0,1,1,1,0,1,1,0,1,0,0,1,1,0,1,1,0,0,1,1,0,1,1,1,1,1,1,1,1,1,1,1,1,0,1,1,1,0,1,0,0,1,1,1,1,1,1,1,1,1,1,0,1,1,0,1,1,1,0,1,1,1,1,1,1,1,1,0,1,1,1,1,1,1,1,1,1,1,1,0,1,1,0,1,1,1,1"
612,15,79,9,0-2;0-3;0-4;0-5;0-6;0-7;0-8;0-9;0-10;0-11;0-12;0-13;1-2;1-3;1-7;1-9;1-10;1-12;1-13;1-14;2-3;2-4;2-5;2-6;2-7;2-8;2-9;2-10;2-11;2-12;2-13;2-14;3-6;3-7;3-8;3-9;3-11;3-14;4-5;4-6;4-7;4-8;4-10;4-11;4-12;4-13;4-14;5-6;5-7;5-8;5-10;5-11;5-12;5-13;5-14;6-7;6-10;6-11;7-8;7-9;7-10;7-11;7-12;7-13;7-14;8-11;8-13;9-10;9-11;9-13;9-14;10-11;10-12;10-13;10-14;11-13;11-14;12-13;13-14,"0,1,1,1,1,1,1,1,1,1,1,1,1,0,1,1,0,0,0,1,0,1,1,0,1,1,1,1,1,1,1,1,1,1,1,1,1,1,1,0,0,1,1,1,1,0,1,0,0,1,1,1,1,1,0,1,1,1,1,1,1,1,1,0,1,1,1,1,1,1,0,0,1,1,0,0,0,1,1,1,1,1,1,1,0,0,1,0,1,0,1,1,0,1,1,1,1,1,1,0,1,1,1,0,1"
613,15,79,9,0-1;0-2;0-3;0-4;0-5;0-6;0-7;0-8;0-9;0-10;0-11;0-12;0-13;0-14;1-2;1-3;1-4;1-5;1-6;1-7;1-8;1-9;1-10;1-11;1-12;1-13;1-14;2-4;2-5;2-6;2-8;2-9;2-10;2-11;2-12;2-13;2-14;3-4;3-5;3-7;3-10;3-11;3-14;4-5;4-6;4-8;4-10;4-13;5-9;5-10;5-11;5-12;5-14;6-8;6-9;6-11;6-12;7-8;7-9;7-11;7-12;7-14;8-9;8-10;8-11;8-12;8-13;8-14;9-11;9-12;9-13;9-14;10-11;10-14;11-12;11-14;12-13;12-14;13-14,"1,1,1,1,1,1,1,1,1,1,1,1,1,1,1,1,1,1,1,1,1,1,1,1,1,1,1,0,1,1,1,0,1,1,1,1,1,1,1,1,1,0,1,0,0,1,1,0,0,1,1,1,0,1,0,1,0,0,1,0,0,0,0,1,1,1,1,0,1,0,1,1,0,1,1,0,0,1,1,0,1,1,0,1,1,1,1,1,1,1,0,1,1,1,1,1,0,0,1,1,0,1,1,1,1"
614,15,79,9,0-1;0-2;0-3;0-5;0-6;0-9;0-10;0-14;1-3;1-5;1-6;1-8;1-9;1-10;1-11;1-12;1-13;1-14;2-4;2-5;2-6;2-7;2-9;2-13;2-14;3-4;3-5;3-6;3-7;3-8;3-9;3-10;3-11;3-12;3-14;4-5;4-6;4-7;4-9;4-12;4-13;4-14;5-6;5-9;5-10;5-11;5-12;5-13;5-14;6-8;6-9;6-10;6-12;6-13;6-14;7-8;7-9;7-11;7-12;7-13;7-14;8-9;8-10;8-12;8-14;9-10;9-11;9-12;9-13;9-14;10-11;10-12;10-13;10-14;11-12;11-14;12-13;12-14;13-14,"1,1,1,0,1,1,0,0,1,1,0,0,0,1,0,1,0,1,1,0,1,1,1,1,1,1,1,0,1,1,1,1,0,1,0,0,0,1,1,1,1,1,1,1,1,1,1,1,0,1,1,1,1,0,1,0,0,1,1,1,1,0,0,1,1,1,1,1,1,0,1,1,1,0,1,1,1,1,1,0,1,1,1,1,1,1,0,1,0,1,1,1,1,1,1,1,1,1,1,1,0,1,1,1,1"
615,15,79,9,0-1;0-3;0-4;0-5;0-6;0-7;0-8;0-9;0-12;0-13;0-14;1-2;1-3;1-4;1-5;1-6;1-7;1-8;1-9;1-10;1-13;1-14;2-3;2-6;2-7;2-10;2-11;2-12;2-13;2-14;3-4;3-5;3-6;3-7;3-8;3-9;3-10;3-11;3-12;3-13;3-14;4-7;4-9;4-10;4-13;4-14;5-6;5-9;5-11;5-13;5-14;6-7;6-8;6-9;6-11;6-12;6-13;6-14;7-8;7-9;7-10;7-12;7-13;7-14;8-9;8-10;8-13;9-12;9-13;9-14;10-11;10-12;10-13;11-12;11-13;11-14;12-13;12-14;13-14,"1,0,1,1,1,1,1,1,1,0,0,1,1,1,1,1,1,1,1,1,1,1,1,0,0,1,1,1,0,0,1,1,0,0,1,1,1,1,1,1,1,1,1,1,1,1,1,1,1,1,0,0,1,0,1,1,0,0,1,1,1,0,0,1,0,1,0,1,1,1,1,1,0,1,1,1,1,1,1,1,0,1,1,1,1,1,0,0,1,0,0,0,1,1,1,1,1,1,0,1,1,1,1,1,1"
616,15,79,9,0-2;0-3;0-4;0-5;0-7;0-10;0-11;0-13;1-2;1-3;1-5;1-6;1-8;1-9;1-12;1-13;1-14;2-3;2-4;2-5;2-6;2-7;2-8;2-9;2-10;2-11;2-12;2-13;2-14;3-4;3-5;3-6;3-7;3-9;3-10;3-11;3-12;3-14;4-5;4-7;4-8;4-9;4-10;4-11;4-12;4-14;5-6;5-7;5-8;5-9;5-10;5-11;5-12;5-13;5-14;6-7;6-8;6-11;6-13;6-14;7-8;7-9;7-10;7-11;7-13;7-14;8-10;8-11;8-13;8-14;9-10;9-14;10-11;10-12;10-14;11-12;11-13;11-14;12-14,"0,1,1,1,1,0,1,0,0,1,1,0,1,0,1,1,0,1,1,0,1,1,0,0,1,1,1,1,1,1,1,1,1,1,1,1,1,1,1,1,1,1,1,0,1,1,1,1,0,1,1,0,1,1,1,1,1,1,0,1,1,1,1,1,1,1,1,1,1,1,1,0,0,1,0,1,1,1,1,1,1,0,1,1,0,1,1,0,1,1,1,0,0,0,1,1,1,0,1,1,1,1,0,1,0"
617,15,79,9,0-1;0-2;0-3;0-4;0-5;0-6;0-12;0-13;1-2;1-3;1-4;1-5;1-6;1-7;1-8;1-9;1-10;1-11;1-12;1-13;1-14;2-3;2-4;2-5;2-6;2-7;2-8;2-10;2-11;2-12;2-13;3-5;3-6;3-7;3-8;3-10;3-12;3-13;3-14;4-6;4-8;4-9;4-10;4-11;4-13;5-6;5-7;5-8;5-10;5-12;5-13;5-14;6-7;6-10;6-11;6-12;6-13;6-14;7-8;7-9;7-10;7-11;7-12;7-13;7-14;8-9;8-11;8-12;8-13;9-11;9-12;9-13;9-14;10-13;11-12;11-13;12-13;12-14;13-14,"1,1,1,1,1,1,0,0,0,0,0,1,1,0,1,1,1,1,1,1,1,1,1,1,1,1,1,1,1,1,1,1,1,0,1,1,1,1,0,0,1,1,1,1,0,1,0,1,1,1,0,1,0,1,1,1,1,0,1,0,1,1,1,0,1,0,1,1,1,1,0,0,1,1,1,1,1,1,1,1,1,1,1,1,1,0,1,1,1,0,0,1,1,1,1,0,0,1,0,1,1,0,1,1,1"
618,15,79,9,0-1;0-2;0-3;0-4;0-5;0-6;0-9;0-13;0-14;1-2;1-3;1-4;1-5;1-6;1-7;1-8;1-9;1-10;1-11;1-12;1-13;1-14;2-6;2-7;2-8;2-10;2-13;2-14;3-4;3-5;3-6;3-7;3-8;3-9;3-10;3-11;3-12;3-13;4-6;4-7;4-9;4-11;4-12;5-6;5-8;5-9;5-11;5-12;6-7;6-8;6-9;6-10;6-11;6-12;6-13;6-14;7-8;7-9;7-10;7-11;7-12;7-13;7-14;8-9;8-10;8-11;8-12;8-13;8-14;9-11;9-12;9-13;9-14;10-11;10-12;11-12;11-14;12-14;13-14,"1,1,1,1,1,1,0,0,1,0,0,0,1,1,1,1,1,1,1,1,1,1,1,1,1,1,1,0,0,0,1,1,1,0,1,0,0,1,1,1,1,1,1,1,1,1,1,1,1,0,0,1,1,0,1,0,1,1,0,0,1,0,1,1,0,1,1,0,0,1,1,1,1,1,1,1,1,1,1,1,1,1,1,1,1,1,1,1,1,1,0,1,1,1,1,1,1,0,0,1,0,1,0,1,1"
619,15,79,9,0-1;0-2;0-3;0-5;0-6;0-9;0-10;0-11;0-12;0-13;0-14;1-2;1-3;1-6;1-7;1-9;1-11;1-14;2-3;2-4;2-6;2-7;2-9;2-10;2-11;2-12;2-13;2-14;3-4;3-5;3-6;3-8;3-9;3-11;3-12;3-13;3-14;4-5;4-6;4-7;4-8;4-9;4-11;4-13;5-6;5-7;5-8;5-9;5-11;5-13;5-14;6-7;6-8;6-9;6-10;6-11;6-12;6-13;6-14;7-8;7-9;7-10;7-11;8-9;8-12;8-13;9-10;9-11;9-12;9-13;9-14;10-11;10-13;10-14;11-13;11-14;12-13;12-14;13-14,"1,1,1,0,1,1,0,0,1,1,1,1,1,1,1,1,0,0,1,1,0,1,0,1,0,0,1,1,1,0,1,1,0,1,1,1,1,1,1,1,1,1,0,1,1,0,1,1,1,1,1,1,1,1,1,0,1,0,1,0,1,1,1,1,0,1,0,1,1,1,1,1,1,1,1,1,1,1,1,1,1,0,0,0,1,0,0,1,1,0,1,1,1,1,1,1,0,1,1,0,1,1,1,1,1"
620,15,79,9,0-4;0-6;0-7;0-8;0-10;0-11;0-12;0-13;1-2;1-3;1-4;1-5;1-6;1-7;1-9;1-10;1-11;1-12;1-13;1-14;2-3;2-4;2-7;2-9;2-11;2-12;2-14;3-5;3-6;3-7;3-8;3-9;3-11;3-12;3-13;3-14;4-5;4-7;4-8;4-10;4-12;4-14;5-7;5-9;5-12;5-13;5-14;6-7;6-9;6-11;6-12;6-13;7-8;7-9;7-10;7-11;7-12;7-13;7-14;8-9;8-10;8-11;8-12;8-13;8-14;9-11;9-12;9-13;9-14;10-11;10-12;10-13;10-14;11-12;11-13;11-14;12-13;12-14;13-14,"0,0,0,1,0,1,1,1,0,1,1,1,1,0,1,1,1,1,1,1,0,1,1,1,1,1,1,1,1,0,0,1,0,1,0,1,1,0,1,0,1,1,1,1,1,0,1,1,1,1,1,0,1,1,0,1,0,1,0,1,0,1,0,1,0,0,1,1,1,1,0,1,0,1,1,1,0,1,1,1,1,1,1,1,1,1,1,1,1,1,0,1,1,1,1,1,1,1,1,1,1,1,1,1,1"
621,15,79,9,0-1;0-2;0-3;0-4;0-5;0-6;0-7;0-8;0-9;0-10;0-13;0-14;1-2;1-3;1-4;1-5;1-6;1-7;1-8;1-10;1-12;1-13;1-14;2-4;2-5;2-7;2-10;2-13;2-14;3-4;3-5;3-6;3-7;3-8;3-9;3-10;3-11;3-12;3-13;4-5;4-6;4-7;4-8;4-9;4-10;4-11;4-12;4-13;4-14;5-6;5-7;5-8;5-9;5-10;5-11;5-12;5-13;5-14;6-7;6-13;6-14;7-9;7-10;7-12;7-13;8-9;8-10;8-11;8-14;9-10;9-11;9-13;9-14;10-11;10-12;10-13;11-12;11-14;12-13,"1,1,1,1,1,1,1,1,1,1,0,0,1,1,1,1,1,1,1,1,1,0,1,0,1,1,1,0,1,1,0,1,0,0,1,0,0,1,1,1,1,1,1,1,1,1,1,1,1,0,1,1,1,1,1,1,1,1,1,1,1,1,1,1,1,1,1,1,1,1,0,0,0,0,0,1,1,0,1,1,0,1,1,0,1,1,1,0,0,1,1,1,0,1,1,1,1,1,0,1,0,1,1,0,0"
622,15,79,9,0-1;0-2;0-3;0-5;0-6;0-7;0-8;0-10;0-11;0-12;0-13;1-2;1-5;1-6;1-7;1-9;1-12;1-13;2-3;2-4;2-5;2-6;2-7;2-8;2-9;2-10;2-11;2-12;2-13;2-14;3-4;3-5;3-6;3-7;3-9;3-11;3-12;3-14;4-5;4-6;4-9;4-11;4-12;4-13;4-14;5-6;5-7;5-9;5-10;5-11;5-12;5-13;6-7;6-8;6-11;6-12;6-13;6-14;7-8;7-10;7-11;7-12;7-13;8-11;8-12;8-13;8-14;9-10;9-12;9-13;9-14;10-11;10-12;10-13;11-12;11-13;11-14;12-13;12-14,"1,1,1,0,1,1,1,1,0,1,1,1,1,0,1,0,0,1,1,1,0,1,0,0,1,1,0,1,1,1,1,1,1,1,1,1,1,1,1,1,1,1,1,0,1,0,1,1,0,1,1,1,0,0,1,0,1,1,1,1,1,1,0,1,1,1,1,1,0,1,1,0,0,1,1,1,1,1,0,1,1,1,1,0,0,0,1,1,1,1,1,0,1,1,1,1,1,1,0,1,1,1,1,1,0"
623,15,79,9,0-1;0-2;0-3;0-4;0-5;0-6;0-7;0-8;0-9;0-10;0-11;0-12;0-13;0-14;1-2;1-4;1-5;1-6;1-8;1-9;1-11;1-12;2-3;2-4;2-5;2-6;2-8;2-9;2-11;2-14;3-4;3-6;3-7;3-8;3-9;3-10;3-12;3-13;3-14;4-6;4-7;4-8;4-9;4-11;4-12;4-13;4-14;5-7;5-8;5-9;5-10;5-11;5-12;6-8;6-9;6-10;6-11;6-12;6-13;6-14;7-8;7-9;7-12;7-14;8-9;8-10;8-11;8-12;8-13;8-14;9-10;9-12;9-14;10-12;10-14;11-13;12-13;12-14;13-14,"1,1,1,1,1,1,1,1,1,1,1,1,1,1,1,0,1,1,1,0,1,1,0,1,1,0,0,1,1,1,1,0,1,1,0,1,0,0,1,1,0,1,1,1,1,1,0,1,1,1,0,1,1,1,1,0,1,1,1,1,0,1,1,1,1,1,1,0,0,0,1,1,1,1,1,1,1,1,1,0,0,1,0,1,1,1,1,1,1,1,1,0,1,0,1,0,1,0,1,0,1,0,1,1,1"
624,15,79,9,0-1;0-2;0-3;0-4;0-5;0-6;0-7;0-8;0-9;0-10;0-12;0-13;1-2;1-3;1-5;1-6;1-7;1-8;1-10;1-11;1-12;1-13;1-14;2-4;2-5;2-7;2-8;2-10;2-12;3-6;3-7;3-8;3-10;3-11;3-12;4-5;4-8;4-9;4-10;4-11;4-13;5-6;5-7;5-8;5-9;5-10;5-12;5-13;5-14;6-7;6-8;6-9;6-10;6-11;6-12;6-13;6-14;7-8;7-9;7-10;7-12;7-14;8-9;8-10;8-11;8-12;8-13;8-14;9-10;9-11;9-12;9-13;10-11;10-12;10-13;10-14;11-13;11-14;12-14,"1,1,1,1,1,1,1,1,1,1,0,1,1,0,1,1,0,1,1,1,1,0,1,1,1,1,1,0,1,1,0,1,1,0,1,0,1,0,0,0,0,1,1,1,0,1,1,1,0,0,1,0,0,1,1,1,1,0,1,0,1,1,1,1,1,0,1,1,1,1,1,1,1,1,1,1,1,1,1,1,0,1,0,1,1,1,1,1,1,1,1,1,1,1,0,1,1,1,1,0,1,1,0,1,0"
625,15,79,9,0-1;0-2;0-3;0-5;0-8;0-11;0-13;0-14;1-2;1-3;1-4;1-5;1-7;1-8;1-10;1-11;1-12;1-13;2-3;2-4;2-5;2-6;2-8;2-10;2-11;2-12;2-13;2-14;3-4;3-5;3-6;3-7;3-8;3-9;3-11;3-12;3-13;4-8;4-9;4-11;4-12;4-13;5-6;5-7;5-8;5-10;5-11;5-12;5-13;5-14;6-7;6-8;6-9;6-11;6-12;6-14;7-8;7-9;7-11;7-12;7-13;7-14;8-9;8-10;8-11;8-12;8-13;8-14;9-11;9-12;9-14;10-11;10-12;10-13;10-14;11-12;11-13;11-14;12-13,"1,1,1,0,1,0,0,1,0,0,1,0,1,1,1,1,1,1,0,1,1,0,1,1,1,1,0,1,1,1,1,0,1,0,1,1,1,1,1,1,1,1,1,1,1,0,1,1,1,0,0,0,0,1,1,0,1,1,1,0,1,1,1,0,1,1,1,1,1,1,1,1,0,1,1,0,1,1,1,0,1,1,1,1,1,1,1,1,1,1,0,1,1,0,1,1,1,1,1,1,1,1,1,0,0"
626,15,79,9,0-1;0-3;0-4;0-5;0-6;0-8;0-9;0-10;0-12;0-13;0-14;1-2;1-4;1-5;1-6;1-10;1-12;1-14;2-3;2-5;2-6;2-7;2-9;2-10;2-11;2-14;3-4;3-5;3-6;3-7;3-8;3-11;3-12;3-14;4-5;4-6;4-7;4-8;4-10;4-11;4-12;4-13;4-14;5-6;5-7;5-8;5-9;5-10;5-11;5-12;5-13;5-14;6-8;6-9;6-10;6-11;6-12;6-14;7-8;7-11;7-13;7-14;8-9;8-10;8-11;8-12;8-13;8-14;9-10;9-12;9-14;10-11;10-12;10-13;10-14;11-14;12-13;12-14;13-14,"1,0,1,1,1,1,0,1,1,1,0,1,1,1,1,0,1,1,1,0,0,0,1,0,1,0,1,1,0,1,1,1,0,1,1,1,0,0,1,1,1,1,1,1,0,0,1,1,0,1,1,1,1,1,0,1,1,1,1,1,1,1,1,1,1,1,1,1,1,0,1,1,1,1,1,0,1,1,0,0,1,0,1,1,1,1,1,1,1,1,1,0,1,0,1,1,1,1,1,0,0,1,1,1,1"
627,15,79,9,0-5;0-6;0-7;0-8;0-10;0-11;0-12;0-14;1-2;1-4;1-5;1-6;1-7;1-8;1-10;1-11;1-13;1-14;2-4;2-6;2-7;2-8;2-10;2-11;2-12;2-13;3-4;3-5;3-7;3-8;3-11;3-12;3-13;3-14;4-5;4-7;4-8;4-9;4-10;4-11;4-12;4-13;4-14;5-7;5-8;5-9;5-10;5-11;5-12;5-14;6-7;6-8;6-10;6-11;6-13;7-8;7-9;7-10;7-11;7-12;7-13;7-14;8-10;8-11;8-12;8-14;9-10;9-11;9-12;9-13;9-14;10-11;10-12;10-14;11-12;11-13;11-14;12-13;12-14,"0,0,0,0,1,1,1,1,0,1,1,1,0,1,1,0,1,1,1,1,1,0,1,1,0,1,1,0,1,0,1,1,1,0,1,1,1,1,0,1,1,0,1,1,0,0,1,1,1,1,1,0,1,1,1,1,1,1,1,1,0,1,1,1,1,1,1,0,1,1,1,0,1,1,0,1,0,1,1,1,1,1,1,1,0,1,1,1,0,1,1,1,1,1,1,1,1,0,1,1,1,1,1,1,0"
628,15,79,9,0-1;0-2;0-3;0-4;0-5;0-6;0-7;0-9;1-2;1-3;1-4;1-5;1-6;1-7;1-8;1-9;1-10;1-11;1-12;1-13;1-14;2-3;2-4;2-6;2-7;2-9;2-10;2-11;2-12;2-13;2-14;3-4;3-5;3-6;3-7;3-10;3-11;3-12;4-6;4-7;4-8;4-9;4-10;4-11;4-12;4-14;5-6;5-7;5-8;5-10;5-13;5-14;6-7;6-8;6-9;6-10;6-11;6-12;6-13;6-14;7-10;7-14;8-10;8-11;8-12;8-14;9-11;9-12;9-14;10-11;10-12;10-13;10-14;11-12;11-13;11-14;12-13;12-14;13-14,"1,1,1,1,1,1,1,0,1,0,0,0,0,0,1,1,1,1,1,1,1,1,1,1,1,1,1,1,1,0,1,1,0,1,1,1,1,1,1,1,1,1,1,0,0,1,1,1,0,0,0,1,1,1,1,1,1,1,0,1,1,1,1,0,1,0,0,1,1,1,1,1,1,1,1,1,1,0,0,1,0,0,0,1,0,1,1,1,0,1,0,1,1,0,1,1,1,1,1,1,1,1,1,1,1"
629,15,79,9,0-1;0-2;0-4;0-5;0-6;0-7;0-8;0-9;0-10;0-12;0-13;0-14;1-2;1-3;1-6;1-7;1-8;1-10;1-14;2-4;2-5;2-6;2-7;2-8;2-10;2-11;2-12;2-14;3-6;3-8;3-9;3-10;3-11;3-12;3-13;3-14;4-5;4-6;4-7;4-8;4-9;4-10;4-11;4-12;4-13;4-14;5-6;5-7;5-8;5-9;5-10;6-7;6-8;6-10;6-11;6-13;6-14;7-8;7-10;7-11;7-12;7-14;8-9;8-10;8-11;8-12;8-13;8-14;9-10;9-12;9-13;10-11;10-12;10-13;10-14;11-14;12-13;12-14;13-14,"1,1,0,1,1,1,1,1,1,1,0,1,1,1,1,1,0,0,1,1,1,0,1,0,0,0,1,0,1,1,1,1,1,0,1,1,1,0,1,0,0,1,0,1,1,1,1,1,1,1,1,1,1,1,1,1,1,1,1,1,1,1,1,1,1,0,0,0,0,1,1,0,1,1,0,1,1,1,0,1,1,1,0,1,1,1,1,1,1,1,1,0,1,1,0,1,1,1,1,0,0,1,1,1,1"
630,15,79,9,0-1;0-2;0-3;0-4;0-5;0-6;0-7;0-8;0-9;0-10;0-11;0-12;0-13;0-14;1-2;1-3;1-4;1-5;1-6;1-7;1-8;1-9;1-10;1-11;1-12;1-13;1-14;2-3;2-6;2-7;2-8;2-9;2-12;3-5;3-6;3-7;3-8;3-9;3-11;3-12;3-13;3-14;4-5;4-6;4-8;4-9;4-10;4-12;5-6;5-8;5-9;5-10;5-11;5-12;5-13;5-14;6-8;6-9;6-11;6-12;6-14;7-10;7-11;7-12;7-13;8-9;8-10;8-12;8-13;8-14;9-11;9-12;9-14;10-11;10-13;10-14;11-12;11-13;12-13,"1,1,1,1,1,1,1,1,1,1,1,1,1,1,1,1,1,1,1,1,1,1,1,1,1,1,1,1,0,0,1,1,1,1,0,0,1,0,0,0,1,1,1,1,1,0,1,1,1,1,1,1,0,1,1,1,0,1,0,0,1,0,1,1,1,1,1,1,1,0,1,1,0,1,1,0,1,0,0,1,1,1,1,0,1,1,0,1,1,1,0,1,1,0,1,1,0,1,1,1,1,0,1,0,0"
631,15,77,9,0-5;0-6;0-7;0-8;0-9;0-11;0-12;0-13;0-14;1-5;1-6;1-8;1-9;1-10;1-12;1-13;1-14;2-5;2-7;2-9;2-10;2-11;2-12;2-13;2-14;3-6;3-7;3-9;3-10;3-11;3-12;3-13;3-14;4-7;4-8;4-9;4-10;4-11;4-12;4-13;4-14;5-6;5-8;5-10;5-11;5-12;5-13;5-14;6-8;6-10;6-11;6-12;6-13;6-14;7-9;7-11;7-12;7-13;7-14;8-10;8-11;8-12;8-13;8-14;9-12;9-13;9-14;10-11;10-12;10-13;10-14;11-12;11-13;11-14;12-13;12-14;13-14,"0,0,0,0,1,1,1,1,1,0,1,1,1,1,0,0,0,1,1,0,1,1,1,0,1,1,1,0,0,1,0,1,0,1,1,1,1,1,1,0,0,1,1,0,1,1,1,1,1,1,0,0,1,1,1,1,1,1,1,1,1,0,1,0,1,1,1,1,1,0,1,0,1,1,1,1,1,0,1,0,1,1,1,1,0,1,1,1,1,1,0,0,1,1,1,1,1,1,1,1,1,1,1,1,1"
632,15,77,9,0-2;0-3;0-4;0-7;0-9;0-11;0-13;0-14;1-4;1-7;1-9;1-10;1-11;1-12;1-13;1-14;2-3;2-4;2-5;2-6;2-7;2-8;2-9;2-10;2-12;2-13;2-14;3-4;3-5;3-6;3-7;3-8;3-9;3-11;4-5;4-6;4-7;4-8;4-9;4-10;4-11;4-12;4-13;4-14;5-7;5-9;5-10;5-11;5-13;6-7;6-9;6-11;6-12;6-13;7-8;7-9;7-10;7-11;7-12;7-13;7-14;8-9;8-10;8-11;8-12;8-14;9-10;9-11;9-12;9-13;9-14;10-12;10-13;10-14;12-13;12-14;13-14,"0,1,1,1,0,0,1,0,1,0,1,0,1,1,0,0,1,0,0,1,0,1,1,1,1,1,1,1,1,1,1,1,1,1,1,0,1,1,1,1,1,1,1,1,1,0,1,0,0,0,1,1,1,1,1,1,1,1,1,1,0,1,0,1,1,1,0,1,0,1,0,1,0,1,1,1,0,1,1,1,1,1,1,1,1,1,1,1,0,1,1,1,1,1,1,0,1,1,1,0,0,0,1,1,1"
633,15,77,9,0-2;0-4;0-5;0-7;0-8;0-9;0-10;0-12;1-2;1-3;1-4;1-5;1-7;1-9;1-11;1-12;1-13;1-14;2-3;2-4;2-5;2-6;2-7;2-8;2-9;2-10;2-11;2-12;2-13;2-14;3-4;3-5;3-7;3-8;3-9;3-10;3-14;4-5;4-6;4-7;4-8;4-9;4-10;4-11;4-12;4-13;4-14;5-7;5-9;5-12;5-13;5-14;6-7;6-8;6-9;6-10;6-12;6-14;7-8;7-9;7-10;7-11;7-12;7-13;7-14;8-10;8-11;8-13;9-10;9-11;9-12;9-14;10-11;11-12;12-13;12-14;13-14,"0,1,0,1,1,0,1,1,1,1,0,1,0,0,1,1,1,1,0,1,0,1,0,1,1,1,1,1,1,1,1,1,1,1,1,1,1,1,1,1,1,0,1,1,1,1,0,0,0,1,1,1,1,1,1,1,1,1,1,1,0,1,0,1,0,0,1,1,1,1,1,1,1,0,1,0,1,1,1,1,1,1,1,1,0,1,1,0,1,0,1,1,1,0,1,1,0,0,0,1,0,0,1,1,1"
634,15,77,9,0-1;0-2;0-3;0-4;0-5;0-6;0-7;0-8;0-9;0-10;0-11;0-12;0-13;0-14;1-2;1-3;1-5;1-7;1-8;1-9;1-10;1-12;1-13;2-3;2-5;2-6;2-7;2-9;2-10;2-11;2-12;2-13;2-14;3-4;3-5;3-9;3-11;3-12;3-13;4-5;4-6;4-8;4-9;4-10;4-11;4-14;5-6;5-7;5-8;5-9;5-10;5-11;5-12;5-13;5-14;6-7;6-9;6-11;6-12;7-8;7-9;7-10;7-12;7-13;7-14;8-9;8-12;8-13;9-10;9-11;9-12;9-13;9-14;10-11;11-14;12-13;13-14,"1,1,1,1,1,1,1,1,1,1,1,1,1,1,1,1,0,1,0,1,1,1,1,0,1,1,0,1,0,1,1,1,0,1,1,1,1,1,1,1,1,0,0,0,1,0,1,1,1,0,1,1,0,1,1,1,1,0,0,1,1,1,1,1,1,1,1,1,1,1,0,1,0,1,1,0,0,1,1,1,0,1,1,1,1,0,0,1,1,0,1,1,1,1,1,1,0,0,0,0,0,1,1,0,1"
635,15,77,9,0-2;0-4;0-5;0-7;0-8;0-9;0-10;0-11;0-14;1-2;1-3;1-5;1-6;1-7;1-8;1-10;1-11;1-12;1-13;2-3;2-5;2-6;2-7;2-8;2-9;2-10;2-11;2-12;2-14;3-5;3-6;3-7;3-8;3-11;3-12;3-13;3-14;4-5;4-7;4-8;4-9;4-10;4-11;4-13;4-14;5-6;5-7;5-8;5-9;5-10;5-11;5-12;5-13;5-14;6-7;6-8;6-9;6-11;6-12;6-13;7-8;7-9;7-10;7-11;7-12;7-13;7-14;8-9;8-10;8-11;8-12;8-13;8-14;9-12;10-12;12-13;12-14,"0,1,0,1,1,0,1,1,1,1,1,0,0,1,1,1,0,1,1,1,1,0,1,1,1,1,0,1,0,1,1,1,1,1,1,1,1,0,1,0,1,1,1,1,0,0,1,1,1,1,1,0,1,1,1,1,1,0,1,1,1,1,1,1,1,1,1,1,1,1,1,1,0,1,1,1,0,1,1,1,1,1,1,1,1,1,1,1,1,1,0,0,1,0,0,0,1,0,0,0,0,0,1,1,0"
636,15,77,9,0-1;0-2;0-3;0-4;0-5;0-6;0-7;0-8;0-9;0-10;0-11;0-12;0-13;0-14;1-4;1-5;1-7;1-8;1-9;1-11;1-12;2-4;2-6;2-7;2-8;2-9;2-11;2-12;2-13;3-4;3-5;3-6;3-8;3-9;3-11;3-12;4-8;4-9;4-10;4-11;4-14;5-6;5-7;5-8;5-10;5-11;5-12;5-13;5-14;6-7;6-8;6-11;6-12;6-13;6-14;7-8;7-11;7-12;7-13;7-14;8-9;8-10;8-11;8-12;8-13;8-14;9-10;9-11;9-12;10-11;10-12;10-13;11-12;11-13;11-14;12-13;13-14,"1,1,1,1,1,1,1,1,1,1,1,1,1,1,0,0,1,1,0,1,1,1,0,1,1,0,0,0,1,0,1,1,1,1,0,1,1,1,0,1,1,1,0,1,1,0,1,1,0,0,0,0,0,1,1,1,1,0,0,1,1,1,1,0,1,1,1,1,1,1,1,0,0,1,1,1,1,1,0,0,1,1,1,1,1,1,1,1,1,1,1,1,1,0,0,1,1,1,0,1,1,1,1,0,1"
637,15,77,9,0-1;0-2;0-3;0-4;0-5;0-6;0-7;0-8;0-9;0-10;0-11;0-12;0-13;0-14;1-2;1-3;1-6;1-7;1-10;1-11;1-12;1-13;1-14;2-3;2-4;2-5;2-6;2-7;2-9;2-10;2-11;2-12;2-13;3-5;3-6;3-7;3-10;3-11;3-12;3-14;4-5;4-6;4-7;4-8;4-9;4-11;4-13;5-7;5-8;5-10;5-11;6-7;6-8;6-11;6-12;7-8;7-9;7-10;7-11;7-12;7-13;7-14;8-9;8-11;8-13;8-14;9-10;9-11;9-12;10-11;10-12;10-13;10-14;11-12;11-13;11-14;12-14,"1,1,1,1,1,1,1,1,1,1,1,1,1,1,1,1,0,0,1,1,0,0,1,1,1,1,1,1,1,1,1,1,0,1,1,1,1,1,0,0,1,1,1,0,0,1,1,1,0,1,1,1,1,1,1,0,1,0,1,0,0,1,1,0,1,1,0,0,0,1,1,0,0,1,1,0,0,1,1,1,1,1,1,1,1,0,1,0,1,1,1,1,1,0,0,1,1,1,1,1,1,1,0,1,0"
638,15,77,9,0-1;0-2;0-3;0-4;0-5;0-6;0-7;0-8;0-9;0-10;0-11;0-12;0-13;0-14;1-2;1-3;1-4;1-5;1-6;1-7;1-8;1-9;1-10;1-11;1-12;1-13;1-14;2-4;2-5;2-6;2-7;2-8;2-9;2-10;2-13;3-4;3-5;3-7;3-11;3-12;3-13;3-14;4-5;4-6;4-8;4-10;5-6;5-7;5-8;5-9;5-10;5-11;5-12;5-13;5-14;6-8;6-9;6-10;6-12;6-13;7-9;7-10;7-11;8-9;8-10;8-13;8-14;9-10;9-11;9-12;9-13;9-14;10-12;10-14;11-12;11-13;11-14,"1,1,1,1,1,1,1,1,1,1,1,1,1,1,1,1,1,1,1,1,1,1,1,1,1,1,1,0,1,1,1,1,1,1,1,0,0,1,0,1,1,0,1,0,0,0,1,1,1,1,1,1,0,1,0,1,0,0,0,0,1,1,1,1,1,1,1,1,1,0,1,1,1,0,1,1,0,0,1,1,1,0,0,0,1,1,0,0,1,1,1,1,1,1,1,0,1,0,1,1,1,1,0,0,0"
639,15,77,9,0-1;0-3;0-4;0-5;0-6;0-8;0-10;0-14;1-2;1-3;1-4;1-5;1-6;1-7;1-8;1-9;1-10;1-11;1-12;1-13;1-14;2-3;2-5;2-6;2-8;2-10;2-13;2-14;3-5;3-9;3-10;3-11;3-12;3-14;4-6;4-7;4-8;4-9;4-10;4-12;4-13;4-14;5-8;5-9;5-10;5-11;5-14;6-7;6-8;6-10;6-11;6-12;6-13;6-14;7-8;7-9;7-10;7-11;7-12;7-13;7-14;8-9;8-10;8-11;8-13;8-14;9-10;9-13;9-14;10-11;10-12;10-13;10-14;11-14;12-13;12-14;13-14,"1,0,1,1,1,1,0,1,0,1,0,0,0,1,1,1,1,1,1,1,1,1,1,1,1,1,1,1,0,1,1,0,1,0,1,0,0,1,1,0,1,0,0,0,1,1,1,1,0,1,0,1,1,1,1,1,0,1,1,1,0,0,1,1,1,1,0,0,1,1,1,0,1,1,1,1,1,1,1,1,1,1,1,1,1,1,1,0,1,1,1,0,0,1,1,1,1,1,1,0,0,1,1,1,1"
640,15,77,9,0-1;0-2;0-3;0-4;0-6;0-8;0-11;0-12;0-14;1-2;1-5;1-6;1-9;1-11;1-12;1-14;2-3;2-4;2-5;2-6;2-7;2-8;2-9;2-10;2-11;2-12;2-13;2-14;3-6;3-9;3-10;3-11;3-12;3-13;3-14;4-5;4-6;4-11;4-12;4-13;4-14;5-6;5-7;5-8;5-9;5-10;5-11;5-13;5-14;6-7;6-8;6-9;6-10;6-11;6-12;6-13;6-14;7-9;7-10;7-11;7-12;7-13;8-10;8-11;8-12;8-14;9-10;9-11;9-13;9-14;10-11;10-13;10-14;11-12;11-13;11-14;13-14,"1,1,1,1,0,1,0,1,0,0,1,1,0,1,1,0,0,1,1,0,0,1,0,1,1,0,1,1,1,1,1,1,1,1,1,1,1,1,1,0,0,1,0,0,1,1,1,1,1,1,1,1,0,0,0,0,1,1,1,1,1,1,1,1,1,1,0,1,1,1,1,1,1,1,1,1,1,0,1,1,1,1,1,0,0,1,1,1,0,1,1,1,0,1,1,1,0,1,1,1,1,1,0,0,1"
641,15,77,9,0-2;0-3;0-5;0-6;0-7;0-11;0-12;0-13;1-2;1-3;1-4;1-5;1-7;1-10;1-11;1-12;1-13;2-3;2-7;2-8;2-11;2-12;2-13;2-14;3-4;3-5;3-6;3-7;3-8;3-9;3-10;3-11;3-12;3-13;3-14;4-5;4-6;4-7;4-9;4-10;4-11;4-13;4-14;5-6;5-7;5-9;5-10;5-11;5-13;6-7;6-8;6-9;6-10;6-11;6-13;6-14;7-8;7-9;7-10;7-11;7-12;7-13;7-14;8-10;8-11;8-12;8-13;9-10;9-11;9-12;10-11;10-13;11-12;11-13;11-14;12-14;13-14,"0,1,1,0,1,1,1,0,0,0,1,1,1,0,1,1,1,1,0,1,0,0,1,1,1,1,0,1,0,0,0,1,1,0,0,1,1,1,1,1,1,1,1,1,1,1,1,1,1,1,1,1,1,0,1,1,1,0,1,1,1,1,0,1,1,1,0,1,0,1,1,1,1,1,0,1,1,1,1,1,1,1,1,1,0,1,1,1,1,0,1,1,1,0,0,1,0,1,0,1,1,1,0,1,1"
642,15,77,9,0-1;0-2;0-3;0-4;0-7;0-8;0-9;0-11;0-12;0-14;1-2;1-3;1-4;1-7;1-8;1-9;1-11;1-12;1-13;2-3;2-4;2-5;2-6;2-7;2-8;2-9;2-10;2-11;2-12;2-13;2-14;3-4;3-5;3-6;3-7;3-8;3-9;3-10;3-11;3-12;3-13;3-14;4-5;4-6;4-7;4-8;4-9;4-10;4-11;4-12;4-13;4-14;5-6;5-9;5-10;5-12;5-13;5-14;6-7;6-10;6-12;6-13;6-14;7-8;7-10;7-11;7-12;7-13;7-14;8-9;8-10;8-11;8-13;8-14;9-11;10-11;11-12,"1,1,1,1,0,0,1,1,1,0,1,1,0,1,1,1,1,0,0,1,1,1,0,1,1,1,0,1,1,1,1,1,1,1,1,1,1,1,1,1,1,1,1,1,1,1,1,1,1,1,1,1,1,1,1,1,1,1,1,1,1,0,0,1,1,0,1,1,1,1,0,0,1,0,1,1,1,1,0,1,1,1,1,1,1,1,1,0,1,1,0,1,0,0,0,1,0,0,0,1,0,0,0,0,0"
643,15,77,9,0-2;0-3;0-6;0-7;0-8;0-9;0-11;0-14;1-2;1-3;1-4;1-6;1-7;1-8;1-9;1-11;2-4;2-7;2-8;2-9;2-10;2-11;2-12;2-13;2-14;3-5;3-6;3-7;3-8;3-11;3-12;3-13;4-5;4-7;4-8;4-9;4-10;4-11;4-13;4-14;5-6;5-7;5-8;5-9;5-10;5-11;5-14;6-7;6-8;6-9;6-11;6-12;7-8;7-9;7-10;7-11;7-12;7-13;7-14;8-9;8-10;8-11;8-12;8-13;8-14;9-10;9-11;9-12;9-14;10-11;10-12;10-13;10-14;11-12;11-13;11-14;13-14,"0,1,1,0,0,1,1,1,1,0,1,0,0,1,1,1,1,0,1,1,1,1,0,1,0,0,0,0,1,0,0,1,1,1,1,1,1,1,1,0,1,1,1,1,0,0,1,1,1,0,1,0,1,1,1,1,1,0,1,1,1,1,1,1,1,1,0,0,1,1,1,1,0,1,1,0,0,1,1,1,1,1,1,1,1,1,1,1,1,1,1,1,1,0,1,1,1,1,1,1,1,1,0,0,1"
644,15,77,9,0-1;0-2;0-4;0-5;0-7;0-8;0-10;0-11;0-13;1-3;1-6;1-7;1-8;1-9;1-11;1-12;2-4;2-5;2-7;2-8;2-10;2-11;2-13;2-14;3-5;3-6;3-7;3-8;3-9;3-10;3-11;3-12;3-13;3-14;4-6;4-7;4-8;4-9;4-11;4-12;4-14;5-6;5-7;5-8;5-11;5-14;6-7;6-8;6-9;6-11;6-12;6-14;7-8;7-9;7-10;7-11;7-12;7-13;7-14;8-9;8-10;8-11;8-12;8-13;8-14;9-10;9-11;9-12;9-14;10-11;10-14;11-12;11-13;11-14;12-13;12-14;13-14,"1,1,0,1,1,0,1,1,0,1,1,0,1,0,0,1,0,0,1,1,1,1,0,1,1,0,0,0,1,1,0,1,1,0,1,1,0,1,1,0,1,1,1,1,1,1,1,1,1,1,0,1,1,1,1,0,1,1,0,1,1,1,1,0,0,1,0,0,1,1,1,1,0,1,1,0,1,1,1,1,1,1,1,1,1,1,1,1,1,1,1,1,1,0,1,1,0,0,1,1,1,1,1,1,1"
645,15,77,9,0-2;0-4;0-6;0-7;0-9;0-10;0-11;0-12;0-13;0-14;1-2;1-3;1-4;1-5;1-6;1-7;1-8;1-9;1-11;2-3;2-4;2-5;2-6;2-7;2-8;2-9;2-10;2-11;2-12;2-13;2-14;3-4;3-5;3-6;3-7;3-8;3-9;3-12;4-6;4-7;4-11;4-13;4-14;5-6;5-7;5-10;5-11;5-13;6-7;6-8;6-9;6-10;6-11;6-12;6-13;6-14;7-8;7-9;7-10;7-11;7-12;7-13;7-14;8-10;8-11;8-14;9-10;9-11;10-11;10-12;10-13;10-14;11-13;11-14;12-13;12-14;13-14,"0,1,0,1,0,1,1,0,1,1,1,1,1,1,1,1,1,1,1,1,1,1,0,1,0,0,0,1,1,1,1,1,1,1,1,1,1,1,1,1,1,1,1,1,1,0,0,1,0,0,0,1,1,0,0,0,1,0,1,1,1,1,0,0,1,1,0,1,0,1,1,1,1,1,1,1,1,1,1,1,1,1,1,1,0,1,1,0,0,1,1,1,0,0,0,1,1,1,1,0,1,1,1,1,1"
646,15,77,9,0-4;0-5;0-6;0-7;0-9;0-10;0-13;0-14;1-2;1-3;1-4;1-6;1-7;1-9;1-10;1-11;1-12;1-14;2-5;2-6;2-7;2-9;2-10;2-12;2-13;2-14;3-4;3-7;3-9;3-10;3-12;3-13;3-14;4-6;4-7;4-8;4-9;4-10;4-11;4-12;4-14;5-6;5-7;5-8;5-9;5-11;5-13;5-14;6-7;6-8;6-9;6-10;6-11;6-12;6-14;7-8;7-9;7-10;7-11;7-12;7-13;7-14;8-9;8-12;8-13;8-14;9-10;9-11;9-12;9-13;9-14;10-12;10-14;11-13;11-14;12-14;13-14,"0,0,0,1,1,1,1,0,1,1,0,0,1,1,1,1,1,0,1,1,0,1,1,1,1,0,1,0,0,1,1,1,0,1,1,0,1,1,1,1,0,0,1,0,1,1,0,1,1,1,0,1,1,1,1,1,1,1,0,1,1,1,1,1,0,1,0,1,1,1,1,1,1,1,1,0,1,1,1,1,1,1,1,1,1,0,0,1,1,1,1,1,1,1,1,0,1,0,1,0,1,1,0,1,1"
647,15,77,9,0-1;0-2;0-3;0-4;0-5;0-6;0-7;0-8;0-9;0-10;0-11;0-12;0-13;0-14;1-2;1-7;1-9;1-10;1-11;1-12;1-13;2-3;2-4;2-5;2-6;2-7;2-8;2-9;2-10;2-11;2-12;2-13;2-14;3-5;3-7;3-9;3-12;3-13;3-14;4-5;4-7;4-9;4-10;4-12;4-14;5-6;5-7;5-8;5-9;5-10;5-11;5-13;5-14;6-9;6-10;6-11;6-12;6-13;6-14;7-8;7-9;7-10;7-11;7-13;8-9;8-11;8-12;8-14;9-10;9-11;9-12;9-13;9-14;10-11;10-13;11-13;12-14,"1,1,1,1,1,1,1,1,1,1,1,1,1,1,1,0,0,0,0,1,0,1,1,1,1,1,0,1,1,1,1,1,1,1,1,1,1,1,1,0,1,0,1,0,1,0,0,1,1,1,1,0,1,0,1,1,0,1,0,1,1,1,1,1,1,1,0,1,1,0,0,1,1,1,1,1,1,1,1,1,1,0,1,0,1,0,1,1,0,1,1,1,1,1,1,1,0,1,0,0,1,0,0,1,0"
648,15,77,9,0-1;0-2;0-3;0-4;0-5;0-6;0-7;0-8;0-9;0-10;0-11;0-12;0-13;0-14;1-2;1-3;1-4;1-7;1-9;1-12;1-13;1-14;2-3;2-4;2-5;2-8;2-10;2-13;3-4;3-8;3-9;3-12;3-13;3-14;4-5;4-6;4-7;4-8;4-9;4-10;4-11;4-12;4-13;4-14;5-6;5-7;5-8;5-10;5-11;5-12;5-13;6-7;6-8;6-10;6-11;6-12;6-13;6-14;7-10;7-11;7-13;8-9;8-10;8-11;8-12;8-13;8-14;9-10;9-11;9-13;10-11;10-13;10-14;11-12;11-13;12-13;13-14,"1,1,1,1,1,1,1,1,1,1,1,1,1,1,1,1,1,0,0,1,0,1,0,0,1,1,1,1,1,1,0,0,1,0,1,0,0,1,0,1,0,0,0,1,1,0,0,1,1,1,1,1,1,1,1,1,1,1,1,1,1,1,1,0,1,1,1,1,0,1,1,0,1,1,1,1,1,0,0,1,1,0,1,0,1,1,1,1,1,1,1,1,0,1,0,1,0,1,1,1,1,0,1,0,1"
649,15,77,9,0-1;0-4;0-5;0-6;0-8;0-10;0-11;0-13;1-2;1-3;1-5;1-7;1-8;1-10;1-11;1-13;2-4;2-5;2-8;2-10;2-11;2-12;2-13;3-5;3-6;3-8;3-9;3-10;3-11;3-12;3-13;4-5;4-6;4-7;4-8;4-9;4-10;4-12;4-13;4-14;5-6;5-7;5-8;5-9;5-10;5-11;5-12;5-13;5-14;6-8;6-9;6-10;6-12;6-13;6-14;7-8;7-9;7-10;7-11;7-13;8-9;8-10;8-11;8-12;8-13;8-14;9-10;9-12;9-13;9-14;10-12;10-13;11-13;11-14;12-13;12-14;13-14,"1,0,0,1,1,1,0,1,0,1,1,0,1,0,1,1,0,1,0,1,1,0,1,1,0,1,0,0,1,1,0,0,1,0,1,1,1,1,0,0,1,1,0,1,1,1,1,1,1,0,1,1,1,1,1,1,0,1,1,1,1,1,1,1,1,1,1,1,1,0,1,1,1,0,1,1,1,1,1,1,1,0,1,0,1,1,1,1,1,1,1,0,1,1,1,0,1,1,0,0,1,1,1,1,1"
650,15,77,9,0-1;0-4;0-5;0-6;0-7;0-8;0-10;0-12;1-3;1-4;1-5;1-7;1-8;1-9;1-12;1-13;2-3;2-4;2-5;2-6;2-7;2-8;2-10;2-11;2-13;2-14;3-4;3-5;3-7;3-8;3-10;3-11;3-12;4-5;4-6;4-7;4-8;4-9;4-10;4-11;4-12;4-13;4-14;5-6;5-7;5-8;5-9;5-10;5-11;5-12;5-13;5-14;6-7;6-8;6-9;6-10;6-11;6-13;6-14;7-8;7-9;7-10;7-11;7-13;8-9;8-10;8-11;8-12;8-13;8-14;9-11;9-12;10-11;10-14;11-14;12-13;12-14,"1,0,0,1,1,1,1,1,0,1,0,1,0,0,0,1,1,1,0,1,1,1,0,0,1,1,0,1,1,1,1,1,1,0,1,1,0,1,1,1,1,0,1,1,0,1,1,1,0,0,1,1,1,1,1,1,1,1,1,1,1,1,1,1,1,1,1,1,1,1,1,1,1,1,0,1,1,1,1,1,1,0,1,0,1,1,1,1,1,1,0,1,1,0,0,1,0,0,1,0,0,1,1,1,0"
651,15,77,9,0-1;0-3;0-4;0-5;0-6;0-7;0-9;0-11;0-14;1-2;1-3;1-4;1-5;1-6;1-7;1-8;1-9;1-10;1-11;1-12;1-13;1-14;2-3;2-4;2-6;2-7;2-8;2-10;2-11;2-12;2-13;2-14;3-5;3-6;3-7;3-8;3-12;4-6;4-7;4-8;4-10;4-13;5-6;5-7;5-9;5-11;5-12;5-14;6-7;6-8;6-9;6-10;6-11;6-12;6-13;6-14;7-8;7-9;7-10;7-11;7-12;7-13;7-14;8-9;8-10;8-12;8-13;9-10;9-12;9-13;10-11;10-12;10-13;11-12;12-13;12-14;13-14,"1,0,1,1,1,1,1,0,1,0,1,0,0,1,1,1,1,1,1,1,1,1,1,1,1,1,1,1,1,0,1,1,1,0,1,1,1,1,1,0,1,1,1,1,0,0,0,1,0,0,0,1,1,1,0,1,0,0,1,0,1,1,0,1,0,1,1,0,1,1,1,1,1,1,1,1,1,1,1,1,1,1,1,1,1,1,0,1,1,0,1,0,1,1,0,1,1,1,0,1,0,0,1,1,1"
652,15,78,9,0-5;0-6;0-8;0-9;0-11;0-12;0-13;0-14;1-5;1-7;1-8;1-10;1-11;1-12;1-13;1-14;2-5;2-7;2-9;2-10;2-11;2-12;2-13;2-14;3-6;3-7;3-9;3-10;3-11;3-12;3-13;3-14;4-6;4-8;4-9;4-10;4-11;4-12;4-13;4-14;5-8;5-9;5-10;5-11;5-12;5-13;5-14;6-9;6-11;6-12;6-13;6-14;7-10;7-11;7-12;7-13;7-14;8-9;8-10;8-11;8-12;8-13;8-14;9-10;9-11;9-12;9-13;9-14;10-11;10-12;10-13;10-14;11-12;11-13;11-14;12-13;12-14;13-14,"0,0,0,0,1,1,0,1,1,0,1,1,1,1,0,0,0,1,0,1,1,0,1,1,1,1,1,0,0,1,0,1,0,1,1,1,1,1,1,0,0,1,1,0,1,1,1,1,1,1,0,1,0,1,1,1,1,1,1,1,0,0,1,1,1,1,1,1,1,0,0,1,0,1,1,1,1,0,0,1,1,1,1,1,1,1,1,1,1,1,1,1,1,1,1,1,1,1,1,1,1,1,1,1,1"
653,15,78,9,0-1;0-2;0-3;0-4;0-5;0-6;0-7;0-8;0-9;0-10;0-11;0-12;0-13;0-14;1-2;1-3;1-4;1-6;1-7;1-8;1-10;1-11;1-12;1-13;1-14;2-3;2-4;2-5;2-6;2-7;2-8;2-9;2-10;2-11;2-12;2-13;2-14;3-4;3-5;3-6;3-7;3-9;3-10;3-11;3-13;3-14;4-5;4-6;4-7;4-8;4-9;4-10;4-11;4-12;4-13;4-14;5-6;5-7;5-9;5-11;6-8;6-11;7-11;7-14;8-11;8-12;8-13;9-10;9-11;9-14;10-11;10-12;10-13;10-14;11-12;11-13;11-14;12-14,"1,1,1,1,1,1,1,1,1,1,1,1,1,1,1,1,1,0,1,1,1,0,1,1,1,1,1,1,1,1,1,1,1,1,1,1,1,1,1,1,1,1,1,0,1,1,1,0,1,1,1,1,1,1,1,1,1,1,1,1,1,1,0,1,0,1,0,0,0,0,1,0,0,1,0,0,0,0,0,0,1,0,0,1,0,0,1,1,1,0,1,1,0,0,1,1,1,1,1,1,1,1,0,1,0"
654,15,78,9,0-1;0-2;0-4;0-5;0-6;0-7;0-8;0-9;0-10;0-11;0-12;0-14;1-2;1-3;1-4;1-5;1-6;1-7;1-8;1-9;1-10;1-11;1-12;1-13;1-14;2-6;2-10;2-11;2-12;2-13;2-14;3-6;3-7;3-10;3-11;3-12;3-13;3-14;4-6;4-9;4-11;4-12;4-13;4-14;5-6;5-7;5-9;5-10;5-11;5-14;6-7;6-8;6-9;6-10;6-11;6-12;6-13;6-14;7-8;7-10;7-11;7-12;7-14;8-9;8-11;8-12;8-14;9-11;9-14;10-11;10-12;10-14;11-12;11-13;11-14;12-13;12-14;13-14,"1,1,0,1,1,1,1,1,1,1,1,1,0,1,1,1,1,1,1,1,1,1,1,1,1,1,1,0,0,0,1,0,0,0,1,1,1,1,1,0,0,1,1,0,0,1,1,1,1,1,0,1,0,0,1,0,1,1,1,1,1,1,0,1,1,1,0,0,1,1,1,1,1,1,1,1,1,1,0,1,1,1,0,1,1,0,1,1,0,1,0,1,0,0,1,1,1,0,1,1,1,1,1,1,1"
655,15,78,9,0-1;0-2;0-3;0-4;0-5;0-6;0-7;0-8;0-9;0-10;0-11;0-12;0-13;0-14;1-2;1-3;1-4;1-5;1-6;1-7;1-8;1-9;1-10;1-11;1-12;1-13;1-14;2-4;2-7;2-8;2-10;2-12;2-13;3-4;3-6;3-7;3-8;3-11;3-12;4-5;4-6;4-7;4-8;4-9;4-10;4-11;4-12;4-13;4-14;5-7;5-8;5-10;5-11;5-13;6-7;6-9;6-12;6-14;7-8;7-9;7-10;7-11;7-12;7-13;7-14;8-11;8-12;8-13;9-11;9-12;9-13;10-13;10-14;11-12;11-13;12-13;12-14;13-14,"1,1,1,1,1,1,1,1,1,1,1,1,1,1,1,1,1,1,1,1,1,1,1,1,1,1,1,0,1,0,0,1,1,0,1,0,1,1,0,1,0,1,1,1,0,0,1,1,0,0,1,1,1,1,1,1,1,1,1,1,0,1,1,0,1,1,0,1,0,1,0,1,0,0,1,0,1,1,1,1,1,1,1,1,0,0,1,1,1,0,0,1,1,1,0,0,0,1,1,1,1,0,1,1,1"
656,15,78,9,0-1;0-2;0-3;0-4;0-5;0-6;0-7;0-8;0-9;0-10;0-11;0-12;0-13;0-14;1-2;1-4;1-5;1-6;1-7;1-8;1-10;1-11;1-12;1-13;1-14;2-3;2-4;2-5;2-6;2-7;2-8;2-9;2-10;2-11;2-12;2-13;2-14;3-4;3-5;3-9;3-10;3-13;3-14;4-5;4-8;4-10;4-11;4-13;4-14;5-6;5-7;5-8;5-9;5-10;5-11;5-12;5-13;5-14;6-10;6-12;6-13;6-14;7-9;7-10;7-12;7-14;8-9;8-10;8-14;9-10;9-14;10-11;10-12;10-13;10-14;11-12;11-13;13-14,"1,1,1,1,1,1,1,1,1,1,1,1,1,1,1,0,1,1,1,1,1,0,1,1,1,1,1,1,1,1,1,1,1,1,1,1,1,1,1,1,1,0,0,0,1,1,0,0,1,1,1,0,0,1,0,1,1,0,1,1,1,1,1,1,1,1,1,1,1,0,0,0,1,0,1,1,1,0,1,1,0,1,0,1,1,1,0,0,0,1,1,0,0,0,1,1,1,1,1,1,1,0,0,0,1"
657,15,78,9,0-1;0-2;0-3;0-4;0-5;0-6;0-7;0-8;0-9;0-10;0-11;0-12;0-13;0-14;1-2;1-3;1-4;1-5;1-6;1-7;1-8;1-9;1-10;1-11;1-12;1-13;1-14;2-3;2-7;2-9;2-12;2-13;2-14;3-5;3-7;3-8;3-9;3-10;3-11;3-12;3-13;3-14;4-5;4-6;4-8;4-9;4-10;4-13;5-8;5-9;5-13;5-14;6-7;6-8;6-9;6-12;6-13;7-8;7-9;7-10;7-12;7-13;8-9;8-10;8-11;8-12;8-13;9-10;9-11;9-12;9-13;9-14;10-13;11-12;11-13;11-14;12-13;13-14,"1,1,1,1,1,1,1,1,1,1,1,1,1,1,1,1,1,1,1,1,1,1,1,1,1,1,1,1,0,0,0,1,0,1,0,0,1,1,1,0,1,0,1,1,1,1,1,1,1,1,1,1,0,1,1,1,0,0,1,0,0,0,1,1,0,0,0,1,1,1,1,1,0,0,1,1,0,1,1,1,0,1,1,0,1,1,1,1,1,0,1,1,1,1,1,0,0,1,0,1,1,1,1,0,1"
658,15,78,9,0-2;0-5;0-6;0-7;0-9;0-11;0-13;0-14;1-2;1-3;1-4;1-5;1-6;1-7;1-8;1-9;1-10;1-11;1-12;1-13;2-3;2-4;2-5;2-6;2-7;2-8;2-9;2-10;2-11;2-12;2-13;2-14;3-4;3-5;3-8;3-9;3-11;3-12;4-5;4-7;4-9;4-11;4-14;5-6;5-7;5-8;5-9;5-10;5-11;5-12;5-13;5-14;6-7;6-8;6-9;6-10;6-11;6-13;7-9;7-10;7-11;7-12;7-13;7-14;8-9;8-11;8-13;9-10;9-11;9-12;9-13;9-14;10-11;10-14;11-12;11-13;11-14;12-13,"0,1,0,0,1,1,1,0,1,0,1,0,1,1,1,1,1,1,1,1,1,1,1,1,1,1,0,1,1,1,1,1,1,1,1,1,1,1,1,1,1,0,0,1,1,0,1,1,0,0,1,0,1,0,1,0,1,0,0,1,1,1,1,1,1,1,1,1,1,1,1,1,1,1,0,1,0,0,1,1,1,1,1,1,1,0,1,0,1,0,1,1,1,1,1,1,0,0,1,1,1,1,1,0,0"
659,15,78,9,0-1;0-5;0-6;0-7;0-8;0-11;0-12;0-14;1-2;1-3;1-4;1-5;1-6;1-7;1-8;1-9;1-10;1-11;1-12;1-13;1-14;2-4;2-5;2-7;2-8;2-9;2-10;2-12;2-13;2-14;3-5;3-7;3-8;3-9;3-11;3-12;3-14;4-5;4-6;4-7;4-8;4-9;4-12;5-6;5-7;5-8;5-9;5-10;5-11;5-12;5-13;5-14;6-7;6-8;6-12;6-13;7-8;7-9;7-10;7-11;7-12;7-13;7-14;8-9;8-12;8-13;8-14;9-10;9-12;9-14;10-11;10-12;10-14;11-12;11-14;12-13;12-14;13-14,"1,0,0,0,1,1,1,1,0,0,1,1,0,1,1,1,1,1,1,1,1,1,1,1,1,1,1,0,1,1,0,1,1,1,1,0,1,1,1,0,1,0,1,1,1,0,1,1,0,1,1,1,1,1,1,0,0,1,0,0,1,1,1,1,1,1,1,1,1,1,1,0,0,0,1,1,0,1,1,1,1,1,1,1,1,0,0,1,1,1,1,0,1,0,1,1,1,0,1,1,0,1,1,1,1"
660,15,78,9,0-1;0-4;0-6;0-7;0-8;0-10;0-11;0-14;1-2;1-3;1-4;1-5;1-6;1-7;1-8;1-9;1-10;1-11;1-12;1-13;1-14;2-4;2-6;2-7;2-9;2-10;2-13;2-14;3-4;3-6;3-7;3-9;3-11;3-13;3-14;4-5;4-6;4-7;4-8;4-9;4-10;4-11;4-12;4-13;4-14;5-6;5-7;5-8;5-9;5-11;5-13;6-7;6-8;6-9;6-10;6-11;6-12;6-13;6-14;7-8;7-9;7-10;7-11;7-12;7-13;7-14;8-9;8-11;8-12;8-14;9-11;9-12;9-13;9-14;10-12;10-14;11-14;12-14,"1,0,0,1,0,1,1,1,0,1,1,0,0,1,1,1,1,1,1,1,1,1,1,1,1,1,1,0,1,0,1,1,0,1,1,0,0,1,1,1,0,1,1,0,1,0,1,0,1,1,1,1,1,1,1,1,1,1,1,1,1,1,1,1,0,1,0,1,0,1,1,1,1,1,1,1,1,1,1,1,1,1,1,1,1,0,1,1,0,1,0,1,1,1,1,0,1,0,1,0,0,1,0,1,0"
661,15,78,9,0-1;0-4;0-6;0-7;0-10;0-12;0-13;0-14;1-2;1-3;1-4;1-5;1-6;1-7;1-8;1-9;1-10;1-11;1-12;1-13;1-14;2-3;2-4;2-5;2-7;2-8;2-10;2-11;2-12;2-13;3-4;3-5;3-7;3-8;3-10;3-12;3-13;3-14;4-7;4-10;4-12;4-13;5-6;5-7;5-8;5-9;5-10;5-11;5-12;5-13;5-14;6-7;6-9;6-10;6-12;6-13;7-8;7-9;7-10;7-11;7-12;7-13;7-14;8-9;8-12;8-13;9-11;9-12;9-13;10-11;10-12;10-13;10-14;11-12;11-13;12-13;12-14;13-14,"1,0,0,1,0,1,1,0,0,1,0,1,1,1,1,1,1,1,1,1,1,1,1,1,1,1,1,1,1,1,0,1,1,0,1,1,1,1,0,1,1,0,1,1,0,1,0,1,1,1,0,0,1,0,0,1,0,1,1,0,1,1,1,1,1,1,1,1,1,1,0,1,1,0,1,1,0,1,1,1,1,1,1,1,1,0,0,1,1,0,0,1,1,1,0,1,1,1,1,1,1,0,1,1,1"
662,15,78,9,0-1;0-2;0-6;0-7;0-8;0-12;0-13;0-14;1-2;1-3;1-4;1-5;1-6;1-7;1-8;1-9;1-10;1-11;1-12;1-13;1-14;2-3;2-4;2-5;2-6;2-7;2-8;2-9;2-10;2-11;2-12;2-13;2-14;3-6;3-7;3-9;3-10;3-12;3-13;4-6;4-7;4-9;4-10;4-12;4-14;5-6;5-8;5-9;5-10;5-12;5-14;6-7;6-8;6-9;6-10;6-11;6-12;6-13;6-14;7-9;7-12;7-13;7-14;8-11;8-12;8-14;9-10;9-11;9-12;9-13;9-14;10-12;11-12;11-13;11-14;12-13;12-14;13-14,"1,1,0,0,0,1,1,1,0,0,0,1,1,1,1,1,1,1,1,1,1,1,1,1,1,1,1,1,1,1,1,1,1,1,1,1,1,1,1,0,0,1,1,0,1,1,0,1,1,0,0,1,1,0,1,1,0,1,0,1,1,0,1,1,1,0,1,0,1,1,1,1,1,1,1,1,1,0,1,0,0,1,1,1,0,0,1,1,0,1,1,1,1,1,1,0,1,0,0,1,1,1,1,1,1"
663,15,78,9,0-1;0-2;0-3;0-4;0-6;0-9;0-11;0-13;1-2;1-3;1-4;1-5;1-6;1-7;1-8;1-9;1-10;1-11;1-12;1-13;1-14;2-3;2-4;2-5;2-6;2-8;2-11;3-4;3-5;3-6;3-7;3-8;3-9;3-10;3-11;3-12;3-13;3-14;4-5;4-6;4-7;4-8;4-9;4-11;4-13;4-14;5-6;5-7;5-11;5-12;6-7;6-8;6-9;6-10;6-11;6-12;6-13;6-14;7-8;7-9;7-10;7-11;7-12;7-13;7-14;8-9;8-11;9-10;9-11;9-13;10-11;10-12;10-13;11-12;11-13;11-14;12-14;13-14,"1,1,1,1,0,1,0,0,1,0,1,0,1,0,1,1,1,1,1,1,1,1,1,1,1,1,1,1,1,1,1,0,1,0,0,1,0,0,0,1,1,1,1,1,1,1,1,1,1,1,1,1,1,1,1,0,1,0,1,1,1,1,0,0,0,1,1,0,0,1,1,1,1,1,1,1,1,1,1,1,1,1,1,1,1,0,1,0,0,0,1,1,0,1,0,1,1,1,0,1,1,1,0,1,1"
664,15,78,9,0-1;0-2;0-4;0-7;0-8;0-10;0-11;0-12;1-2;1-3;1-4;1-5;1-6;1-7;1-8;1-9;1-10;1-11;1-12;1-13;1-14;2-3;2-4;2-5;2-6;2-7;2-8;2-9;2-10;2-11;2-12;2-13;2-14;3-4;3-5;3-7;3-8;3-11;3-12;4-5;4-6;4-7;4-9;4-10;4-11;4-12;4-13;5-7;5-9;5-11;5-12;5-13;5-14;6-7;6-10;6-11;6-12;6-13;7-8;7-9;7-10;7-11;7-12;7-13;7-14;8-11;8-12;8-14;9-10;9-12;9-13;10-12;11-12;11-13;11-14;12-13;12-14;13-14,"1,1,0,1,0,0,1,1,0,1,1,1,0,0,1,1,1,1,1,1,1,1,1,1,1,1,1,1,1,1,1,1,1,1,1,1,1,1,1,1,1,0,1,1,0,0,1,1,0,0,1,1,1,0,1,1,1,1,1,0,0,1,0,1,0,1,1,1,1,1,0,0,1,1,1,1,0,1,1,1,1,1,1,1,0,0,1,1,0,1,1,0,1,1,0,0,1,0,0,1,1,1,1,1,1"
665,15,78,9,0-1;0-2;0-3;0-4;0-5;0-6;0-7;0-8;0-9;0-10;0-11;0-13;1-2;1-3;1-4;1-5;1-6;1-7;1-8;1-9;1-10;1-11;1-12;1-13;1-14;2-3;2-4;2-6;2-7;2-9;2-10;2-11;2-12;2-13;2-14;3-5;3-7;3-9;3-10;3-13;4-6;4-7;4-10;4-13;4-14;5-7;5-8;5-10;5-11;5-13;6-7;6-8;6-9;6-10;6-12;6-13;7-8;7-9;7-10;7-11;7-12;7-13;7-14;8-9;8-10;8-13;9-10;9-12;9-13;10-11;10-12;10-13;10-14;11-13;11-14;12-13;12-14;13-14,"1,1,1,1,1,1,1,1,1,1,1,0,1,0,1,1,1,1,1,1,1,1,1,1,1,1,1,1,1,0,1,1,0,1,1,1,1,1,1,0,1,0,1,0,1,1,0,0,1,0,0,1,1,0,0,1,0,0,1,1,0,1,1,0,1,1,0,1,0,1,1,1,1,0,1,1,0,1,1,1,1,1,1,1,1,1,0,0,1,0,1,0,1,1,0,1,1,1,1,0,1,1,1,1,1"
666,15,78,9,0-3;0-4;0-7;0-8;0-10;0-11;0-12;0-13;1-2;1-3;1-4;1-7;1-9;1-10;1-11;1-12;2-3;2-4;2-5;2-7;2-9;2-10;2-12;2-13;2-14;3-4;3-5;3-6;3-7;3-8;3-9;3-10;3-11;3-12;3-13;3-14;4-5;4-6;4-7;4-8;4-9;4-10;4-11;4-12;4-13;4-14;5-7;5-8;5-9;5-12;5-13;6-7;6-8;6-9;6-10;6-12;6-13;7-8;7-9;7-10;7-11;7-12;7-13;7-14;8-12;8-13;9-10;9-12;9-13;10-11;10-12;10-13;10-14;11-12;11-14;12-13;12-14;13-14,"0,0,1,1,0,0,1,1,0,1,1,1,1,0,1,1,1,0,0,1,0,1,1,1,1,0,0,1,1,1,0,1,0,1,1,0,1,1,1,1,1,1,1,1,1,1,1,1,1,1,1,1,1,1,1,1,1,1,1,1,0,1,1,1,0,0,1,1,0,1,1,1,1,0,1,1,0,1,1,1,1,1,1,1,0,0,0,1,1,0,1,0,1,1,0,1,1,1,1,1,0,1,1,1,1"
667,15,78,9,0-1;0-2;0-4;0-6;0-7;0-12;0-13;0-14;1-2;1-3;1-4;1-5;1-6;1-7;1-8;1-9;1-10;1-11;1-12;1-13;1-14;2-5;2-6;2-7;2-8;2-12;2-14;3-5;3-6;3-7;3-8;3-9;3-12;3-14;4-6;4-7;4-9;4-11;4-12;4-14;5-6;5-7;5-8;5-9;5-10;5-11;5-12;5-13;5-14;6-7;6-8;6-9;6-10;6-11;6-12;6-13;6-14;7-8;7-9;7-10;7-11;7-12;7-13;7-14;8-10;8-14;9-10;9-11;9-12;9-14;10-11;10-14;11-12;11-13;11-14;12-13;12-14;13-14,"1,1,0,1,0,1,1,0,0,0,0,1,1,1,1,1,1,1,1,1,1,1,1,1,1,1,1,0,0,1,1,1,1,0,0,0,1,0,1,0,1,1,1,1,1,0,0,1,0,1,0,1,1,0,1,0,1,1,0,1,1,1,1,1,1,1,1,1,1,1,1,1,1,1,1,1,1,1,1,1,1,1,1,1,0,1,0,0,0,1,1,1,1,0,1,1,0,0,1,1,1,1,1,1,1"
668,15,78,9,0-1;0-2;0-4;0-6;0-7;0-9;0-11;0-13;1-2;1-4;1-6;1-7;1-10;1-11;1-12;1-13;1-14;2-3;2-4;2-5;2-6;2-7;2-8;2-9;2-10;2-11;2-12;2-13;2-14;3-4;3-5;3-6;3-7;3-9;3-13;3-14;4-5;4-6;4-7;4-8;4-9;4-10;4-11;4-12;4-13;4-14;5-6;5-7;5-10;5-12;5-14;6-7;6-8;6-9;6-10;6-11;6-12;6-13;6-14;7-8;7-9;7-10;7-11;7-12;7-13;7-14;8-9;8-11;8-13;8-14;9-13;10-13;10-14;11-12;11-13;11-14;12-14;13-14,"1,1,0,1,0,1,1,0,1,0,1,0,1,0,1,0,1,0,1,1,0,0,1,1,1,1,1,1,1,1,1,1,1,1,1,1,1,1,1,1,1,1,1,0,1,0,0,0,1,1,1,1,1,1,1,1,1,1,1,1,1,1,0,0,1,0,1,0,1,1,1,1,1,1,1,1,1,1,1,1,1,1,1,1,1,0,1,0,1,1,0,0,0,1,0,0,0,1,1,1,1,1,0,1,1"
669,15,78,9,0-1;0-2;0-3;0-4;0-5;0-6;0-7;0-8;0-9;0-10;0-11;0-12;0-13;0-14;1-2;1-4;1-6;1-8;1-9;1-12;1-14;2-3;2-4;2-6;2-7;2-8;2-9;2-11;2-12;3-4;3-5;3-6;3-7;3-8;3-9;4-5;4-6;4-7;4-8;4-9;4-10;4-11;4-12;4-13;4-14;5-6;5-7;5-8;5-11;5-13;6-7;6-8;6-9;6-10;6-11;6-12;6-13;6-14;7-8;7-9;7-10;7-11;7-12;7-13;8-9;8-10;8-11;8-12;8-13;8-14;9-10;9-12;9-13;9-14;10-12;10-14;11-12;13-14,"1,1,1,1,1,1,1,1,1,1,1,1,1,1,1,0,1,0,1,0,1,1,0,0,1,0,1,1,1,0,1,1,1,1,0,1,1,0,0,1,1,1,1,1,1,0,0,0,0,0,1,1,1,1,1,1,1,1,1,1,1,1,1,0,0,1,0,1,0,1,1,1,1,1,1,1,1,1,1,1,1,1,1,0,1,1,1,1,1,1,1,0,1,1,1,0,1,0,1,1,0,0,0,0,1"
670,15,78,9,0-1;0-2;0-3;0-4;0-5;0-7;0-9;0-10;0-11;0-12;0-13;0-14;1-2;1-3;1-5;1-6;1-9;1-12;1-13;2-3;2-4;2-5;2-6;2-7;2-8;2-9;2-10;2-11;2-12;2-13;2-14;3-5;3-7;3-8;3-9;3-11;3-12;3-13;4-5;4-6;4-9;4-10;4-12;4-13;5-6;5-7;5-8;5-9;5-10;5-11;5-12;5-13;5-14;6-8;6-9;6-12;6-13;7-10;7-11;7-12;7-13;8-9;8-11;8-12;8-13;9-11;9-12;9-13;9-14;10-12;10-13;10-14;11-12;11-13;11-14;12-13;12-14;13-14,"1,1,1,1,1,0,1,0,1,1,1,1,1,1,1,1,0,1,1,0,0,1,0,0,1,1,0,1,1,1,1,1,1,1,1,1,1,1,1,0,1,0,1,1,1,0,1,1,1,0,1,1,0,0,1,1,0,1,1,0,1,1,1,1,1,1,1,1,1,0,1,1,0,0,1,1,0,0,0,1,1,1,1,0,1,0,1,1,1,0,0,1,1,1,1,0,1,1,1,1,1,1,1,1,1"
671,15,78,9,0-1;0-2;0-3;0-4;0-5;0-6;0-7;0-8;0-9;0-10;0-11;0-12;0-13;0-14;1-2;1-3;1-4;1-7;1-10;1-11;1-12;1-13;1-14;2-3;2-4;2-7;2-9;2-10;2-11;2-12;2-13;3-4;3-5;3-6;3-7;3-8;3-9;3-10;3-11;3-12;3-13;3-14;4-5;4-6;4-7;4-9;4-10;4-11;4-12;4-14;5-6;5-8;5-10;5-11;5-12;6-7;6-10;6-12;6-14;7-10;7-12;8-9;8-10;8-11;8-12;8-13;9-10;9-11;9-12;10-11;10-12;10-13;10-14;11-12;11-13;11-14;12-13;12-14,"1,1,1,1,1,1,1,1,1,1,1,1,1,1,1,1,1,0,0,1,0,0,1,1,1,1,1,1,1,0,0,1,0,1,1,1,1,1,0,1,1,1,1,1,1,1,1,1,1,1,1,1,1,0,1,1,1,1,0,1,1,0,1,0,1,1,1,0,0,1,0,0,1,0,1,0,1,0,0,1,0,1,0,0,1,1,1,1,1,0,1,1,1,0,0,1,1,1,1,1,1,1,1,1,0"
672,15,78,9,0-1;0-2;0-3;0-4;0-5;0-6;0-7;0-8;0-9;0-10;0-11;0-12;0-13;0-14;1-5;1-6;1-7;1-8;1-9;1-10;1-12;2-3;2-4;2-5;2-6;2-7;2-8;2-13;3-5;3-6;3-7;3-8;3-10;3-14;4-5;4-6;4-7;4-8;4-12;4-14;5-6;5-7;5-8;5-9;5-10;5-11;5-12;5-13;5-14;6-7;6-8;6-10;6-12;6-13;6-14;7-8;7-9;7-10;7-11;7-12;7-13;7-14;8-9;8-10;8-11;8-12;8-13;8-14;9-10;9-11;9-13;10-11;10-12;10-13;10-14;11-12;11-14;12-14,"1,1,1,1,1,1,1,1,1,1,1,1,1,1,0,0,0,1,1,1,1,1,1,0,1,0,0,1,1,1,1,1,1,0,0,0,0,1,0,0,1,1,1,1,0,1,0,0,0,1,1,1,1,1,0,0,0,1,0,1,1,1,1,1,1,1,1,1,1,1,1,0,1,0,1,1,1,1,1,1,1,1,1,1,1,1,1,1,1,1,1,1,0,1,0,1,1,1,1,1,0,1,0,1,0"
673,15,78,9,0-5;0-6;0-7;0-8;0-10;0-11;0-12;0-13;0-14;1-5;1-6;1-7;1-9;1-10;1-12;1-13;1-14;2-5;2-7;2-8;2-9;2-11;2-12;2-13;2-14;3-6;3-8;3-9;3-10;3-11;3-12;3-13;3-14;4-7;4-8;4-9;4-10;4-11;4-12;4-13;4-14;5-6;5-9;5-10;5-11;5-12;5-13;5-14;6-9;6-10;6-11;6-12;6-13;6-14;7-8;7-12;7-13;7-14;8-10;8-11;8-12;8-13;8-14;9-10;9-11;9-12;9-13;9-14;10-11;10-12;10-13;10-14;11-12;11-13;11-14;12-13;12-14;13-14,"0,0,0,0,1,1,1,1,0,1,1,1,1,1,0,0,0,1,1,1,0,1,1,0,1,1,1,0,0,1,0,1,1,1,0,1,1,1,1,0,0,1,0,1,1,1,1,1,1,1,0,0,1,1,1,1,1,1,1,1,1,0,0,1,1,1,1,1,1,0,0,1,1,1,1,1,1,1,0,0,0,1,1,1,0,1,1,1,1,1,1,1,1,1,1,1,1,1,1,1,1,1,1,1,1"
674,15,78,9,0-3;0-5;0-6;0-7;0-9;0-10;0-11;0-14;1-2;1-4;1-5;1-6;1-7;1-8;1-9;1-10;1-11;1-12;1-13;1-14;2-5;2-6;2-7;2-8;2-9;2-11;2-12;2-13;2-14;3-4;3-5;3-6;3-8;3-9;3-10;3-12;4-5;4-6;4-7;4-9;4-10;4-14;5-6;5-7;5-8;5-9;5-10;5-11;5-12;5-13;5-14;6-7;6-8;6-9;6-10;6-11;6-12;6-13;6-14;7-8;7-9;7-11;7-13;7-14;8-9;8-11;9-10;9-11;9-12;9-13;9-14;10-12;10-13;10-14;11-12;11-14;12-14;13-14,"0,0,1,0,1,1,1,0,1,1,1,0,0,1,1,0,1,1,1,1,1,1,1,1,1,1,1,0,0,1,1,1,1,1,0,1,1,1,1,1,1,1,0,1,1,1,0,1,0,0,1,1,1,0,1,1,0,0,0,1,1,1,1,1,1,1,1,1,1,1,1,1,1,1,1,1,1,1,1,0,1,0,1,1,1,0,1,0,0,0,1,1,1,1,1,0,1,1,1,1,0,1,0,1,1"
675,15,78,9,0-1;0-3;0-5;0-6;0-7;0-8;0-10;0-12;1-2;1-3;1-5;1-6;1-7;1-9;1-10;1-11;1-13;1-14;2-3;2-4;2-5;2-6;2-7;2-9;2-10;2-13;2-14;3-4;3-5;3-6;3-7;3-8;3-9;3-10;3-11;3-12;3-13;3-14;4-5;4-6;4-7;4-8;4-10;4-12;4-13;5-6;5-7;5-8;5-9;5-10;5-11;5-12;5-13;5-14;6-7;6-8;6-9;6-10;6-11;6-12;6-13;6-14;7-8;7-10;7-11;7-13;7-14;8-10;8-11;8-12;8-14;9-10;9-12;9-13;10-13;10-14;11-12;11-13,"1,0,1,0,1,1,1,1,0,1,0,1,0,0,1,1,0,1,1,1,0,1,1,1,0,1,1,1,1,1,1,1,0,1,1,0,0,1,1,1,1,1,1,1,1,1,1,1,1,1,1,1,1,1,0,1,0,1,1,0,1,1,1,1,1,1,1,1,1,1,1,1,1,1,1,1,1,1,0,1,1,0,1,1,0,1,1,1,0,1,1,0,1,1,0,0,0,1,1,1,1,0,0,0,0"
676,15,78,9,0-1;0-2;0-3;0-6;0-7;0-8;0-9;0-11;0-12;0-14;1-2;1-3;1-4;1-6;1-7;1-9;1-10;1-11;1-12;1-13;1-14;2-3;2-6;2-7;2-9;2-11;2-12;2-13;2-14;3-4;3-5;3-6;3-7;3-8;3-9;3-10;3-11;3-12;3-13;3-14;4-5;4-9;4-10;4-11;4-12;4-14;5-6;5-7;5-8;5-9;5-10;5-12;6-9;6-10;6-11;6-12;7-9;7-12;7-14;8-9;8-10;8-11;8-12;8-14;9-10;9-11;9-12;9-13;9-14;10-11;10-12;10-13;11-12;11-13;11-14;12-13;12-14;13-14,"1,1,1,0,0,1,1,1,1,0,1,1,0,1,1,1,1,0,1,1,0,1,1,1,1,1,1,1,0,0,1,1,0,1,0,1,1,1,1,1,1,1,1,1,1,1,1,1,1,1,1,0,0,0,1,1,1,1,0,1,1,1,1,1,1,0,1,0,0,0,0,1,1,1,1,0,0,0,1,0,0,1,0,1,1,1,1,1,0,1,1,1,1,1,1,1,1,1,0,1,1,1,1,1,1"
677,15,78,9,0-1;0-4;0-5;0-6;0-9;0-10;0-11;0-12;0-14;1-2;1-3;1-4;1-5;1-6;1-7;1-8;1-9;1-10;1-11;1-12;1-13;1-14;2-4;2-5;2-6;2-8;2-10;2-11;2-12;3-5;3-6;3-8;3-9;3-10;3-11;3-12;4-5;4-7;4-8;4-9;4-10;4-11;4-12;4-13;4-14;5-6;5-7;5-8;5-9;5-10;5-11;5-12;5-13;5-14;6-7;6-11;6-12;7-8;7-9;7-12;7-14;8-9;8-10;8-12;8-13;8-14;9-10;9-12;9-14;10-11;10-12;10-13;10-14;11-12;11-13;12-13;12-14;13-14,"1,0,0,1,1,1,0,0,1,1,1,1,0,1,1,1,1,1,1,1,1,1,1,1,1,1,1,0,1,1,1,0,1,0,1,1,1,0,0,0,1,1,0,1,1,1,1,1,0,0,1,0,1,1,1,1,1,1,1,1,1,1,1,1,1,1,1,1,1,1,0,0,0,1,1,0,0,1,1,0,0,1,0,1,1,1,0,1,1,1,1,0,1,0,1,1,1,1,1,1,1,0,1,1,1"
678,15,78,9,0-2;0-3;0-4;0-8;0-9;0-11;0-13;0-14;1-2;1-4;1-5;1-7;1-8;1-9;1-10;1-12;2-4;2-7;2-8;2-9;2-10;2-11;2-13;2-14;3-4;3-5;3-6;3-8;3-9;3-10;3-12;4-5;4-6;4-7;4-8;4-9;4-10;4-11;4-12;4-13;4-14;5-6;5-7;5-8;5-9;5-10;5-11;5-12;6-7;6-8;6-9;6-10;6-11;6-12;6-13;7-8;7-9;7-10;7-11;7-12;7-13;7-14;8-9;8-10;8-11;8-12;8-13;8-14;9-10;9-11;9-12;9-13;9-14;10-11;10-12;10-14;12-13;12-14,"0,1,1,1,0,0,0,1,1,0,1,0,1,1,1,0,1,1,0,1,1,1,1,0,1,0,0,0,1,0,0,1,1,1,1,1,0,1,1,1,1,1,0,1,1,1,0,1,0,0,1,1,1,1,1,1,1,1,1,1,1,1,1,1,1,1,1,0,0,1,1,1,1,1,1,1,0,1,1,1,1,1,1,1,1,1,1,1,1,1,1,1,1,1,1,1,1,0,1,0,0,0,1,1,0"
679,15,78,9,0-2;0-3;0-5;0-6;0-9;0-10;0-11;0-12;1-3;1-4;1-5;1-7;1-8;1-9;1-10;1-11;1-12;1-13;2-3;2-4;2-6;2-7;2-8;2-10;2-11;3-4;3-5;3-6;3-7;3-8;3-9;3-10;3-11;3-12;3-13;3-14;4-5;4-6;4-7;4-8;4-9;4-10;4-11;4-13;4-14;5-6;5-7;5-10;5-11;5-13;6-7;6-10;6-11;6-12;6-14;7-8;7-10;7-11;7-12;7-13;7-14;8-9;8-10;8-11;8-12;8-13;8-14;9-10;9-11;9-13;10-11;10-12;10-13;10-14;11-12;11-13;11-14;13-14,"0,1,1,0,1,1,0,0,1,1,1,1,0,0,0,1,1,1,0,1,1,1,1,1,1,1,0,1,1,0,1,1,1,0,1,1,0,0,0,1,1,1,1,1,1,1,1,1,1,1,1,1,1,1,1,1,1,0,1,1,1,1,0,0,1,1,0,1,0,1,0,0,1,1,1,0,1,1,0,1,1,1,1,1,1,1,1,1,1,1,1,1,0,1,0,1,1,1,1,1,1,1,0,0,1"
680,15,78,9,0-1;0-2;0-6;0-7;0-8;0-10;0-11;0-12;1-2;1-3;1-5;1-9;1-10;1-11;1-13;2-3;2-4;2-5;2-6;2-7;2-8;2-9;2-10;2-11;2-12;2-13;2-14;3-4;3-5;3-6;3-10;3-11;3-12;4-5;4-6;4-7;4-8;4-9;4-10;4-11;4-12;4-13;4-14;5-6;5-9;5-10;5-11;5-13;5-14;6-7;6-8;6-10;6-11;6-12;6-13;6-14;7-8;7-9;7-10;7-11;7-12;7-13;8-10;8-11;8-12;8-13;8-14;9-10;9-11;9-12;10-11;10-12;10-13;10-14;11-12;11-13;11-14;12-14,"1,1,0,0,0,1,1,1,0,1,1,1,0,0,1,1,0,1,0,0,0,1,1,1,0,1,0,1,1,1,1,1,1,1,1,1,1,1,1,1,1,1,0,0,0,1,1,1,0,0,1,1,1,1,1,1,1,1,1,1,1,0,0,1,1,1,0,1,1,1,1,0,1,1,1,1,1,1,1,1,1,1,1,0,0,1,1,1,1,1,1,1,1,0,0,1,1,1,1,1,1,1,0,1,0"
681,15,78,9,0-3;0-4;0-5;0-6;0-8;0-9;0-10;0-11;0-12;0-14;1-2;1-3;1-4;1-5;1-6;1-7;1-9;1-10;1-13;1-14;2-4;2-5;2-9;2-10;2-12;2-13;2-14;3-4;3-5;3-6;3-7;3-8;3-9;3-10;3-11;3-13;3-14;4-5;4-6;4-7;4-8;4-9;4-10;4-11;4-12;4-13;4-14;5-6;5-8;5-9;5-10;6-7;6-8;6-9;6-10;6-11;6-12;6-13;7-8;7-9;7-10;7-11;8-9;8-10;8-11;8-12;9-10;9-11;9-12;9-13;9-14;10-11;10-12;10-13;10-14;11-12;11-13;11-14,"0,0,1,1,1,1,0,1,1,1,1,1,0,1,1,1,1,1,1,1,0,1,1,0,0,1,1,0,1,1,0,0,0,1,1,0,1,1,1,1,1,1,1,1,1,1,1,0,1,1,1,1,1,1,1,1,1,1,1,1,1,0,1,1,1,0,0,0,0,1,1,1,1,1,1,1,0,1,1,1,1,0,0,0,1,1,1,1,0,0,1,1,1,1,1,1,1,1,1,1,1,1,0,0,0"
682,15,78,9,0-1;0-2;0-3;0-5;0-6;0-7;0-8;0-10;0-11;0-12;0-13;0-14;1-3;1-5;1-6;1-7;1-8;1-10;1-11;1-12;1-13;2-4;2-6;2-7;2-8;2-9;2-10;2-12;2-13;2-14;3-5;3-6;3-7;3-8;3-9;3-10;3-11;3-13;3-14;4-5;4-6;4-8;4-9;4-12;4-13;4-14;5-6;5-8;5-11;5-13;6-7;6-8;6-9;6-10;6-11;6-12;6-13;6-14;7-8;7-10;7-13;8-9;8-10;8-11;8-12;8-13;8-14;9-10;9-11;9-13;10-11;10-12;10-13;10-14;11-12;11-13;12-13;13-14,"1,1,1,0,1,1,1,1,0,1,1,1,1,1,0,1,0,1,1,1,1,0,1,1,1,1,0,0,1,0,1,1,1,1,1,0,1,1,1,0,1,1,1,1,1,1,1,0,1,1,1,1,0,1,1,0,0,1,1,1,1,0,1,0,0,1,0,1,0,1,1,1,1,1,1,1,1,1,0,1,0,0,1,0,1,1,1,1,1,1,1,1,0,1,0,1,1,1,1,1,1,0,1,0,1"
683,15,78,9,0-1;0-2;0-3;0-4;0-5;0-6;0-7;0-8;0-9;0-10;0-11;0-12;0-13;0-14;1-3;1-5;1-6;1-9;1-10;1-13;1-14;2-3;2-4;2-5;2-7;2-8;2-10;2-11;2-12;2-13;3-4;3-7;3-9;3-10;3-11;3-13;4-5;4-7;4-10;4-11;4-12;4-13;4-14;5-7;5-10;5-12;5-13;6-7;6-9;6-10;6-11;6-12;6-13;7-8;7-9;7-10;7-11;7-12;7-13;8-9;8-10;8-11;8-12;8-13;9-10;9-11;9-13;9-14;10-11;10-12;10-13;10-14;11-12;11-13;11-14;12-13;12-14;13-14,"1,1,1,1,1,1,1,1,1,1,1,1,1,1,0,1,0,1,1,0,0,1,1,0,0,1,1,1,1,1,0,1,1,0,1,1,1,1,0,1,0,0,1,0,1,1,1,0,1,0,1,0,1,0,0,1,1,1,1,1,0,1,0,0,1,0,1,1,0,1,0,1,1,1,1,1,0,1,1,1,1,1,1,0,1,1,1,1,1,0,1,1,0,1,1,1,1,1,1,1,1,1,1,1,1"
684,15,78,9,0-1;0-2;0-3;0-4;0-5;0-8;0-10;0-14;1-2;1-3;1-4;1-5;1-6;1-7;1-8;1-9;1-10;1-11;1-12;1-13;1-14;2-3;2-4;2-5;2-6;2-9;2-10;2-11;2-12;2-13;2-14;3-4;3-5;3-6;3-7;3-10;3-11;3-13;3-14;4-5;4-6;4-9;4-10;4-13;4-14;5-6;5-7;5-9;5-10;5-14;6-7;6-9;6-10;6-11;6-12;6-13;6-14;7-8;7-10;7-12;7-14;8-9;8-10;8-11;8-12;8-14;9-10;9-12;9-14;10-11;10-12;10-13;10-14;11-12;11-14;12-13;12-14;13-14,"1,1,1,1,1,0,0,1,0,1,0,0,0,1,1,1,1,1,1,1,1,1,1,1,1,1,1,1,1,1,1,0,0,1,1,1,1,1,1,1,1,1,1,0,0,1,1,0,1,1,1,1,0,0,1,1,0,0,1,1,1,1,0,1,1,0,0,0,1,1,0,1,1,1,1,1,1,1,0,1,0,1,0,1,1,1,1,1,0,1,1,0,1,0,1,1,1,1,1,1,0,1,1,1,1"
685,15,78,9,0-1;0-3;0-5;0-6;0-7;0-9;0-11;0-13;1-2;1-3;1-4;1-5;1-6;1-7;1-8;1-9;1-10;1-11;1-12;1-13;1-14;2-3;2-7;2-9;2-11;2-12;2-13;2-14;3-4;3-5;3-6;3-7;3-8;3-9;3-10;3-11;3-12;3-13;3-14;4-5;4-6;4-7;4-9;4-11;4-12;4-14;5-6;5-7;5-8;5-9;5-10;5-11;5-12;5-13;6-8;6-9;6-10;6-11;6-14;7-9;7-11;7-12;7-13;8-9;8-12;8-13;8-14;9-10;9-11;9-12;9-13;9-14;10-11;10-13;10-14;11-12;11-13;12-13,"1,0,1,0,1,1,1,0,1,0,1,0,1,0,1,1,1,1,1,1,1,1,1,1,1,1,1,1,0,0,0,1,0,1,0,1,1,1,1,1,1,1,1,1,1,1,1,1,1,1,1,1,1,0,1,0,1,1,0,1,1,1,1,1,1,1,1,1,0,0,1,1,1,1,0,0,1,0,1,0,1,1,1,0,1,0,0,1,1,1,1,1,1,1,1,1,0,1,1,1,1,0,1,0,0"
686,15,78,9,0-1;0-2;0-3;0-4;0-6;0-7;0-8;0-9;0-10;0-12;0-14;1-4;1-5;1-6;1-7;1-10;1-13;1-14;2-4;2-5;2-6;2-7;2-9;2-13;2-14;3-4;3-6;3-7;3-8;3-9;3-13;3-14;4-5;4-6;4-7;4-8;4-9;4-10;4-11;4-12;4-13;4-14;5-6;5-7;5-11;5-12;5-13;6-7;6-8;6-9;6-10;6-11;6-12;6-13;6-14;7-8;7-9;7-10;7-11;7-12;7-13;7-14;8-9;8-10;8-11;8-12;8-14;9-10;9-11;9-12;9-13;9-14;10-11;10-12;10-14;11-13;11-14;13-14,"1,1,1,1,0,1,1,1,1,1,0,1,0,1,0,0,1,1,1,1,0,0,1,0,0,1,1,0,1,1,1,1,0,1,0,0,0,1,1,1,0,1,1,1,1,0,0,0,1,1,1,1,1,1,1,1,1,1,1,1,1,1,0,0,0,1,1,1,0,1,1,1,1,1,1,1,1,1,1,1,1,1,1,1,1,1,1,1,0,1,1,1,1,1,1,1,1,0,1,0,1,1,0,0,1"
687,15,78,9,0-1;0-2;0-3;0-4;0-10;0-12;0-13;0-14;1-2;1-4;1-5;1-7;1-8;1-9;1-12;1-14;2-3;2-4;2-5;2-6;2-7;2-8;2-9;2-10;2-11;2-12;2-13;2-14;3-4;3-7;3-8;3-9;3-11;3-12;4-5;4-6;4-7;4-8;4-9;4-10;4-11;4-12;4-13;4-14;5-6;5-7;5-8;5-9;5-10;5-11;5-12;5-13;5-14;6-7;6-9;6-11;6-12;6-14;7-8;7-9;7-10;7-11;7-12;7-14;8-9;8-11;8-12;8-13;9-11;9-12;10-11;10-12;10-14;11-12;11-13;12-13;12-14;13-14,"1,1,1,1,0,0,0,0,0,1,0,1,1,1,1,0,1,1,0,1,1,1,0,0,1,0,1,1,1,1,1,1,1,1,1,1,1,1,1,1,0,0,1,1,1,0,1,1,0,0,1,1,1,1,1,1,1,1,1,1,1,1,1,1,1,1,1,1,1,1,0,1,0,1,1,0,1,1,1,1,1,1,0,1,1,0,1,1,1,0,0,1,1,0,0,1,1,0,1,1,1,0,1,1,1"
688,15,78,9,0-1;0-4;0-5;0-6;0-8;0-10;0-12;0-14;1-3;1-4;1-6;1-8;1-9;1-10;1-11;1-13;1-14;2-3;2-4;2-5;2-6;2-7;2-8;2-10;2-12;3-4;3-6;3-8;3-9;3-11;3-13;4-5;4-6;4-7;4-8;4-9;4-10;4-11;4-12;4-13;4-14;5-6;5-7;5-8;5-9;5-10;5-12;5-13;5-14;6-7;6-8;6-9;6-10;6-11;6-12;6-13;6-14;7-8;7-10;7-11;7-12;7-13;7-14;8-9;8-10;8-11;8-12;8-13;8-14;9-10;9-14;10-11;10-12;10-14;11-12;11-14;12-14;13-14,"1,0,0,1,1,1,0,1,0,1,0,1,0,1,0,1,1,0,1,0,1,1,1,1,0,1,1,1,1,1,1,1,1,0,1,0,1,0,0,1,0,1,0,1,1,0,1,0,1,0,1,1,1,1,1,1,1,1,1,1,1,1,1,1,1,0,1,1,1,1,1,1,1,1,1,1,1,1,0,1,1,1,1,1,1,1,1,1,1,1,1,0,0,0,1,1,1,0,1,1,0,1,0,1,1"
689,15,78,9,0-1;0-2;0-3;0-4;0-5;0-11;0-12;0-14;1-2;1-3;1-4;1-5;1-6;1-7;1-8;1-9;1-10;1-11;1-12;1-13;1-14;2-3;2-4;2-6;2-7;2-9;2-12;2-13;2-14;3-4;3-5;3-6;3-8;3-9;3-11;3-12;3-13;3-14;4-5;4-6;4-7;4-8;4-9;4-10;4-11;4-12;4-13;4-14;5-6;5-8;5-10;5-11;5-12;5-14;6-7;6-8;6-12;6-14;7-9;7-10;7-12;7-13;8-10;8-11;8-12;8-13;8-14;9-11;9-12;9-14;10-11;10-12;10-14;11-12;11-13;11-14;12-13;12-14,"1,1,1,1,1,0,0,0,0,0,1,1,0,1,1,1,1,1,1,1,1,1,1,1,1,1,1,1,1,0,1,1,0,1,0,0,1,1,1,1,1,1,0,1,1,0,1,1,1,1,1,1,1,1,1,1,1,1,1,1,1,0,1,0,1,1,1,0,1,1,1,0,0,0,1,0,1,0,1,1,0,1,1,0,0,1,1,1,1,1,0,1,1,0,1,1,1,0,1,1,1,1,1,1,0"
690,15,78,9,0-5;0-6;0-7;0-8;0-10;0-12;0-13;0-14;1-2;1-3;1-4;1-7;1-9;1-10;1-12;1-13;2-5;2-6;2-7;2-10;2-12;2-13;2-14;3-6;3-7;3-8;3-10;3-11;3-12;3-13;3-14;4-5;4-6;4-7;4-8;4-11;4-12;4-13;5-6;5-7;5-8;5-9;5-11;5-12;5-13;5-14;6-7;6-8;6-10;6-11;6-12;6-13;6-14;7-8;7-9;7-10;7-11;7-12;7-13;7-14;8-11;8-12;8-13;8-14;9-10;9-11;9-12;9-13;9-14;10-12;10-13;10-14;11-12;11-13;11-14;12-13;12-14;13-14,"0,0,0,0,1,1,1,1,0,1,0,1,1,1,1,1,1,0,0,1,0,1,1,0,1,1,0,0,0,1,1,1,0,0,1,0,1,1,1,0,0,1,1,1,0,1,1,1,1,1,1,1,1,1,0,0,1,1,1,0,1,1,1,1,0,1,1,1,1,1,1,0,1,1,1,1,1,1,1,1,1,1,1,1,0,0,1,1,1,1,1,1,1,1,1,0,1,1,1,1,1,1,1,1,1"
691,15,78,9,0-1;0-2;0-3;0-4;0-5;0-8;0-9;0-11;0-12;0-13;1-5;1-7;1-8;1-9;1-11;1-12;1-13;2-6;2-7;2-8;2-9;2-11;2-12;2-13;3-5;3-7;3-8;3-9;3-10;3-11;3-13;4-5;4-6;4-8;4-9;4-10;4-11;4-12;4-13;5-6;5-7;5-8;5-9;5-10;5-11;5-13;5-14;6-7;6-8;6-9;6-10;6-11;6-13;6-14;7-8;7-9;7-10;7-11;7-13;7-14;8-9;8-10;8-11;8-12;8-13;8-14;9-10;9-11;9-12;9-13;9-14;10-11;10-13;10-14;11-12;11-13;11-14;12-14,"1,1,1,1,1,0,0,1,1,0,1,1,1,0,0,0,0,1,0,1,1,1,0,1,1,1,0,0,0,0,1,1,1,1,0,1,1,1,0,0,1,0,1,1,1,1,1,0,1,0,1,1,0,1,1,1,1,1,1,0,1,1,1,1,1,1,0,1,1,1,1,1,1,1,0,1,1,1,1,1,1,0,1,1,1,1,1,1,1,1,1,1,1,1,1,1,0,1,1,1,1,1,0,1,0"
692,15,78,9,0-1;0-2;0-3;0-4;0-5;0-6;0-7;0-8;0-9;0-10;0-11;0-12;0-13;0-14;1-2;1-3;1-4;1-6;1-8;1-9;1-10;1-11;1-14;2-3;2-5;2-6;2-8;2-10;2-13;3-4;3-5;3-6;3-7;3-8;3-9;3-10;3-11;3-12;3-13;3-14;4-5;4-6;4-7;4-9;4-10;4-11;4-12;4-13;4-14;5-6;5-7;5-9;5-10;5-11;5-12;5-13;6-7;6-8;6-9;6-10;6-11;6-12;6-13;6-14;7-9;7-10;7-12;7-13;7-14;8-11;8-12;8-14;9-10;10-11;10-13;10-14;12-13;13-14,"1,1,1,1,1,1,1,1,1,1,1,1,1,1,1,1,1,0,1,0,1,1,1,1,0,0,1,1,0,1,1,0,1,0,1,0,0,1,0,1,1,1,1,1,1,1,1,1,1,1,1,1,1,0,1,1,1,1,1,1,1,1,0,1,1,1,1,1,0,1,1,1,1,1,1,1,1,0,1,1,0,1,1,1,0,0,1,1,0,1,1,0,0,0,0,1,0,1,1,0,0,0,1,0,1"
693,15,78,9,0-2;0-4;0-5;0-6;0-7;0-10;0-12;0-14;1-2;1-4;1-5;1-7;1-10;1-12;1-13;1-14;2-3;2-4;2-5;2-6;2-7;2-8;2-10;2-11;2-12;2-14;3-5;3-6;3-7;3-8;3-10;3-12;3-13;3-14;4-5;4-6;4-7;4-8;4-9;4-11;4-12;4-14;5-6;5-7;5-8;5-9;5-10;5-11;5-12;5-13;5-14;6-7;6-8;6-11;6-12;6-14;7-8;7-9;7-10;7-11;7-12;7-13;7-14;8-9;8-11;8-12;8-14;9-10;9-12;9-13;9-14;10-12;10-13;10-14;11-12;11-13;12-13;12-14,"0,1,0,1,1,1,1,0,0,1,0,1,0,1,1,0,1,1,0,1,0,0,1,0,1,1,1,1,1,1,1,1,1,0,1,1,1,0,1,0,1,1,1,1,0,1,0,1,1,1,1,1,1,1,1,0,1,1,0,1,1,1,1,1,1,1,1,1,1,1,1,0,0,1,1,0,1,1,1,1,1,1,1,1,1,0,1,1,0,1,1,0,1,1,1,0,1,1,1,1,1,0,1,1,0"
694,16,83,9,0-4;0-7;0-10;0-11;0-12;0-13;0-14;0-15;1-5;1-7;1-8;1-9;1-12;1-13;1-14;1-15;2-6;2-8;2-9;2-10;2-11;2-12;2-14;2-15;3-6;3-8;3-9;3-10;3-11;3-13;3-14;3-15;4-7;4-10;4-11;4-12;4-13;4-14;4-15;5-9;5-10;5-11;5-12;5-13;5-14;5-15;6-8;6-9;6-10;6-11;6-14;6-15;7-8;7-12;7-13;7-14;7-15;8-9;8-12;8-13;8-14;8-15;9-10;9-11;9-12;9-13;9-14;9-15;10-11;10-12;10-13;10-14;10-15;11-12;11-13;11-14;11-15;12-13;12-14;12-15;13-14;13-15;14-15,"0,0,0,1,0,0,1,0,0,1,1,1,1,1,1,0,0,0,1,0,1,1,1,0,0,1,1,1,1,0,0,0,1,0,1,1,1,1,1,0,1,1,0,0,1,0,1,1,1,1,0,1,1,1,0,0,1,0,0,1,1,1,1,1,1,0,0,0,1,1,1,1,1,1,1,0,1,1,1,1,0,0,1,1,1,0,0,0,1,1,1,1,1,0,0,1,1,1,1,1,1,1,1,1,1,1,1,1,1,1,1,1,1,1,1,1,1,1,1,1"
695,16,83,9,0-1;0-2;0-3;0-4;0-5;0-6;0-7;0-9;0-10;0-12;0-14;0-15;1-3;1-4;1-5;1-6;1-9;1-11;1-14;2-3;2-5;2-6;2-8;2-10;2-12;2-14;3-4;3-5;3-6;3-7;3-9;3-10;3-12;3-14;3-15;4-5;4-6;4-9;4-11;4-14;5-6;5-7;5-8;5-9;5-10;5-11;5-12;5-13;5-14;5-15;6-7;6-8;6-9;6-10;6-11;6-12;6-13;6-14;6-15;7-9;7-10;7-13;7-14;8-9;8-10;8-11;8-12;8-13;8-14;8-15;9-10;9-11;9-13;9-14;9-15;10-12;10-13;10-14;10-15;11-13;11-14;12-15;13-14,"1,1,1,1,1,1,1,0,1,1,0,1,0,1,1,0,1,1,1,1,0,0,1,0,1,0,0,1,0,1,0,1,1,0,1,0,1,0,1,0,1,0,1,1,1,1,0,1,1,0,1,0,1,1,1,1,0,0,1,0,1,0,0,1,0,1,1,1,1,1,1,1,1,1,1,1,1,1,1,1,1,1,1,1,0,1,1,0,0,1,1,0,1,1,1,1,1,1,1,1,1,0,1,1,1,0,1,1,1,1,0,1,1,0,0,0,1,1,0,0"
696,16,83,9,0-1;0-3;0-4;0-5;0-6;0-9;0-13;0-14;1-2;1-3;1-4;1-5;1-6;1-7;1-8;1-9;1-10;1-11;1-12;1-13;1-14;1-15;2-4;2-6;2-7;2-8;2-9;2-10;2-11;2-12;2-13;2-14;2-15;3-4;3-5;3-6;3-9;3-13;3-14;4-6;4-7;4-8;4-9;4-10;4-11;4-13;4-14;5-6;5-9;5-12;5-14;5-15;6-7;6-8;6-9;6-10;6-11;6-12;6-13;6-14;6-15;7-8;7-9;7-13;7-15;8-11;8-13;8-15;9-10;9-12;9-13;9-14;9-15;10-12;10-13;10-14;11-13;11-14;11-15;12-14;12-15;13-14;14-15,"1,0,1,1,1,1,0,0,1,0,0,0,1,1,0,1,1,1,1,1,1,1,1,1,1,1,1,1,1,0,1,0,1,1,1,1,1,1,1,1,1,1,1,1,1,0,0,1,0,0,0,1,1,0,0,1,1,1,1,1,1,0,1,1,0,1,0,0,1,0,0,1,0,1,1,1,1,1,1,1,1,1,1,1,1,1,0,0,0,1,0,1,0,0,1,0,1,0,1,1,0,1,1,1,1,0,1,1,1,0,0,1,1,1,0,1,1,1,0,1"
697,16,83,9,0-1;0-2;0-3;0-7;0-9;0-13;0-14;0-15;1-2;1-3;1-5;1-6;1-7;1-8;1-10;1-12;1-13;1-14;1-15;2-3;2-9;2-12;2-13;2-14;2-15;3-5;3-6;3-7;3-8;3-10;3-12;3-13;3-14;3-15;4-6;4-7;4-8;4-9;4-10;4-11;4-13;4-14;5-7;5-10;5-11;5-13;5-14;5-15;6-7;6-8;6-10;6-13;6-14;7-8;7-9;7-10;7-11;7-13;7-14;7-15;8-10;8-13;8-14;9-10;9-11;9-12;9-13;9-14;9-15;10-11;10-12;10-13;10-14;10-15;11-13;11-14;11-15;12-13;12-14;12-15;13-14;13-15;14-15,"1,1,1,0,0,0,1,0,1,0,0,0,1,1,1,1,1,0,1,1,1,1,0,1,0,1,1,1,1,1,0,0,0,0,0,1,0,0,1,1,1,1,0,1,1,1,1,0,1,0,1,1,1,1,0,1,1,1,1,1,1,0,1,1,0,0,1,0,0,1,1,0,1,1,1,1,1,0,1,0,0,1,1,0,1,1,1,1,0,1,1,1,0,1,0,0,1,1,0,1,1,1,1,1,1,1,1,1,1,1,0,1,1,1,1,1,1,1,1,1"
698,16,83,9,0-2;0-3;0-4;0-6;0-8;0-9;0-10;0-11;1-3;1-4;1-6;1-9;1-10;1-11;1-12;1-13;2-3;2-4;2-6;2-8;2-9;2-12;2-15;3-4;3-6;3-7;3-8;3-9;3-10;3-11;3-12;3-13;3-15;4-5;4-6;4-8;4-9;4-10;4-11;4-12;4-13;4-15;5-6;5-9;5-10;5-11;5-13;5-14;5-15;6-7;6-8;6-9;6-10;6-11;6-12;6-13;6-14;6-15;7-9;7-10;7-11;7-13;7-14;7-15;8-9;8-10;8-11;9-10;9-11;9-12;9-13;9-14;9-15;10-11;10-13;10-14;11-13;11-14;12-13;12-15;13-14;13-15;14-15,"0,1,1,1,0,1,0,1,1,1,1,0,0,0,0,0,1,1,0,1,0,0,1,1,1,1,1,0,0,1,1,0,1,0,1,1,0,0,1,0,0,1,1,0,1,1,1,1,1,1,1,1,0,1,1,1,0,1,1,1,1,1,1,0,1,1,0,0,1,1,1,0,1,1,1,1,1,1,1,1,1,1,1,1,0,1,1,1,0,1,1,1,1,1,1,0,0,0,0,1,1,1,1,1,1,1,0,1,1,0,0,1,1,0,1,0,1,1,1,1"
699,16,83,9,0-1;0-2;0-3;0-5;0-11;0-12;0-14;0-15;1-3;1-4;1-5;1-6;1-7;1-11;1-13;1-14;1-15;2-3;2-5;2-9;2-10;2-12;2-14;2-15;3-5;3-6;3-7;3-8;3-9;3-10;3-11;3-12;3-14;3-15;4-5;4-7;4-9;4-10;4-13;4-14;4-15;5-7;5-8;5-9;5-10;5-11;5-12;5-14;5-15;6-7;6-9;6-10;6-13;6-14;6-15;7-8;7-9;7-10;7-11;7-13;7-14;7-15;8-9;8-10;8-11;8-14;8-15;9-10;9-12;9-13;9-14;9-15;10-12;10-13;10-14;10-15;11-14;11-15;12-14;12-15;13-14;13-15;14-15,"1,1,1,0,1,0,0,0,0,0,1,1,0,1,1,0,1,1,1,1,1,0,0,0,1,0,1,1,1,1,0,1,0,0,0,1,1,0,1,0,1,1,0,1,1,1,1,1,1,1,1,0,1,1,1,0,1,0,1,1,0,0,1,1,1,0,1,1,1,1,1,1,0,1,1,1,0,1,1,0,0,1,1,1,1,1,1,1,0,1,1,1,1,1,1,0,0,1,1,1,0,1,1,1,1,0,1,1,1,1,0,0,1,1,0,1,1,1,1,1"
700,16,83,9,0-5;0-6;0-8;0-11;0-12;0-13;0-14;0-15;1-2;1-3;1-4;1-6;1-7;1-9;1-10;1-11;1-12;1-13;1-14;1-15;2-4;2-6;2-9;2-11;2-12;2-13;2-14;3-4;3-6;3-7;3-9;3-11;3-12;3-15;4-5;4-6;4-7;4-8;4-9;4-10;4-11;4-12;4-14;5-6;5-8;5-9;5-11;5-12;5-14;6-8;6-9;6-11;6-12;6-13;6-14;6-15;7-9;7-10;7-11;7-12;7-15;8-9;8-11;8-12;8-14;9-10;9-11;9-12;9-14;10-11;10-12;10-14;10-15;11-12;11-13;11-14;11-15;12-13;12-14;12-15;13-14;13-15;14-15,"0,0,0,0,1,1,0,1,0,0,1,1,1,1,1,1,1,1,0,1,1,0,1,1,1,1,1,1,1,0,1,0,1,0,0,1,0,1,1,1,1,0,1,0,1,1,0,1,0,1,1,0,0,1,1,1,1,1,1,1,1,1,0,1,0,1,0,1,1,0,1,1,0,1,0,0,1,1,0,1,1,1,1,1,0,1,1,1,1,0,0,1,1,0,1,1,0,1,0,1,1,1,0,1,0,1,1,0,1,1,1,1,1,1,1,1,1,1,1,1"
701,16,83,9,0-1;0-2;0-3;0-4;0-5;0-6;0-7;0-8;0-9;0-10;0-11;0-12;0-13;0-14;0-15;1-4;1-5;1-6;1-8;1-10;1-11;1-14;2-4;2-5;2-7;2-8;2-9;2-12;2-13;3-4;3-5;3-6;3-9;3-10;3-11;3-14;4-5;4-6;4-7;4-8;4-9;4-10;4-11;4-12;4-13;4-14;4-15;5-8;5-9;5-10;5-11;5-13;6-7;6-8;6-9;6-10;6-11;6-12;6-14;6-15;7-8;7-9;7-12;7-14;8-9;8-11;8-12;8-13;8-14;8-15;9-11;9-12;9-13;9-14;9-15;10-11;10-14;11-13;11-14;11-15;12-14;13-15;14-15,"1,1,1,1,1,1,1,1,1,1,1,1,1,1,1,0,0,1,1,1,0,1,0,1,1,0,0,1,0,0,1,1,0,1,1,1,0,0,1,1,0,0,1,1,1,0,0,1,1,1,0,0,1,0,1,1,1,1,1,1,1,1,1,1,1,0,0,1,1,1,1,0,1,0,0,1,1,1,1,1,1,0,1,1,1,1,0,0,1,0,1,0,1,0,1,1,1,1,1,0,1,1,1,1,1,1,0,0,1,0,0,1,1,1,0,1,0,0,1,1"
702,16,83,9,0-1;0-2;0-5;0-6;0-7;0-12;0-14;0-15;1-2;1-4;1-5;1-7;1-9;1-10;1-11;1-12;1-13;1-14;1-15;2-4;2-5;2-7;2-9;2-10;2-11;2-12;2-13;2-14;2-15;3-5;3-6;3-7;3-8;3-11;3-13;3-14;3-15;4-7;4-8;4-10;4-13;4-14;4-15;5-6;5-7;5-8;5-9;5-11;5-12;5-13;5-14;5-15;6-7;6-8;6-12;6-14;6-15;7-8;7-11;7-12;7-13;7-14;7-15;8-9;8-10;8-13;8-14;8-15;9-10;9-13;9-14;9-15;10-13;10-14;10-15;11-13;11-14;11-15;12-14;12-15;13-14;13-15;14-15,"1,1,0,0,1,1,1,0,0,0,0,1,0,1,1,1,0,1,1,0,1,0,1,1,1,1,1,1,1,0,1,1,0,1,0,1,1,1,1,1,1,1,0,1,1,1,1,0,0,1,0,1,1,1,0,0,1,1,0,1,0,0,1,1,1,1,1,1,1,0,1,1,1,1,1,1,1,0,0,0,1,0,1,1,1,0,0,1,1,1,1,1,1,1,0,0,1,1,1,1,0,0,1,1,1,0,0,1,1,1,0,1,1,1,0,1,1,1,1,1"
703,16,83,9,0-2;0-4;0-6;0-8;0-12;0-13;0-14;0-15;1-4;1-5;1-6;1-7;1-11;1-12;1-13;1-15;2-4;2-5;2-6;2-11;2-13;2-14;2-15;3-4;3-5;3-8;3-9;3-11;3-13;3-14;3-15;4-5;4-6;4-8;4-9;4-11;4-12;4-13;4-14;4-15;5-6;5-7;5-9;5-10;5-11;5-13;5-14;5-15;6-7;6-10;6-11;6-12;6-13;6-14;6-15;7-10;7-11;7-12;7-13;7-15;8-9;8-12;8-13;8-14;8-15;9-11;9-13;9-14;9-15;10-11;10-12;10-13;10-14;10-15;11-13;11-14;11-15;12-13;12-14;12-15;13-14;13-15;14-15,"0,1,0,1,0,1,0,1,0,0,0,1,1,1,1,0,0,1,1,1,1,0,0,0,1,1,1,0,1,0,1,1,1,0,0,0,0,1,0,1,1,1,1,1,0,0,1,1,0,1,0,1,1,1,1,1,0,1,1,0,1,1,1,1,1,1,1,0,1,1,1,0,1,1,1,1,0,0,1,1,1,1,1,1,0,0,1,1,1,1,0,1,1,0,0,1,1,1,1,0,1,0,1,1,1,1,1,1,1,1,0,1,1,1,1,1,1,1,1,1"
704,16,83,9,0-1;0-3;0-4;0-5;0-7;0-9;0-10;0-11;0-12;0-13;1-2;1-4;1-5;1-8;1-10;1-11;1-13;2-4;2-5;2-6;2-7;2-8;2-10;2-11;2-12;2-13;2-14;2-15;3-6;3-7;3-9;3-10;3-11;3-12;3-14;4-7;4-8;4-10;4-11;4-13;5-8;5-10;5-11;5-12;5-13;6-7;6-8;6-10;6-11;6-12;6-14;7-8;7-9;7-10;7-11;7-12;7-13;7-14;7-15;8-10;8-11;8-12;8-13;8-14;8-15;9-10;9-11;9-12;9-13;9-15;10-11;10-12;10-13;10-14;10-15;11-12;11-13;11-14;11-15;12-13;12-14;12-15;13-15,"1,0,1,1,1,0,1,0,1,1,1,1,1,0,0,1,0,1,1,0,0,1,0,1,1,0,1,0,0,0,1,1,1,1,1,0,1,1,1,1,1,1,0,0,1,1,0,1,1,1,1,0,1,0,0,0,1,1,0,1,1,0,1,0,0,0,0,1,0,1,1,1,1,0,0,1,1,0,1,1,1,0,1,0,1,1,1,1,1,1,1,1,0,1,1,1,1,1,1,1,1,1,1,0,1,1,1,1,1,1,1,1,1,1,1,1,1,0,1,0"
705,16,83,9,0-2;0-3;0-7;0-8;0-9;0-10;0-11;0-12;0-13;0-14;1-2;1-3;1-4;1-5;1-6;1-7;1-8;1-10;1-11;1-12;1-14;1-15;2-3;2-4;2-5;2-6;2-7;2-8;2-9;2-10;2-11;2-12;2-13;2-14;2-15;3-6;3-8;3-11;3-12;3-14;4-6;4-7;4-8;4-9;4-11;4-15;5-6;5-7;5-8;5-11;5-12;5-13;6-7;6-8;6-10;6-11;6-12;6-14;6-15;7-8;7-9;7-10;7-11;7-12;7-13;7-15;8-9;8-10;8-11;8-12;8-13;8-14;8-15;9-11;9-13;9-15;10-12;10-14;11-12;11-13;11-15;12-13;12-14,"0,1,1,0,0,0,1,1,1,1,1,1,1,1,0,1,1,1,1,1,1,1,0,1,1,1,0,1,1,1,1,1,1,1,1,1,1,1,1,1,1,1,0,0,1,0,1,0,0,1,1,0,1,0,0,1,1,1,1,0,1,0,0,0,1,1,1,1,0,0,1,1,1,0,0,1,1,0,1,1,1,0,1,1,1,1,1,1,1,1,0,1,1,1,1,1,1,1,1,0,1,0,1,0,1,0,1,0,1,0,1,1,0,1,1,1,0,0,0,0"
706,16,83,9,0-2;0-3;0-4;0-6;0-11;0-13;0-14;0-15;1-2;1-3;1-5;1-6;1-7;1-8;1-9;1-10;1-11;1-12;1-13;1-14;2-3;2-4;2-5;2-6;2-7;2-8;2-10;2-11;2-13;2-14;2-15;3-4;3-5;3-6;3-7;3-8;3-9;3-10;3-11;3-12;3-13;3-14;3-15;4-7;4-10;4-11;4-13;4-15;5-6;5-7;5-8;5-9;5-10;5-11;5-12;5-13;5-14;6-11;6-13;6-14;7-10;7-11;7-13;8-9;8-13;8-14;8-15;9-12;9-13;9-14;9-15;10-11;10-13;11-12;11-13;11-14;11-15;12-13;12-14;12-15;13-14;13-15;14-15,"0,1,1,1,0,1,0,0,0,0,1,0,1,1,1,1,1,0,1,1,1,1,1,1,1,1,1,1,0,1,1,1,1,1,1,0,1,1,0,1,1,1,1,1,1,1,1,1,1,1,1,1,1,1,0,0,1,0,0,1,1,0,1,0,1,1,1,1,1,1,1,1,1,1,0,0,0,0,0,1,0,1,1,0,0,0,1,1,0,1,0,0,1,0,0,0,1,1,1,0,0,1,1,1,1,1,0,1,0,0,1,1,1,1,1,1,1,1,1,1"
707,16,83,9,0-1;0-2;0-3;0-4;0-5;0-6;0-7;0-8;0-9;0-10;0-11;0-12;0-13;0-14;0-15;1-2;1-3;1-5;1-6;1-8;1-9;1-10;1-12;1-13;1-14;1-15;2-4;2-5;2-6;2-8;2-9;2-10;2-11;2-12;2-13;2-15;3-5;3-7;3-8;3-9;3-10;3-12;3-13;3-14;4-6;4-7;4-8;4-9;4-11;4-12;5-6;5-8;5-10;5-13;6-8;6-9;6-10;6-11;6-12;6-13;6-15;7-8;7-9;7-11;7-12;7-14;8-9;8-10;8-11;8-12;8-13;8-14;8-15;9-11;9-12;9-13;9-14;9-15;10-12;11-12;12-14;12-15;14-15,"1,1,1,1,1,1,1,1,1,1,1,1,1,1,1,1,1,0,1,1,0,1,1,1,0,1,1,1,1,0,1,1,1,0,1,1,1,1,1,1,0,1,0,1,0,1,1,1,1,0,1,1,1,0,0,1,1,1,1,0,1,1,0,0,0,1,0,1,0,1,0,0,1,0,0,0,1,1,1,1,1,1,0,1,1,1,0,1,1,0,1,0,1,1,1,1,1,1,1,0,1,1,1,1,1,0,1,0,0,0,1,0,0,0,0,1,1,0,0,1"
708,16,83,9,0-1;0-2;0-4;0-5;0-6;0-8;0-9;0-10;0-11;0-12;0-14;0-15;1-2;1-3;1-5;1-7;1-8;1-9;1-10;1-11;1-12;1-13;1-14;1-15;2-3;2-4;2-5;2-6;2-9;2-10;2-11;2-12;2-13;2-14;3-5;3-7;3-9;3-12;3-13;3-14;4-5;4-6;4-9;4-12;4-14;4-15;5-6;5-7;5-8;5-9;5-10;5-11;5-12;5-13;5-14;5-15;6-10;6-12;6-14;6-15;7-8;7-9;7-12;7-13;7-15;8-9;8-11;8-12;8-15;9-11;9-12;9-13;9-14;9-15;10-12;10-14;10-15;11-12;11-14;12-13;12-14;12-15;13-14,"1,1,0,1,1,1,0,1,1,1,1,1,0,1,1,1,1,0,1,0,1,1,1,1,1,1,1,1,1,1,1,1,1,0,0,1,1,1,1,1,1,0,0,1,0,1,0,1,0,0,1,1,1,0,1,1,0,0,1,0,0,1,0,1,1,1,1,1,1,1,1,1,1,1,1,0,0,0,1,0,1,0,1,1,1,1,0,0,1,1,0,1,1,0,1,1,0,0,1,0,1,1,1,1,1,0,1,0,1,1,1,0,1,0,1,1,1,1,0,0"
709,16,83,9,0-1;0-2;0-3;0-4;0-5;0-6;0-7;0-8;0-9;0-10;0-11;0-12;0-13;0-14;0-15;1-3;1-5;1-7;1-8;1-9;1-10;1-15;2-3;2-4;2-5;2-6;2-10;2-11;2-12;2-14;2-15;3-5;3-8;3-10;3-12;3-15;4-5;4-6;4-7;4-9;4-14;4-15;5-6;5-7;5-8;5-9;5-10;5-11;5-12;5-13;5-14;5-15;6-7;6-9;6-11;6-14;7-8;7-9;7-10;7-11;7-13;7-14;7-15;8-9;8-10;8-15;9-10;9-11;9-13;9-14;9-15;10-11;10-12;10-13;10-14;10-15;11-14;12-13;12-14;12-15;13-14;13-15;14-15,"1,1,1,1,1,1,1,1,1,1,1,1,1,1,1,0,1,0,1,0,1,1,1,1,0,0,0,0,1,1,1,1,1,0,0,0,1,1,1,0,1,1,0,1,0,0,1,0,1,0,1,0,0,1,1,1,1,0,1,0,0,0,0,1,1,1,1,1,1,1,1,1,1,1,1,1,0,1,0,1,0,0,1,0,1,1,1,1,0,1,1,1,1,1,0,0,0,0,1,1,1,0,1,1,1,1,1,1,1,1,0,0,1,0,1,1,1,1,1,1"
710,16,83,9,0-1;0-4;0-5;0-6;0-7;0-11;0-12;0-14;1-2;1-3;1-4;1-5;1-6;1-7;1-8;1-9;1-10;1-11;1-12;1-13;1-14;1-15;2-3;2-4;2-5;2-6;2-7;2-8;2-9;2-10;2-12;2-13;2-15;3-4;3-5;3-6;3-7;3-8;3-9;3-10;3-12;3-13;3-15;4-5;4-6;4-7;4-8;4-11;4-12;4-13;4-14;4-15;5-6;5-7;5-12;6-7;6-8;6-10;6-11;6-12;6-13;6-14;7-12;8-11;8-12;8-13;9-10;9-12;9-13;9-14;9-15;10-12;10-13;10-14;11-12;11-13;11-14;12-13;12-14;12-15;13-14;13-15;14-15,"1,0,0,1,1,1,1,0,0,0,1,1,0,1,0,1,1,1,1,1,1,1,1,1,1,1,1,1,1,1,1,1,1,1,1,1,1,0,1,1,0,1,1,1,1,1,1,1,1,0,1,1,0,1,1,1,1,1,0,0,1,1,1,1,1,1,1,0,0,0,0,1,0,0,0,1,1,0,1,1,1,1,1,0,0,0,0,0,1,0,0,0,0,0,1,1,1,0,0,1,0,1,1,1,1,0,1,1,1,0,1,1,1,0,1,1,1,1,1,1"
711,16,83,9,0-1;0-4;0-6;0-7;0-9;0-10;0-13;0-15;1-2;1-3;1-4;1-5;1-6;1-7;1-8;1-9;1-10;1-11;1-12;1-13;1-14;1-15;2-3;2-4;2-5;2-7;2-9;2-10;2-12;2-14;2-15;3-4;3-6;3-7;3-9;3-12;3-13;4-5;4-6;4-7;4-8;4-9;4-10;4-11;4-12;4-13;4-14;4-15;5-7;5-8;5-10;5-11;5-15;6-7;6-8;6-9;6-11;6-12;6-13;6-14;6-15;7-8;7-9;7-10;7-11;7-13;7-15;8-11;8-13;8-15;9-10;9-12;9-13;9-14;9-15;10-15;11-13;11-15;12-13;12-14;13-14;13-15;14-15,"1,0,0,1,0,1,1,0,1,1,0,0,1,0,1,1,1,1,1,1,1,1,1,1,1,1,1,1,1,1,1,1,0,1,0,1,1,0,1,0,1,1,1,0,1,1,0,1,0,0,1,1,0,0,1,1,1,1,1,1,1,1,1,1,1,0,1,1,0,1,1,0,0,0,1,1,1,1,0,1,1,1,1,1,1,1,1,1,0,1,0,1,0,0,1,0,1,0,1,1,0,1,1,1,1,0,0,0,0,1,0,1,0,1,1,1,0,1,1,1"
712,16,83,9,0-1;0-6;0-7;0-9;0-10;0-12;0-13;0-15;1-2;1-4;1-6;1-7;1-8;1-9;1-10;1-11;1-12;1-13;1-15;2-4;2-5;2-7;2-9;2-10;2-11;2-12;3-4;3-5;3-6;3-7;3-9;3-12;3-14;3-15;4-5;4-6;4-7;4-8;4-9;4-10;4-11;4-12;4-14;4-15;5-7;5-9;5-10;5-12;5-14;6-7;6-8;6-9;6-11;6-12;6-13;6-14;6-15;7-8;7-9;7-10;7-11;7-12;7-13;7-14;7-15;8-10;8-12;8-13;8-15;9-10;9-11;9-12;9-14;9-15;10-12;10-13;11-12;11-15;12-13;12-14;12-15;13-15;14-15,"1,0,0,0,0,1,1,0,1,1,0,1,1,0,1,1,0,1,0,1,1,1,1,1,1,1,1,0,1,0,1,1,0,1,0,1,1,1,1,0,0,0,1,1,1,1,0,1,0,0,1,0,1,1,1,1,1,1,1,1,1,1,0,1,1,0,1,0,1,1,0,1,0,1,0,1,1,1,0,1,1,1,1,1,1,1,1,1,1,1,1,1,0,1,0,1,1,0,1,1,1,1,0,1,1,0,1,1,0,0,1,0,0,1,1,1,1,0,1,1"
713,16,83,9,0-2;0-7;0-9;0-10;0-11;0-13;0-14;0-15;1-3;1-4;1-5;1-6;1-7;1-10;1-14;1-15;2-3;2-6;2-7;2-8;2-9;2-10;2-11;2-12;2-13;2-14;2-15;3-4;3-5;3-6;3-7;3-8;3-10;3-11;3-12;3-13;3-14;3-15;4-5;4-7;4-10;4-11;4-13;4-15;5-7;5-10;5-11;5-13;5-15;6-7;6-10;6-12;6-14;6-15;7-8;7-9;7-10;7-11;7-12;7-13;7-14;7-15;8-9;8-10;8-11;8-13;8-14;9-10;9-11;9-13;9-14;10-11;10-12;10-13;10-14;10-15;11-12;11-13;11-15;12-13;12-15;13-15;14-15,"0,1,0,0,0,0,1,0,1,1,1,0,1,1,1,0,1,1,1,1,1,0,0,1,0,0,0,1,1,1,0,0,1,1,1,1,1,1,1,1,1,1,1,1,1,1,1,0,1,1,1,1,1,1,1,0,1,0,0,1,1,0,1,0,1,0,1,0,0,1,1,0,1,0,1,1,0,0,1,0,1,0,1,1,1,1,1,1,1,1,1,1,1,1,1,0,1,1,0,1,1,0,1,1,0,1,1,1,1,1,1,1,0,1,1,0,1,0,1,1"
714,16,83,9,0-1;0-2;0-4;0-5;0-10;0-11;0-12;0-15;1-2;1-4;1-6;1-7;1-10;1-12;1-15;2-3;2-4;2-5;2-6;2-7;2-8;2-9;2-10;2-11;2-12;2-13;2-14;2-15;3-4;3-5;3-6;3-7;3-8;3-9;3-10;3-11;3-13;3-14;3-15;4-5;4-6;4-7;4-8;4-9;4-10;4-11;4-12;4-13;4-14;4-15;5-8;5-10;5-11;5-15;6-7;6-8;6-9;6-10;6-12;6-13;6-14;6-15;7-8;7-10;7-15;8-9;8-10;8-11;8-13;8-14;8-15;9-10;9-12;9-13;10-11;10-12;10-15;11-15;12-13;12-14;12-15;13-14;14-15,"1,1,0,1,1,0,0,0,0,1,1,1,0,0,1,1,0,1,0,1,1,0,0,1,0,1,0,0,1,1,1,1,1,1,1,1,1,1,1,1,1,1,1,1,1,1,1,1,1,1,0,1,1,1,1,1,1,1,1,1,1,1,1,1,1,0,0,1,0,1,1,0,0,0,1,1,1,1,1,0,1,1,1,1,1,0,1,0,0,0,0,1,1,1,1,0,1,1,1,1,0,1,1,0,0,1,1,0,0,1,0,0,0,1,1,1,1,1,0,1"
715,16,84,9,0-4;0-6;0-7;0-9;0-10;0-12;0-13;0-14;0-15;1-5;1-7;1-8;1-11;1-12;1-13;1-14;1-15;2-6;2-7;2-9;2-10;2-11;2-12;2-14;2-15;3-6;3-8;3-9;3-10;3-11;3-13;3-14;3-15;4-8;4-9;4-10;4-12;4-13;4-14;4-15;5-7;5-8;5-11;5-12;5-13;5-14;5-15;6-9;6-10;6-11;6-12;6-13;6-14;6-15;7-9;7-10;7-12;7-14;7-15;8-11;8-13;8-14;8-15;9-10;9-11;9-12;9-13;9-14;9-15;10-11;10-12;10-13;10-14;10-15;11-12;11-13;11-14;11-15;12-13;12-14;12-15;13-14;13-15;14-15,"0,0,0,1,0,1,1,0,1,1,0,1,1,1,1,0,0,0,1,0,1,1,0,0,1,1,1,1,1,0,0,0,1,1,0,1,1,1,1,0,1,1,0,0,1,0,1,1,1,1,0,1,1,1,0,0,0,1,1,1,0,1,1,1,1,0,1,1,0,0,1,1,1,1,1,0,0,1,1,1,1,1,1,1,0,1,1,0,1,0,1,1,0,0,1,0,1,1,1,1,1,1,1,1,1,1,1,1,1,1,1,1,1,1,1,1,1,1,1,1"
716,16,84,9,0-1;0-5;0-7;0-10;0-11;0-12;0-13;0-14;1-2;1-3;1-4;1-5;1-6;1-7;1-8;1-9;1-10;1-11;1-12;1-13;1-14;1-15;2-4;2-6;2-7;2-9;2-10;2-12;2-13;2-15;3-4;3-9;3-10;3-11;3-12;3-13;3-15;4-6;4-7;4-8;4-9;4-10;4-11;4-12;4-13;4-15;5-6;5-7;5-8;5-11;5-13;5-14;6-7;6-9;6-10;6-13;7-8;7-9;7-10;7-11;7-13;7-14;7-15;8-9;8-11;8-13;8-15;9-10;9-11;9-12;9-13;9-15;10-11;10-12;10-13;10-14;10-15;11-13;11-14;11-15;12-13;12-14;13-14;13-15,"1,0,0,0,1,0,1,0,0,1,1,1,1,1,0,1,1,1,1,1,1,1,1,1,1,1,1,1,1,0,1,0,1,1,0,1,1,0,1,1,0,1,1,0,0,0,0,1,1,1,1,1,0,1,0,1,1,1,1,1,1,1,1,0,1,1,1,1,0,0,1,0,1,1,0,1,0,1,1,0,0,1,0,0,1,1,1,1,0,1,1,1,1,0,1,0,1,0,1,1,1,1,1,0,1,1,1,1,1,1,0,1,1,1,1,1,0,1,1,0"
717,16,84,9,0-1;0-2;0-4;0-5;0-6;0-7;0-8;0-9;0-10;0-12;0-13;0-14;1-2;1-3;1-5;1-6;1-8;1-9;1-11;1-12;1-13;1-14;1-15;2-3;2-4;2-5;2-6;2-7;2-8;2-9;2-10;2-11;2-12;2-14;3-4;3-5;3-6;3-11;3-12;3-14;4-5;4-7;4-9;4-10;4-12;5-6;5-7;5-8;5-9;5-10;5-11;5-12;5-13;5-14;5-15;6-7;6-8;6-10;6-11;6-12;6-13;6-14;6-15;7-10;7-12;7-15;8-9;8-11;8-12;8-13;8-14;9-12;9-14;10-12;10-15;11-12;11-14;11-15;12-13;12-14;12-15;13-14;13-15;14-15,"1,1,0,1,1,1,1,1,1,1,0,1,1,1,0,1,1,0,1,1,0,1,1,0,1,1,1,1,1,1,1,1,1,1,1,1,1,1,1,0,1,0,1,1,1,0,0,0,0,1,1,0,1,0,1,0,1,0,1,1,0,1,0,0,0,1,1,1,1,1,1,1,1,1,1,1,1,0,1,1,1,1,1,1,0,0,1,0,1,0,0,1,1,0,1,1,1,1,0,0,0,1,0,1,0,0,1,0,0,1,1,0,1,1,1,1,1,1,1,1"
718,16,84,9,0-1;0-3;0-8;0-10;0-11;0-12;0-13;0-14;1-2;1-5;1-7;1-10;1-13;1-14;1-15;2-3;2-5;2-6;2-7;2-9;2-10;2-11;2-12;2-13;2-14;2-15;3-4;3-6;3-8;3-9;3-10;3-11;3-12;3-13;3-14;3-15;4-5;4-7;4-8;4-9;4-10;4-11;4-12;4-14;5-7;5-10;5-12;5-13;5-14;6-8;6-9;6-10;6-11;6-12;6-13;6-14;6-15;7-10;7-12;7-13;7-14;8-10;8-11;8-12;8-13;8-14;9-10;9-11;9-12;9-14;10-11;10-12;10-13;10-14;10-15;11-12;11-13;11-14;11-15;12-13;12-14;13-14;13-15;14-15,"1,0,1,0,0,0,0,1,0,1,1,1,1,1,0,1,0,0,1,0,1,0,0,1,0,0,1,1,1,1,0,1,1,1,0,1,1,1,1,1,1,1,1,0,1,0,1,1,1,1,1,1,1,1,1,0,1,1,1,1,1,1,0,1,0,0,1,0,0,1,0,1,1,1,0,0,1,1,1,1,1,1,1,1,0,0,1,0,1,1,1,0,0,1,1,1,1,1,0,1,1,1,0,1,0,1,1,1,1,1,1,1,1,1,1,1,0,1,1,1"
719,16,84,9,0-1;0-2;0-3;0-4;0-5;0-6;0-7;0-8;0-9;0-10;0-11;0-12;0-13;0-14;0-15;1-2;1-3;1-4;1-5;1-6;1-7;1-8;1-9;1-10;1-11;1-12;1-15;2-3;2-5;2-6;2-7;2-8;2-9;2-10;2-11;2-13;2-15;3-6;3-7;3-8;3-9;3-10;4-6;4-7;4-9;4-10;4-12;4-15;5-6;5-9;5-11;5-14;5-15;6-7;6-8;6-9;6-10;6-11;6-12;6-13;6-14;6-15;7-8;7-10;7-12;7-13;7-14;7-15;8-10;8-12;8-13;8-15;9-11;10-12;10-13;10-14;10-15;11-14;11-15;12-14;12-15;13-14;13-15;14-15,"1,1,1,1,1,1,1,1,1,1,1,1,1,1,1,1,1,1,1,1,1,1,1,1,1,1,0,0,1,1,0,1,1,1,1,1,1,1,0,1,0,1,0,0,1,1,1,1,1,0,0,0,0,0,0,1,1,0,1,1,0,1,0,0,1,1,0,0,1,0,1,0,0,1,1,1,1,1,1,1,1,1,1,1,1,0,1,0,1,1,1,1,0,1,0,1,1,0,1,0,1,0,0,0,0,0,1,1,1,1,0,0,1,1,0,1,1,1,1,1"
720,16,84,9,0-1;0-2;0-4;0-5;0-6;0-7;0-8;0-10;0-11;0-12;0-14;0-15;1-2;1-4;1-6;1-7;1-8;1-9;1-10;1-11;1-12;1-13;1-14;1-15;2-3;2-4;2-5;2-6;2-8;2-9;2-11;2-12;2-13;2-15;3-4;3-5;3-7;3-9;3-12;3-13;3-15;4-5;4-6;4-7;4-9;4-10;4-11;4-12;4-13;4-15;5-6;5-11;5-12;5-15;6-8;6-10;6-11;6-12;6-15;7-10;7-11;7-12;7-15;8-11;8-12;8-14;8-15;9-12;9-13;9-14;9-15;10-11;10-12;10-14;10-15;11-12;11-14;11-15;12-13;12-14;12-15;13-14;13-15;14-15,"1,1,0,1,1,1,1,1,0,1,1,1,0,1,1,1,0,1,0,1,1,1,1,1,1,1,1,1,1,1,1,1,1,0,1,1,0,1,1,1,0,1,1,1,0,1,0,1,0,0,1,1,0,1,1,1,1,0,1,1,1,1,1,0,1,1,0,0,0,0,1,1,0,0,1,0,1,0,1,1,1,0,0,1,0,0,1,1,1,0,0,1,0,0,1,1,0,1,1,0,0,1,1,1,1,1,1,0,1,1,1,0,1,1,1,1,1,1,1,1"
721,16,84,9,0-1;0-3;0-4;0-6;0-9;0-10;0-14;0-15;1-3;1-4;1-5;1-9;1-10;1-11;1-14;2-3;2-4;2-6;2-8;2-10;2-11;2-12;2-13;2-15;3-4;3-5;3-6;3-8;3-9;3-10;3-11;3-12;3-13;3-14;4-5;4-6;4-7;4-8;4-9;4-10;4-11;4-12;4-13;4-14;4-15;5-8;5-10;5-12;5-13;5-14;6-7;6-8;6-9;6-10;6-11;6-12;6-13;6-14;6-15;7-8;7-10;7-12;7-13;7-14;7-15;8-10;8-11;8-12;8-13;8-14;8-15;9-10;9-14;9-15;10-11;10-12;10-13;10-14;10-15;11-13;12-13;12-14;13-14;13-15,"1,0,1,1,0,1,0,0,1,1,0,0,0,1,1,0,1,1,1,0,0,0,1,1,1,0,0,1,0,1,1,0,1,0,1,0,1,1,1,1,0,1,1,1,1,0,1,1,1,1,1,1,1,0,1,1,1,1,1,1,1,1,1,1,1,0,0,1,0,1,0,1,1,1,0,1,1,1,1,1,1,1,1,1,1,0,1,0,1,1,1,1,0,1,1,1,1,1,1,1,0,0,0,1,1,1,1,1,1,1,0,1,0,0,1,1,0,1,1,0"
722,16,84,9,0-2;0-3;0-5;0-7;0-8;0-10;0-11;0-13;0-15;1-2;1-3;1-6;1-7;1-9;1-10;1-12;1-14;2-3;2-4;2-5;2-6;2-7;2-8;2-9;2-10;2-11;2-12;2-13;2-14;2-15;3-4;3-5;3-6;3-7;3-8;3-9;3-10;3-11;3-12;3-13;3-14;3-15;4-7;4-9;4-10;4-11;4-13;4-14;5-9;5-11;5-12;5-14;5-15;6-7;6-8;6-10;6-11;6-12;6-13;6-14;7-8;7-10;7-11;7-12;7-13;7-14;8-10;8-11;8-12;9-12;9-14;9-15;10-11;10-12;10-13;10-14;11-12;11-13;11-14;11-15;12-14;12-15;13-14;14-15,"0,1,1,0,1,0,1,1,0,1,1,0,1,0,1,1,1,0,0,1,1,0,1,1,0,1,0,1,0,1,1,1,1,1,1,1,1,1,1,1,1,1,1,1,1,1,1,1,1,1,1,1,1,1,0,0,1,0,1,1,1,0,1,1,0,0,0,0,1,0,1,1,0,1,1,1,1,0,1,1,1,1,1,0,1,0,1,1,1,1,1,0,0,1,1,1,0,0,0,0,0,1,0,1,1,1,1,1,1,0,1,1,1,1,0,1,1,1,0,1"
723,16,84,9,0-1;0-2;0-3;0-4;0-5;0-6;0-7;0-8;0-9;0-10;0-11;0-12;0-13;0-14;0-15;1-2;1-4;1-5;1-6;1-9;1-10;1-11;1-12;1-13;1-14;1-15;2-5;2-6;2-9;2-10;2-12;2-13;3-5;3-6;3-7;3-8;3-10;3-12;3-13;3-14;4-5;4-7;4-9;4-11;4-12;4-14;5-6;5-8;5-9;5-10;5-11;5-12;5-13;5-14;6-7;6-8;6-10;6-12;6-13;6-14;6-15;7-10;7-11;7-12;7-14;7-15;8-9;8-10;8-12;8-14;9-11;9-12;10-12;10-13;10-14;10-15;11-12;11-14;12-13;12-14;12-15;13-14;13-15;14-15,"1,1,1,1,1,1,1,1,1,1,1,1,1,1,1,1,0,1,1,1,0,0,1,1,1,1,1,1,1,0,0,1,1,0,0,1,1,0,1,1,0,0,0,1,1,1,1,0,1,0,1,1,1,0,1,0,1,0,1,0,1,1,0,1,0,1,0,1,1,1,1,1,1,1,0,1,1,0,1,0,1,1,1,1,0,0,1,1,1,0,1,1,1,1,0,1,0,1,0,0,1,1,0,0,0,0,1,1,1,1,1,0,1,0,1,1,1,1,1,1"
724,16,84,9,0-1;0-5;0-6;0-7;0-9;0-10;0-12;0-14;0-15;1-4;1-7;1-8;1-9;1-12;1-13;1-14;1-15;2-3;2-4;2-7;2-8;2-11;2-12;2-14;2-15;3-5;3-7;3-8;3-10;3-11;3-12;3-13;4-6;4-7;4-8;4-9;4-11;4-12;4-14;4-15;5-7;5-8;5-9;5-10;5-11;5-12;6-7;6-9;6-11;6-12;6-14;6-15;7-8;7-9;7-10;7-11;7-12;7-13;7-14;7-15;8-9;8-10;8-11;8-12;8-13;8-14;8-15;9-10;9-11;9-12;9-13;9-14;9-15;10-11;10-12;11-12;11-14;11-15;12-13;12-14;12-15;13-14;13-15;14-15,"1,0,0,0,1,1,1,0,1,1,0,1,0,1,1,0,0,1,0,0,1,1,1,0,0,1,1,1,1,1,1,0,0,1,1,0,0,1,1,0,1,1,0,1,0,1,1,0,1,1,1,1,0,0,0,1,1,1,1,0,1,1,0,1,1,0,1,1,1,1,1,1,0,0,0,1,0,1,0,1,1,0,1,1,1,1,1,1,1,1,1,1,1,1,1,1,1,1,1,1,1,1,1,1,1,1,1,0,0,0,1,0,1,1,1,1,1,1,1,1"
725,16,84,9,0-1;0-2;0-5;0-6;0-8;0-10;0-11;0-14;1-2;1-6;1-7;1-8;1-9;1-10;1-11;1-12;1-13;1-14;1-15;2-6;2-8;2-9;2-10;2-11;2-14;2-15;3-4;3-5;3-6;3-7;3-8;3-9;3-10;3-14;4-5;4-6;4-7;4-8;4-9;4-10;4-14;5-7;5-8;5-10;5-13;5-14;6-7;6-8;6-9;6-10;6-11;6-12;6-14;6-15;7-8;7-10;7-11;7-12;7-13;7-14;7-15;8-9;8-10;8-11;8-12;8-13;8-14;8-15;9-11;9-12;9-14;10-11;10-13;10-14;10-15;11-12;11-13;11-14;11-15;12-14;12-15;13-14;13-15;14-15,"1,1,0,0,1,1,0,1,0,1,1,0,0,1,0,1,0,0,0,1,1,1,1,1,1,1,1,1,1,0,0,0,1,0,1,1,1,1,0,0,1,1,1,1,1,1,1,1,1,0,0,0,1,0,1,1,1,1,1,1,0,0,0,1,0,0,1,1,0,1,0,0,1,1,0,1,1,1,1,1,1,0,1,1,1,0,1,1,1,1,1,1,1,1,1,1,1,1,1,0,1,1,0,1,0,1,0,1,1,1,1,1,1,1,0,1,1,1,1,1"
726,16,84,9,0-1;0-3;0-5;0-7;0-9;0-10;0-12;0-13;0-15;1-3;1-4;1-5;1-7;1-8;1-9;1-11;1-12;1-15;2-3;2-5;2-6;2-7;2-8;2-13;2-14;2-15;3-5;3-6;3-7;3-8;3-9;3-10;3-11;3-12;3-13;3-15;4-5;4-7;4-8;4-9;4-12;4-14;4-15;5-6;5-7;5-8;5-9;5-10;5-11;5-12;5-13;5-14;5-15;6-7;6-8;6-13;6-14;6-15;7-8;7-9;7-10;7-12;7-14;7-15;8-9;8-11;8-12;8-14;8-15;9-10;9-11;9-12;9-13;9-15;10-12;10-14;10-15;11-12;11-13;11-15;12-13;12-15;13-15;14-15,"1,0,1,0,1,0,1,0,1,1,0,1,1,0,1,0,1,1,1,0,1,1,1,0,1,1,0,0,1,1,0,1,1,1,1,0,0,0,0,1,1,1,0,1,1,1,1,1,1,1,1,1,0,1,1,0,1,1,1,0,0,1,0,1,1,1,1,1,1,1,1,1,1,1,1,1,1,0,0,0,0,1,1,1,1,1,1,0,1,0,1,1,1,0,1,1,0,1,1,1,1,1,1,0,1,0,1,0,1,1,1,1,0,1,1,0,1,0,1,1"
727,16,84,9,0-2;0-3;0-4;0-5;0-7;0-8;0-12;0-13;0-15;1-5;1-6;1-9;1-10;1-11;1-12;1-13;1-15;2-3;2-4;2-5;2-6;2-7;2-8;2-9;2-10;2-12;2-13;2-14;2-15;3-4;3-5;3-7;3-8;3-9;3-11;3-12;3-13;3-14;3-15;4-5;4-7;4-8;4-9;4-11;4-12;4-13;4-14;4-15;5-12;5-13;5-15;6-7;6-9;6-10;6-12;6-13;6-15;7-10;7-12;7-14;7-15;8-9;8-11;8-12;8-13;8-14;8-15;9-10;9-11;9-12;9-13;9-14;9-15;10-12;10-13;10-15;11-12;11-13;11-15;12-13;12-14;12-15;13-15;14-15,"0,1,1,1,1,0,1,1,0,0,0,1,1,0,1,0,0,0,1,1,0,0,1,1,1,1,1,0,1,1,1,1,1,1,1,1,1,0,1,1,1,1,1,1,0,1,1,1,0,1,1,1,1,1,1,0,1,1,1,0,1,1,1,1,1,0,0,0,0,0,0,1,1,0,1,1,0,1,1,0,1,1,0,1,0,0,1,0,1,0,1,1,1,0,1,1,1,1,1,1,1,1,1,1,1,0,1,1,0,1,1,1,0,1,1,1,1,0,1,1"
728,16,84,9,0-1;0-2;0-3;0-7;0-9;0-10;0-12;0-13;0-15;1-3;1-5;1-6;1-7;1-10;1-12;1-14;1-15;2-3;2-4;2-6;2-7;2-8;2-12;2-13;3-4;3-5;3-6;3-7;3-8;3-9;3-10;3-11;3-12;3-13;3-14;3-15;4-6;4-7;4-8;4-9;4-10;4-11;4-12;4-13;4-14;4-15;5-6;5-7;5-8;5-10;5-12;5-15;6-7;6-8;6-10;6-11;6-12;6-13;6-14;6-15;7-9;7-10;7-12;7-13;7-14;7-15;8-11;8-12;8-13;9-10;9-12;9-14;9-15;10-11;10-12;10-14;10-15;11-12;11-14;11-15;12-13;12-14;12-15;14-15,"1,1,1,0,0,0,1,0,1,1,0,1,1,0,1,0,1,0,1,1,1,0,0,1,0,1,0,1,1,1,1,0,1,1,1,0,0,0,1,1,0,0,1,1,1,1,1,1,1,1,1,1,1,1,0,1,1,1,1,1,1,1,1,1,1,1,1,1,0,1,0,1,0,0,1,1,1,0,1,1,1,1,1,1,0,1,1,0,1,1,1,1,0,0,1,1,1,0,0,1,0,1,0,1,1,1,1,0,1,1,1,0,1,1,1,1,1,0,0,1"
729,16,84,9,0-1;0-2;0-3;0-4;0-5;0-6;0-7;0-8;0-9;0-13;0-14;0-15;1-3;1-4;1-5;1-8;1-9;1-10;1-11;1-12;1-13;1-14;1-15;2-5;2-6;2-7;2-8;2-10;2-13;2-14;3-4;3-5;3-8;3-10;3-13;3-15;4-5;4-8;4-9;4-12;4-13;4-14;4-15;5-6;5-7;5-8;5-9;5-10;5-11;5-12;5-13;5-14;5-15;6-7;6-9;6-11;6-13;6-14;7-8;7-10;7-13;7-14;8-10;8-11;8-12;8-13;8-14;8-15;9-13;9-14;9-15;10-12;10-13;10-15;11-12;11-13;11-14;11-15;12-13;12-14;12-15;13-14;13-15;14-15,"1,1,1,1,1,1,1,1,1,0,0,0,1,1,1,0,1,1,1,0,0,1,1,1,1,1,1,1,1,0,0,1,1,1,1,0,1,0,0,1,1,0,1,1,0,0,1,0,1,0,0,1,0,1,1,0,0,1,1,0,0,1,1,1,1,1,1,1,1,1,1,1,1,1,1,1,0,1,0,1,0,1,1,0,1,0,1,0,0,1,1,0,0,1,1,1,1,1,1,0,0,0,1,1,1,0,1,1,0,1,1,1,1,1,1,1,1,1,1,1"
730,16,84,9,0-2;0-4;0-5;0-6;0-8;0-9;0-10;0-11;0-12;0-13;0-14;0-15;1-4;1-6;1-7;1-8;1-10;1-11;1-12;1-14;1-15;2-3;2-5;2-9;2-10;2-11;2-12;2-15;3-4;3-5;3-7;3-8;3-10;3-12;3-14;4-5;4-6;4-7;4-8;4-9;4-10;4-12;4-13;4-14;5-7;5-8;5-9;5-10;5-11;5-12;5-13;5-14;5-15;6-8;6-10;6-12;6-13;6-14;7-8;7-10;7-12;7-13;7-14;8-9;8-10;8-12;8-13;8-14;9-10;9-12;9-13;10-11;10-12;10-13;10-14;10-15;11-12;11-14;11-15;12-13;12-14;12-15;13-14;14-15,"0,1,0,1,1,1,0,1,1,1,1,1,1,1,1,0,0,1,0,1,1,1,0,1,1,1,0,1,1,1,0,1,0,0,0,1,1,1,1,0,0,1,1,1,0,1,1,0,1,0,1,0,1,0,1,1,1,1,1,1,0,1,1,1,0,0,1,1,1,1,1,1,1,1,1,0,1,0,1,0,1,1,1,0,1,0,1,0,1,1,1,0,1,1,0,1,1,1,0,1,0,1,1,0,0,1,1,1,1,1,1,0,1,1,1,1,1,1,0,1"
731,16,84,9,0-1;0-2;0-3;0-4;0-5;0-6;0-8;0-9;0-11;0-12;0-13;0-14;0-15;1-2;1-3;1-4;1-6;1-7;1-8;1-9;1-12;1-13;1-14;1-15;2-3;2-4;2-6;2-7;2-8;2-9;2-12;2-13;2-14;2-15;3-4;3-5;3-6;3-7;3-8;3-9;3-10;3-11;3-12;3-13;3-14;3-15;4-9;4-13;4-14;4-15;5-8;5-10;5-11;5-13;5-14;5-15;6-8;6-10;6-12;6-13;7-8;7-9;7-10;7-13;7-14;8-9;8-10;8-11;8-12;8-13;8-14;9-12;9-13;9-14;10-11;10-13;10-14;11-13;11-14;11-15;12-13;12-15;13-14;13-15,"1,1,1,1,1,1,0,1,1,0,1,1,1,1,1,1,1,1,0,1,1,1,1,0,0,1,1,1,1,1,1,0,1,1,1,1,0,0,1,1,1,1,1,1,1,1,1,1,1,1,1,1,1,1,0,0,0,0,1,0,0,0,1,1,1,0,0,1,0,1,1,0,1,1,1,0,1,0,1,0,1,1,0,0,1,1,1,0,0,1,1,0,1,1,1,1,1,1,0,0,0,1,1,1,0,1,0,1,1,0,0,1,1,1,1,0,1,1,1,0"
732,16,84,9,0-2;0-3;0-5;0-7;0-10;0-12;0-13;0-15;1-2;1-3;1-4;1-5;1-6;1-7;1-8;1-9;1-10;1-11;1-12;1-14;2-3;2-4;2-5;2-6;2-7;2-8;2-9;2-10;2-11;2-12;2-13;2-14;2-15;3-4;3-5;3-6;3-7;3-8;3-9;3-10;3-11;3-12;3-13;3-14;3-15;4-5;4-7;4-8;4-12;4-14;5-7;5-8;5-9;5-10;5-11;5-12;5-13;5-14;6-8;6-10;6-12;6-14;6-15;7-11;7-13;7-14;8-10;8-11;8-12;8-14;9-10;9-11;9-14;9-15;10-11;10-12;10-13;10-14;10-15;11-14;12-13;12-14;12-15;13-15,"0,1,1,0,1,0,1,0,0,1,0,1,1,0,1,1,1,1,1,1,1,1,1,1,1,1,0,1,0,1,1,1,1,1,1,1,1,1,1,1,1,1,1,1,1,1,1,1,1,1,1,1,1,1,1,0,1,1,0,0,0,1,0,1,0,0,1,1,1,1,1,1,1,1,0,0,1,0,1,0,1,0,1,1,0,0,0,1,0,1,1,0,0,1,1,1,0,1,0,1,1,0,0,1,1,1,1,1,1,1,0,0,1,0,1,1,1,0,1,0"
733,16,84,9,0-1;0-2;0-5;0-6;0-10;0-11;0-12;0-15;1-2;1-3;1-4;1-5;1-6;1-7;1-8;1-9;1-10;1-11;1-12;1-13;1-14;1-15;2-5;2-6;2-7;2-9;2-12;2-13;2-15;3-4;3-5;3-8;3-9;3-11;3-13;3-14;4-5;4-6;4-7;4-8;4-9;4-10;4-11;4-12;4-13;4-14;4-15;5-6;5-7;5-8;5-9;5-10;5-11;5-12;5-13;5-14;5-15;6-7;6-8;6-10;6-11;6-12;6-14;6-15;7-8;7-10;7-12;7-15;8-12;8-15;9-11;9-13;9-15;10-11;10-12;10-14;10-15;11-12;11-13;11-14;11-15;12-14;12-15;13-15,"1,1,0,0,1,1,0,0,0,1,1,1,0,0,1,1,1,1,1,1,1,1,1,1,1,1,1,1,1,0,0,1,1,1,0,1,0,0,1,1,0,1,1,1,0,0,1,1,0,1,0,1,1,0,1,1,1,1,1,1,1,1,1,1,1,1,1,1,1,1,1,1,1,1,1,1,1,0,1,1,1,0,1,1,1,0,1,0,1,0,0,1,0,0,0,1,0,0,1,0,1,0,1,0,1,1,1,0,1,1,1,1,1,1,0,1,1,0,1,0"
734,16,84,9,0-4;0-6;0-8;0-9;0-11;0-13;0-14;0-15;1-2;1-3;1-5;1-6;1-7;1-8;1-9;1-10;1-13;1-14;2-4;2-5;2-6;2-7;2-10;2-12;2-13;2-14;3-5;3-7;3-8;3-10;3-12;3-13;3-14;4-5;4-6;4-7;4-10;4-13;4-14;5-6;5-7;5-8;5-9;5-10;5-12;5-13;5-14;6-7;6-8;6-9;6-10;6-11;6-13;6-14;6-15;7-8;7-10;7-11;7-12;7-13;7-14;7-15;8-9;8-10;8-11;8-13;8-14;8-15;9-10;9-13;9-14;10-12;10-13;10-14;11-12;11-13;11-14;11-15;12-13;12-14;12-15;13-14;13-15;14-15,"0,0,0,1,0,1,0,1,1,0,1,0,1,1,1,1,1,0,1,1,1,1,1,1,0,0,1,1,0,0,1,1,1,1,0,0,1,0,1,1,1,0,0,1,0,1,1,0,1,0,1,1,1,0,1,1,1,0,0,1,0,0,1,1,0,1,1,1,1,1,0,1,1,1,0,1,1,1,1,1,0,1,1,1,1,0,1,1,1,1,1,1,1,1,1,0,1,1,1,1,0,0,1,1,0,0,1,1,1,0,1,1,1,1,1,1,1,1,1,1"
735,16,84,9,0-1;0-2;0-4;0-5;0-6;0-7;0-9;0-10;0-11;0-12;0-13;0-14;1-2;1-4;1-6;1-10;1-11;1-13;1-14;2-3;2-4;2-5;2-6;2-8;2-9;2-10;2-11;2-12;2-13;2-14;3-6;3-8;3-10;3-12;3-13;3-14;3-15;4-5;4-6;4-7;4-10;4-11;4-12;4-14;5-6;5-9;5-10;5-11;5-12;5-13;6-7;6-8;6-9;6-10;6-11;6-12;6-13;6-14;6-15;7-10;7-11;7-12;7-14;7-15;8-10;8-12;8-13;8-14;8-15;9-10;9-11;9-12;9-15;10-11;10-12;10-13;10-14;10-15;11-12;11-13;11-14;12-14;12-15;14-15,"1,1,0,1,1,1,1,0,1,1,1,1,1,1,0,1,0,1,0,1,0,0,0,1,1,0,1,1,0,1,1,1,1,0,1,1,1,1,1,1,1,0,0,0,1,0,1,0,1,0,1,1,1,1,1,1,1,0,0,1,1,1,0,1,0,1,0,0,1,1,1,1,1,0,0,1,1,1,1,1,1,1,1,1,0,0,1,1,1,0,1,1,0,1,0,1,1,1,1,1,1,1,0,0,1,1,1,1,1,1,1,1,1,0,0,1,1,0,0,1"
736,16,84,9,0-5;0-8;0-9;0-10;0-11;0-12;0-13;0-15;1-5;1-8;1-9;1-10;1-11;1-12;1-14;1-15;2-6;2-7;2-8;2-9;2-10;2-12;2-13;2-14;2-15;3-6;3-7;3-8;3-10;3-11;3-13;3-14;3-15;4-6;4-7;4-9;4-11;4-12;4-13;4-14;4-15;5-8;5-9;5-10;5-11;5-12;5-15;6-7;6-8;6-10;6-11;6-12;6-13;6-14;6-15;7-9;7-13;7-14;7-15;8-10;8-11;8-12;8-13;8-14;8-15;9-12;9-13;9-14;9-15;10-11;10-12;10-13;10-14;10-15;11-12;11-13;11-14;11-15;12-13;12-14;12-15;13-14;13-15;14-15,"0,0,0,0,1,0,0,1,1,1,1,1,1,0,1,0,0,0,1,0,0,1,1,1,1,1,0,1,1,0,0,0,1,1,1,1,1,0,1,1,1,1,0,0,1,1,1,0,1,1,0,1,1,1,0,1,1,0,1,0,1,1,1,1,1,0,0,1,1,1,1,1,0,0,1,1,1,0,1,1,1,1,1,1,0,1,0,0,0,1,1,1,0,1,1,1,1,1,1,0,0,1,1,1,1,1,1,1,1,1,1,1,1,1,1,1,1,1,1,1"
737,16,84,9,0-1;0-3;0-5;0-7;0-8;0-9;0-10;0-11;0-12;0-13;0-14;0-15;1-2;1-8;1-9;1-11;1-12;1-13;1-14;2-4;2-6;2-7;2-9;2-11;2-13;2-14;3-4;3-5;3-8;3-9;3-10;3-12;3-15;4-5;4-6;4-7;4-9;4-10;4-11;4-14;4-15;5-6;5-7;5-8;5-9;5-10;5-11;5-12;5-13;5-14;5-15;6-9;6-11;6-12;6-13;6-14;7-8;7-9;7-11;7-13;7-14;8-9;8-10;8-11;8-12;8-13;8-14;8-15;9-10;9-11;9-12;9-13;9-14;9-15;10-12;10-14;11-12;11-13;11-14;11-15;12-13;12-14;12-15;13-14,"1,0,1,0,1,0,1,1,1,1,1,1,1,1,1,1,0,0,0,0,0,1,1,0,1,1,1,1,0,0,1,0,1,1,0,1,0,1,0,1,1,0,1,1,0,0,1,1,1,0,1,0,0,1,1,1,1,0,1,1,1,0,0,1,1,1,1,1,1,1,1,1,1,1,1,0,0,1,0,1,1,1,1,0,1,1,0,1,0,1,1,0,1,1,1,1,1,1,1,1,1,1,1,1,1,0,1,0,1,0,1,1,1,1,1,1,1,1,0,0"
738,16,84,9,0-1;0-2;0-4;0-5;0-6;0-9;0-10;0-11;0-12;0-13;0-14;1-2;1-3;1-5;1-9;1-11;1-12;1-14;2-3;2-10;2-11;2-12;2-13;2-14;3-5;3-7;3-8;3-11;3-12;3-13;3-14;3-15;4-5;4-6;4-7;4-8;4-9;4-10;4-11;4-12;4-13;4-14;4-15;5-6;5-11;5-12;5-13;5-14;6-7;6-8;6-9;6-10;6-11;6-12;6-13;6-14;6-15;7-8;7-10;7-11;7-12;7-13;8-10;8-11;8-13;8-15;9-10;9-11;9-12;9-14;10-11;10-12;10-13;10-14;10-15;11-12;11-13;11-14;11-15;12-13;12-14;13-14;13-15;14-15,"1,1,0,1,1,1,0,0,1,1,1,1,1,1,0,1,1,0,1,0,0,0,1,0,1,1,0,1,0,1,0,0,0,0,0,0,1,1,1,1,1,0,0,1,0,1,1,0,0,1,1,1,1,1,1,1,1,1,1,1,1,1,1,1,1,1,0,0,0,0,1,1,1,1,0,1,1,1,1,1,1,1,1,1,1,0,1,1,1,1,0,0,0,1,1,0,1,0,1,1,1,1,0,1,0,1,1,1,1,1,1,1,1,1,1,1,0,1,1,1"
739,16,84,9,0-1;0-2;0-3;0-4;0-5;0-7;0-8;0-9;0-10;0-12;0-15;1-2;1-3;1-4;1-5;1-7;1-8;1-9;1-10;1-11;1-12;1-14;1-15;2-3;2-7;2-9;2-10;2-11;2-15;3-4;3-5;3-7;3-8;3-9;3-10;3-11;3-12;3-13;3-15;4-5;4-6;4-7;4-8;4-9;4-12;4-13;4-14;4-15;5-6;5-7;5-8;5-9;5-12;5-13;5-14;5-15;6-8;6-9;6-11;6-12;6-13;6-14;7-9;7-12;8-9;8-10;8-11;8-12;8-13;8-14;8-15;9-10;9-11;9-12;9-13;9-14;9-15;10-11;10-12;11-13;11-14;11-15;12-13;12-14,"1,1,1,1,1,0,1,1,1,1,0,1,0,0,1,1,1,1,1,0,1,1,1,1,1,1,0,1,1,1,0,0,0,1,0,1,1,1,0,0,0,1,1,1,0,1,1,1,1,1,1,1,0,1,1,1,1,1,1,0,0,1,1,1,1,1,1,1,1,0,0,1,1,1,1,0,1,1,0,1,1,1,1,0,0,1,0,0,1,0,0,0,1,1,1,1,1,1,1,1,1,1,1,1,1,1,1,0,0,0,0,1,1,1,1,1,0,0,0,0"
740,16,84,9,0-1;0-2;0-3;0-5;0-6;0-7;0-8;0-9;0-11;0-12;0-13;0-14;1-2;1-3;1-4;1-5;1-7;1-8;1-10;1-11;1-12;1-13;1-14;1-15;2-4;2-5;2-6;2-11;2-13;2-14;3-5;3-8;3-10;3-12;3-13;3-14;4-6;4-7;4-8;4-9;4-10;4-11;4-13;4-15;5-6;5-8;5-9;5-11;5-12;5-13;5-14;5-15;6-9;6-11;6-13;6-14;7-8;7-10;7-11;7-12;7-13;8-9;8-10;8-11;8-12;8-13;8-14;8-15;9-11;9-13;9-14;10-12;10-13;10-15;11-12;11-13;11-14;11-15;12-13;12-14;12-15;13-14;13-15;14-15,"1,1,1,0,1,1,1,1,1,0,1,1,1,1,0,1,1,1,1,0,1,1,0,1,1,1,1,1,1,0,1,1,1,0,0,0,0,1,0,1,1,0,0,1,0,0,1,0,1,0,1,1,1,0,0,1,1,1,1,1,1,0,1,0,1,1,0,1,1,0,1,1,1,1,1,0,0,1,0,1,0,1,1,0,1,0,1,1,1,1,0,0,1,1,1,1,1,1,1,0,1,0,1,1,0,0,1,1,0,1,1,1,1,1,1,1,1,1,1,1"
741,16,84,9,0-3;0-6;0-8;0-9;0-10;0-11;0-12;0-14;1-2;1-3;1-5;1-8;1-9;1-11;1-13;1-14;2-3;2-4;2-5;2-8;2-9;2-11;2-12;2-13;2-14;2-15;3-4;3-5;3-8;3-9;3-10;3-11;3-12;3-13;3-14;3-15;4-5;4-8;4-9;4-10;4-12;4-13;4-14;5-7;5-8;5-9;5-10;5-11;5-12;5-13;5-14;5-15;6-7;6-8;6-9;6-10;6-11;6-12;6-14;7-8;7-9;7-10;7-11;7-12;7-14;8-9;8-11;8-12;8-14;9-11;9-12;9-14;10-12;10-13;10-14;10-15;11-12;11-14;11-15;12-14;12-15;13-14;13-15;14-15,"0,0,1,0,0,1,0,1,1,1,1,1,0,1,0,1,1,0,1,0,0,1,1,0,1,0,1,1,0,1,1,1,0,0,1,1,0,1,1,1,1,1,1,1,0,0,1,1,1,1,1,1,1,1,1,0,0,1,1,1,0,1,1,1,0,0,1,1,1,1,1,1,1,1,1,1,1,1,1,1,1,0,1,0,1,1,1,1,1,0,1,0,1,0,1,1,0,1,0,0,1,1,0,1,0,0,1,1,1,1,1,0,1,1,0,1,1,1,1,1"
742,16,84,9,0-1;0-3;0-5;0-7;0-8;0-12;0-13;0-14;0-15;1-2;1-3;1-4;1-5;1-7;1-8;1-9;1-10;1-12;1-13;1-14;1-15;2-3;2-7;2-8;2-9;2-11;2-13;2-15;3-4;3-5;3-6;3-7;3-8;3-9;3-11;3-12;3-15;4-5;4-7;4-9;4-12;4-14;4-15;5-6;5-7;5-8;5-9;5-10;5-12;5-13;5-14;5-15;6-7;6-8;6-9;6-11;6-13;6-15;7-8;7-9;7-10;7-11;7-12;7-13;7-14;7-15;8-9;8-10;8-11;8-12;8-13;8-15;9-10;9-11;9-12;9-15;10-12;10-13;10-14;11-13;11-15;12-14;12-15;13-14,"1,0,1,0,1,0,1,1,0,0,0,1,1,1,1,1,1,1,1,0,1,1,1,1,0,1,1,1,1,1,0,0,0,1,1,1,0,1,0,1,0,1,1,1,1,1,1,1,0,1,1,0,0,1,1,0,1,0,1,0,0,1,0,1,1,1,1,1,1,1,0,1,1,1,1,1,1,1,0,1,0,1,0,1,1,1,1,1,1,1,1,1,1,1,1,1,1,0,1,1,1,1,0,0,1,0,1,1,1,0,0,1,0,1,0,1,1,1,0,0"
743,16,84,9,0-1;0-2;0-3;0-5;0-7;0-10;0-12;0-15;1-2;1-3;1-4;1-5;1-6;1-7;1-8;1-9;1-10;1-11;1-12;1-13;1-14;1-15;2-3;2-4;2-5;2-6;2-7;2-8;2-9;2-11;2-12;2-14;2-15;3-4;3-5;3-6;3-7;3-8;3-10;3-11;3-12;3-13;4-5;4-6;4-7;4-8;4-9;4-11;4-12;4-14;5-6;5-7;5-9;5-10;5-11;5-12;5-13;6-7;6-8;6-9;6-11;6-12;6-13;6-14;6-15;7-8;7-9;7-10;7-12;7-13;7-15;8-14;8-15;9-12;9-14;9-15;10-12;10-13;10-15;11-12;11-14;12-13;13-15;14-15,"1,1,1,0,1,0,1,0,0,1,0,1,0,0,1,1,1,1,1,1,1,1,1,1,1,1,1,1,1,1,1,1,1,1,1,1,0,1,1,0,1,1,1,1,1,1,1,0,1,1,1,1,0,0,1,1,1,1,1,0,1,1,0,1,0,1,1,0,1,1,1,1,1,0,0,1,1,1,0,1,1,1,1,1,1,1,1,0,1,1,0,1,0,0,0,0,0,1,1,0,0,1,0,1,1,0,1,1,0,1,1,0,1,0,1,0,0,0,1,1"
744,16,84,9,0-2;0-5;0-6;0-7;0-9;0-13;0-14;0-15;1-3;1-6;1-7;1-8;1-9;1-11;1-13;1-15;2-4;2-5;2-7;2-8;2-10;2-11;2-12;2-13;2-14;3-6;3-7;3-8;3-9;3-10;3-11;3-12;3-13;3-14;3-15;4-5;4-6;4-9;4-11;4-13;4-14;4-15;5-6;5-9;5-13;5-14;5-15;6-7;6-9;6-11;6-12;6-13;6-14;6-15;7-8;7-9;7-10;7-11;7-12;7-13;7-14;7-15;8-10;8-11;8-12;8-13;9-11;9-12;9-13;9-14;9-15;10-11;10-13;10-14;10-15;11-12;11-13;11-14;11-15;12-13;12-14;13-14;13-15;14-15,"0,1,0,0,1,1,1,0,1,0,0,0,1,1,1,0,1,0,0,1,1,1,1,0,1,0,1,0,1,0,1,1,0,1,1,0,1,1,1,1,1,0,0,0,1,1,1,1,1,1,1,1,1,1,1,1,0,0,1,0,1,0,1,1,1,1,0,0,1,0,0,0,1,1,1,1,0,1,0,1,1,1,1,1,1,1,1,1,1,1,1,1,0,1,1,1,1,0,0,0,1,1,1,1,1,1,0,1,1,1,1,1,1,1,1,1,0,1,1,1"
745,16,84,9,0-2;0-3;0-4;0-5;0-6;0-7;0-8;0-9;0-10;0-11;0-12;0-13;0-14;1-4;1-6;1-7;1-8;1-12;1-13;1-14;1-15;2-3;2-4;2-5;2-6;2-7;2-9;2-10;2-11;2-13;2-14;2-15;3-5;3-6;3-8;3-9;3-10;3-11;4-5;4-6;4-7;4-11;4-12;4-13;4-14;4-15;5-6;5-7;5-9;5-10;5-11;5-13;5-14;5-15;6-7;6-8;6-9;6-10;6-11;6-12;6-13;6-14;6-15;7-8;7-10;7-11;7-12;7-13;7-14;7-15;8-9;8-10;8-12;8-13;8-14;9-11;9-14;10-11;11-12;11-14;11-15;12-14;13-14;14-15,"0,1,1,1,1,1,1,1,1,1,1,1,1,1,0,0,0,1,0,1,1,1,0,0,0,1,1,1,1,1,1,1,1,1,0,1,1,1,0,1,1,1,0,1,1,0,1,1,1,1,0,0,0,0,1,1,1,0,0,0,1,1,1,1,1,1,1,0,1,1,1,0,1,1,1,1,1,1,1,1,1,1,1,1,1,0,1,1,1,1,1,1,1,1,0,1,1,1,0,0,1,0,0,1,0,1,0,0,0,0,1,0,1,1,0,1,0,1,0,1"
746,16,84,9,0-1;0-4;0-5;0-6;0-9;0-10;0-11;0-15;1-2;1-3;1-4;1-5;1-6;1-7;1-8;1-9;1-10;1-11;1-12;1-13;1-14;1-15;2-3;2-4;2-5;2-7;2-8;2-9;2-10;2-11;2-12;2-13;2-14;2-15;3-4;3-5;3-7;3-8;3-10;3-12;3-13;3-14;3-15;4-5;4-6;4-7;4-8;4-9;4-10;4-13;4-15;5-6;5-7;5-8;5-9;5-10;5-12;5-15;6-8;6-10;6-11;6-15;7-8;7-10;7-14;8-10;8-11;8-12;8-13;8-14;8-15;9-10;9-11;9-15;10-13;10-15;11-12;11-13;11-14;11-15;12-14;12-15;13-14;13-15,"1,0,0,1,1,1,0,0,1,1,1,0,0,0,1,1,1,1,1,1,1,1,1,1,1,1,1,1,1,1,1,1,0,1,1,1,1,1,1,1,1,1,1,1,0,1,1,0,1,0,1,1,1,1,1,1,1,1,1,1,0,0,1,0,1,1,1,1,1,1,0,1,0,0,1,0,1,0,1,1,0,0,0,1,1,0,1,0,0,0,1,0,0,1,1,1,1,1,1,1,1,0,0,0,1,0,0,1,0,1,1,1,1,1,0,1,1,1,1,0"
747,16,84,9,0-1;0-2;0-3;0-4;0-5;0-6;0-9;0-10;0-11;0-12;0-13;0-14;1-2;1-3;1-4;1-5;1-6;1-7;1-8;1-9;1-10;1-11;1-12;1-13;1-14;1-15;2-3;2-4;2-5;2-6;2-9;2-10;2-11;2-12;2-13;2-14;3-4;3-5;3-6;3-8;3-10;3-11;3-12;3-13;3-14;4-6;4-7;4-8;4-9;4-11;4-12;4-13;4-14;4-15;5-7;5-10;5-13;5-14;6-12;6-14;6-15;7-8;7-9;7-10;7-11;7-13;7-14;7-15;8-12;8-13;8-14;8-15;9-12;9-13;9-14;9-15;10-11;10-13;11-13;12-13;12-14;12-15;13-14;14-15,"1,1,1,1,1,1,0,0,1,1,1,1,1,1,0,1,1,1,1,1,1,1,1,1,1,1,1,1,1,1,1,1,1,0,0,1,1,1,1,1,1,0,1,1,1,0,1,0,1,1,1,1,1,0,0,1,1,1,1,0,1,1,1,1,1,0,1,0,0,1,0,0,1,1,0,0,0,0,0,0,1,0,1,1,1,1,1,1,0,1,1,1,0,0,0,1,1,1,1,0,0,1,1,1,1,1,0,1,0,0,0,1,0,0,1,1,1,1,0,1"
748,16,84,9,0-2;0-5;0-6;0-7;0-9;0-12;0-13;0-14;1-2;1-5;1-6;1-9;1-12;1-13;1-14;1-15;2-4;2-5;2-6;2-7;2-9;2-10;2-11;2-12;2-13;2-15;3-4;3-5;3-6;3-7;3-8;3-9;3-14;3-15;4-5;4-6;4-7;4-8;4-9;4-10;4-11;4-13;4-15;5-6;5-7;5-9;5-10;5-12;5-13;5-14;5-15;6-7;6-9;6-11;6-12;6-13;6-15;7-8;7-9;7-10;7-11;7-13;7-14;7-15;8-9;8-10;8-11;8-14;8-15;9-10;9-11;9-12;9-13;9-14;9-15;10-13;10-14;10-15;11-13;11-15;12-13;12-14;13-15;14-15,"0,1,0,0,1,1,1,0,1,0,0,1,1,1,0,1,0,0,1,1,0,0,1,0,0,1,1,1,1,0,1,1,1,1,0,1,1,1,1,1,0,1,1,1,1,1,1,1,0,0,0,0,1,1,1,1,1,1,1,1,1,0,1,0,1,1,1,0,1,1,0,1,1,1,1,1,0,1,0,1,1,1,0,1,1,1,1,1,0,1,1,1,1,1,1,0,0,1,1,1,1,1,1,1,1,0,0,1,1,1,0,1,0,1,1,1,0,0,1,1"
749,16,84,9,0-1;0-4;0-6;0-8;0-9;0-11;0-13;0-14;1-2;1-3;1-4;1-5;1-6;1-7;1-9;1-11;1-12;1-13;1-14;2-4;2-5;2-8;2-10;2-11;2-13;2-14;3-4;3-5;3-6;3-7;3-9;3-10;3-12;4-5;4-6;4-7;4-8;4-9;4-10;4-11;4-12;4-13;4-14;4-15;5-6;5-7;5-9;5-10;5-11;5-12;5-13;5-14;5-15;6-7;6-9;6-11;6-12;6-13;6-14;6-15;7-9;7-10;7-13;8-10;8-11;8-13;8-14;8-15;9-11;9-12;9-13;9-14;9-15;10-11;10-12;10-13;10-15;11-12;11-13;11-14;11-15;13-14;13-15;14-15,"1,0,0,1,0,1,0,1,1,0,1,0,1,1,0,1,1,1,1,1,1,0,1,0,1,1,1,1,0,0,1,1,0,0,1,0,1,1,0,1,1,0,1,1,1,1,0,1,1,0,1,0,0,0,1,1,1,1,1,1,1,1,1,1,1,1,1,0,1,1,1,1,1,1,1,1,0,1,0,1,1,1,1,1,0,1,1,0,0,1,0,0,0,1,1,0,1,1,1,0,1,1,1,1,1,1,1,1,0,1,1,1,1,1,0,0,0,1,1,1"
750,16,84,9,0-1;0-2;0-3;0-4;0-5;0-6;0-7;0-8;0-10;0-11;0-12;0-15;1-2;1-3;1-4;1-5;1-7;1-8;1-9;1-10;1-11;1-12;1-13;1-14;2-3;2-4;2-5;2-6;2-8;2-9;2-10;2-11;2-12;2-14;2-15;3-4;3-8;3-9;3-11;3-15;4-5;4-6;4-7;4-8;4-10;4-11;4-12;4-15;5-7;5-8;5-10;5-11;5-12;5-13;5-14;6-8;6-9;6-10;6-11;6-15;7-8;7-10;7-11;7-13;8-9;8-10;8-11;8-12;8-13;8-14;8-15;9-10;9-12;9-13;9-14;9-15;10-11;10-12;10-13;10-14;11-14;11-15;12-13;13-14,"1,1,1,1,1,1,1,1,0,1,1,1,0,0,1,1,1,1,1,0,1,1,1,1,1,1,1,1,0,1,1,1,1,0,1,1,1,1,1,0,1,1,1,0,0,0,1,1,0,1,0,0,0,1,1,1,1,1,0,1,1,1,0,0,1,0,1,1,0,1,1,1,1,1,0,0,1,1,1,1,0,0,0,1,1,0,1,1,0,1,0,0,1,1,1,1,1,1,1,1,0,1,1,1,1,1,1,1,1,0,0,0,1,1,1,0,0,1,0,0"
751,16,84,9,0-1;0-2;0-3;0-4;0-5;0-6;0-7;0-8;0-9;0-10;0-12;0-15;1-2;1-3;1-4;1-6;1-7;1-8;1-9;1-10;1-12;1-13;1-15;2-3;2-4;2-6;2-7;2-8;2-9;2-10;2-12;2-13;2-15;3-6;3-7;3-9;3-11;3-12;4-6;4-8;4-10;4-12;4-14;5-6;5-7;5-8;5-9;5-11;5-12;5-14;6-7;6-8;6-9;6-10;6-11;6-12;6-13;6-14;6-15;7-8;7-9;7-11;7-12;7-13;7-14;7-15;8-9;8-10;8-12;8-13;8-14;8-15;9-11;9-12;9-13;10-14;10-15;11-12;11-13;11-14;12-13;12-14;13-14;14-15,"1,1,1,1,1,1,1,1,1,1,0,1,0,0,1,1,1,1,0,1,1,1,1,1,0,1,1,0,1,1,1,0,1,1,1,1,1,0,1,1,0,1,0,0,1,1,0,1,0,1,1,0,0,0,0,1,0,1,0,1,0,1,0,1,0,1,1,1,1,0,1,1,0,1,0,1,1,1,1,1,1,1,1,1,1,1,0,1,1,1,1,1,1,1,0,1,1,1,1,0,1,1,1,0,0,0,0,0,1,1,1,1,1,0,1,1,0,1,0,1"
752,16,84,9,0-1;0-2;0-3;0-5;0-6;0-7;0-8;0-9;0-10;0-11;0-12;0-13;0-14;1-2;1-5;1-6;1-7;1-9;1-11;1-12;1-14;2-3;2-4;2-5;2-7;2-9;2-10;2-11;2-12;2-13;2-15;3-5;3-9;3-11;3-12;3-13;3-14;4-5;4-6;4-7;4-10;4-12;4-13;4-15;5-7;5-9;5-10;5-11;5-12;5-13;5-15;6-7;6-8;6-9;6-10;6-12;6-14;6-15;7-8;7-9;7-10;7-11;7-12;7-13;7-15;8-9;8-11;8-12;8-13;8-14;9-11;9-12;9-13;9-14;9-15;10-12;10-13;11-12;11-13;11-14;12-13;12-14;12-15;13-15,"1,1,1,0,1,1,1,1,1,1,1,1,1,1,0,1,0,0,1,1,1,0,1,0,1,1,0,1,0,1,1,1,0,1,0,1,1,1,1,1,0,1,0,1,0,0,0,1,0,1,1,1,1,0,1,1,1,0,0,1,0,1,1,0,1,0,1,0,1,1,1,1,1,0,1,1,1,1,1,0,1,0,1,1,1,1,1,1,1,1,0,1,1,0,1,1,1,1,0,0,1,1,1,1,1,0,1,1,0,0,1,1,1,0,1,1,1,0,1,0"
753,16,84,9,0-1;0-2;0-3;0-7;0-8;0-10;0-11;0-12;0-14;1-2;1-3;1-4;1-6;1-7;1-8;1-10;1-11;1-12;1-13;1-14;1-15;2-3;2-4;2-5;2-7;2-8;2-9;2-10;2-11;2-12;2-13;2-15;3-4;3-5;3-6;3-7;3-8;3-9;3-10;3-11;3-12;3-13;3-14;3-15;4-5;4-6;4-7;4-8;4-9;4-11;4-12;4-13;4-15;5-8;5-9;5-10;5-11;5-12;6-7;6-8;6-11;6-12;6-14;7-8;7-11;7-12;7-14;7-15;8-10;8-11;8-12;8-14;8-15;9-10;9-11;9-12;9-13;10-13;10-14;10-15;11-12;11-13;12-13;14-15,"1,1,1,0,0,0,1,1,0,1,1,1,0,1,0,1,1,1,0,1,1,1,0,1,1,1,1,1,1,1,1,1,0,1,1,1,1,1,1,1,0,1,1,1,1,1,1,1,1,1,1,1,1,1,1,1,1,1,1,0,1,1,1,0,1,0,0,1,1,1,1,1,0,0,0,1,1,0,0,1,1,0,1,0,1,0,0,1,1,0,1,1,0,1,1,1,0,1,1,1,1,1,1,0,0,0,0,1,1,1,1,1,0,0,1,0,0,0,0,1"
754,16,84,9,0-1;0-2;0-3;0-4;0-5;0-6;0-8;0-10;0-11;0-12;0-13;0-14;0-15;1-2;1-5;1-7;1-8;1-9;1-11;1-12;1-13;1-14;2-3;2-5;2-8;2-10;2-11;2-12;3-4;3-5;3-6;3-8;3-10;3-11;3-12;3-14;3-15;4-5;4-6;4-7;4-8;4-9;4-10;4-11;4-13;4-14;4-15;5-6;5-7;5-8;5-9;5-10;5-11;5-12;5-13;5-14;5-15;6-7;6-9;6-10;6-11;6-12;6-13;6-14;6-15;7-9;7-13;7-14;7-15;8-11;8-14;9-11;9-14;9-15;10-11;10-15;11-12;11-14;11-15;12-14;12-15;13-14;13-15;14-15,"1,1,1,1,1,1,0,1,0,1,1,1,1,1,1,1,0,0,1,0,1,1,1,0,1,1,1,1,0,1,0,1,0,0,1,0,1,1,1,0,0,0,1,1,1,0,1,0,1,1,1,0,1,1,1,1,1,1,1,1,1,0,1,1,1,1,1,1,1,1,1,1,1,1,1,1,0,1,1,1,1,1,1,1,0,1,0,0,0,1,1,1,0,0,1,0,0,1,0,0,1,0,0,1,1,1,0,0,0,1,1,0,1,1,0,1,1,1,1,1"
755,16,84,9,0-1;0-3;0-5;0-6;0-8;0-9;0-11;0-12;0-13;0-14;0-15;1-3;1-6;1-7;1-8;1-9;1-12;1-14;1-15;2-4;2-6;2-7;2-8;2-9;2-10;2-13;2-14;3-5;3-6;3-7;3-8;3-9;3-10;3-11;3-12;3-13;3-14;3-15;4-6;4-7;4-8;4-9;4-12;4-13;4-14;5-6;5-8;5-12;5-13;5-14;5-15;6-7;6-8;6-9;6-10;6-11;6-12;6-13;6-14;6-15;7-9;7-10;7-11;7-12;7-15;8-9;8-10;8-12;8-13;8-14;9-10;9-11;9-12;9-13;9-14;10-13;10-14;11-12;11-13;11-15;12-13;12-14;12-15;13-14,"1,0,1,0,1,1,0,1,1,0,1,1,1,1,1,0,1,0,0,1,1,1,1,0,0,1,0,1,1,0,1,0,1,1,1,1,1,0,0,1,1,0,0,1,1,1,1,1,1,1,1,1,1,1,0,1,1,1,1,0,0,1,1,1,0,1,0,1,0,0,0,1,1,1,1,1,1,1,1,1,1,1,1,1,0,1,1,1,1,0,0,1,1,1,0,1,1,1,0,1,1,1,1,1,0,0,0,1,1,0,1,1,0,1,1,1,1,1,0,0"
756,16,84,9,0-1;0-2;0-3;0-4;0-6;0-7;0-9;0-10;0-11;0-12;0-13;0-14;0-15;1-2;1-7;1-11;1-12;1-13;1-14;1-15;2-3;2-4;2-5;2-6;2-7;2-8;2-9;2-10;2-11;2-12;2-13;2-14;2-15;3-4;3-5;3-6;3-7;3-8;3-9;3-10;3-11;3-14;3-15;4-5;4-6;4-7;4-8;4-9;4-10;4-11;4-14;4-15;5-6;5-7;5-8;5-10;5-13;6-7;6-8;6-9;6-10;6-11;6-12;6-13;6-14;7-10;7-11;7-12;7-13;7-14;7-15;8-9;8-10;8-13;9-10;9-13;10-12;10-14;10-15;11-13;11-14;12-13;12-14;14-15,"1,1,1,1,0,1,1,0,1,1,1,1,1,1,1,1,0,0,0,0,1,0,0,0,1,1,1,1,1,1,1,1,1,1,1,1,1,1,1,1,1,1,1,1,1,1,1,1,1,1,0,0,1,1,1,1,1,1,1,1,1,0,0,1,1,1,1,1,0,1,0,0,1,0,0,1,1,1,1,1,1,1,1,0,0,0,1,1,1,1,1,1,1,1,0,0,1,0,0,1,0,0,1,0,0,0,1,0,1,1,0,1,1,0,1,1,0,0,0,1"
757,16,84,9,0-4;0-5;0-8;0-9;0-10;0-11;0-12;0-13;0-14;0-15;1-5;1-6;1-8;1-10;1-12;1-13;1-14;1-15;2-6;2-7;2-9;2-11;2-12;2-13;2-14;2-15;3-7;3-8;3-10;3-11;3-12;3-13;3-14;3-15;4-7;4-9;4-11;4-12;4-13;4-14;4-15;5-8;5-10;5-12;5-13;5-14;5-15;6-9;6-10;6-12;6-13;6-14;6-15;7-9;7-11;7-12;7-13;7-14;7-15;8-10;8-11;8-12;8-13;8-14;8-15;9-11;9-12;9-13;9-14;9-15;10-12;10-13;10-14;10-15;11-12;11-13;11-14;11-15;12-13;12-14;12-15;13-14;13-15;14-15,"0,0,0,1,1,0,0,1,1,1,1,1,1,1,1,0,0,0,1,1,0,1,0,1,0,1,1,1,1,0,0,0,1,1,0,1,0,1,1,1,1,1,0,0,0,1,1,0,1,1,1,1,1,1,0,0,1,0,1,0,1,1,1,1,1,0,0,1,0,1,0,1,1,1,1,0,0,1,1,0,1,1,1,1,0,1,0,1,1,1,1,1,0,1,1,1,1,1,1,0,1,1,1,1,1,0,1,1,1,1,1,1,1,1,1,1,1,1,1,1"
758,16,84,9,0-1;0-2;0-3;0-4;0-5;0-8;0-10;0-13;0-14;0-15;1-2;1-3;1-4;1-5;1-6;1-7;1-8;1-9;1-10;1-11;1-12;1-13;1-14;1-15;2-4;2-6;2-7;2-8;2-9;2-10;2-13;2-14;3-5;3-6;3-10;3-11;3-12;3-13;3-14;3-15;4-8;4-9;4-10;4-13;4-14;5-8;5-10;5-11;5-12;5-13;5-14;5-15;6-7;6-10;6-11;6-13;6-14;7-8;7-9;7-10;7-13;7-14;8-9;8-10;8-12;8-13;8-14;9-10;9-12;9-13;9-14;10-11;10-12;10-13;10-14;10-15;11-13;11-14;11-15;12-13;12-14;13-14;13-15;14-15,"1,1,1,1,1,0,0,1,0,1,0,0,1,1,1,1,1,1,1,1,1,1,1,1,1,1,1,1,1,0,1,0,1,1,1,1,1,0,0,1,1,0,0,1,1,0,0,0,1,1,1,1,1,1,0,0,0,1,1,1,0,0,1,1,0,0,0,1,0,1,1,1,1,1,1,1,0,0,1,1,0,1,1,0,1,1,1,0,0,1,1,0,1,1,0,1,1,1,0,1,0,1,1,1,0,1,1,1,1,1,0,1,1,1,1,1,0,1,1,1"
759,16,84,9,0-1;0-2;0-3;0-4;0-5;0-6;0-7;0-8;0-9;0-10;0-11;0-12;0-13;0-14;0-15;1-2;1-3;1-4;1-5;1-6;1-7;1-8;1-9;1-10;1-11;1-12;1-13;1-14;1-15;2-3;2-6;2-7;2-8;2-9;2-10;2-12;2-13;3-4;3-6;3-7;3-13;3-15;4-5;4-7;4-11;4-12;4-13;4-14;4-15;5-7;5-8;5-9;5-13;5-14;6-7;6-8;6-9;6-13;7-8;7-9;7-10;7-11;7-12;7-13;7-14;7-15;8-9;8-10;8-13;9-10;9-12;9-13;9-14;10-12;10-13;11-12;11-13;11-14;11-15;12-13;12-14;13-14;13-15;14-15,"1,1,1,1,1,1,1,1,1,1,1,1,1,1,1,1,1,1,1,1,1,1,1,1,1,1,1,1,1,1,0,0,1,1,1,1,1,0,1,1,0,0,1,0,1,1,0,0,0,0,0,1,0,1,1,0,1,0,0,0,1,1,1,1,1,0,1,1,1,0,0,0,1,1,0,1,1,1,0,0,0,1,0,0,1,1,1,1,1,1,1,1,1,1,0,0,1,0,0,1,0,1,1,1,0,0,1,1,0,0,1,1,1,1,1,1,0,1,1,1"
760,16,84,9,0-3;0-7;0-8;0-9;0-10;0-11;0-12;0-13;0-14;0-15;1-2;1-3;1-4;1-5;1-9;1-10;1-11;1-13;2-3;2-4;2-6;2-9;2-10;2-11;2-13;2-14;3-4;3-5;3-6;3-7;3-8;3-9;3-10;3-11;3-12;3-13;3-14;3-15;4-5;4-6;4-7;4-9;4-10;4-11;4-13;5-8;5-10;5-11;5-12;5-13;6-7;6-9;6-10;6-11;6-13;7-8;7-9;7-10;7-11;7-13;7-15;8-10;8-11;8-12;8-13;8-14;8-15;9-10;9-11;9-13;9-14;10-11;10-12;10-13;10-14;10-15;11-12;11-13;11-14;11-15;12-13;12-15;13-14;13-15,"0,0,1,0,0,0,1,1,1,1,1,1,1,1,1,1,1,1,1,0,0,0,1,1,1,0,1,0,0,1,1,0,1,0,0,1,1,1,0,1,1,0,1,1,1,1,1,1,1,1,1,1,1,1,1,1,1,0,1,1,1,0,1,0,0,0,0,1,0,1,1,1,1,0,0,1,0,1,1,1,0,1,0,0,1,1,1,1,0,1,0,1,0,1,1,1,1,1,1,1,1,0,1,1,0,1,1,1,1,1,1,1,1,1,1,0,1,1,1,0"
761,16,84,9,0-1;0-2;0-4;0-6;0-8;0-10;0-11;0-12;0-14;0-15;1-2;1-3;1-4;1-5;1-6;1-7;1-8;1-9;1-10;1-11;1-12;1-13;1-14;1-15;2-3;2-4;2-5;2-6;2-7;2-8;2-9;2-10;2-11;2-12;2-13;2-14;2-15;3-4;3-5;3-7;3-11;3-12;3-14;3-15;4-7;4-9;4-11;4-12;4-14;4-15;5-6;5-8;5-11;5-12;5-14;6-8;6-10;6-11;6-12;6-13;6-14;7-9;7-11;7-12;7-14;8-9;8-10;8-11;8-12;8-13;9-11;9-12;9-13;10-11;10-12;10-13;11-12;11-13;11-14;11-15;12-13;12-14;12-15;14-15,"1,1,0,1,0,1,0,1,0,1,1,1,0,1,1,1,1,1,1,1,1,1,1,1,1,1,1,1,1,1,1,1,1,1,1,1,1,1,1,1,1,1,1,1,0,1,0,0,0,1,1,0,1,1,0,0,1,0,1,0,1,1,0,1,1,1,0,1,0,0,1,1,0,1,0,0,1,0,1,1,1,1,1,0,0,1,0,1,1,0,1,0,1,1,1,1,1,0,0,0,1,1,1,0,0,1,1,1,0,0,1,1,1,1,1,1,1,0,0,1"
762,16,84,9,0-2;0-3;0-4;0-10;0-11;0-13;0-14;0-15;1-3;1-4;1-5;1-9;1-10;1-12;1-13;1-14;2-3;2-4;2-5;2-10;2-12;2-13;2-14;3-4;3-5;3-6;3-7;3-8;3-9;3-10;3-11;3-12;3-13;3-14;3-15;4-5;4-6;4-7;4-8;4-9;4-10;4-11;4-12;4-13;4-14;4-15;5-6;5-7;5-9;5-10;5-12;5-13;5-14;6-7;6-10;6-11;6-12;6-14;7-8;7-9;7-10;7-11;7-14;7-15;8-9;8-10;8-11;8-14;8-15;9-10;9-11;9-13;9-14;10-11;10-12;10-13;10-14;10-15;11-14;11-15;12-13;12-14;13-14;14-15,"0,1,1,1,0,0,0,0,0,1,1,0,1,1,1,0,1,1,1,0,0,0,1,1,0,1,1,1,0,1,1,1,0,0,0,0,1,0,1,1,1,0,1,1,1,1,1,1,1,1,1,1,1,1,1,1,1,1,1,1,1,1,1,1,1,1,1,0,1,1,0,1,1,1,0,1,0,0,1,1,1,0,1,0,1,1,1,1,0,0,1,1,1,1,1,0,0,1,1,1,1,0,1,1,0,1,1,1,1,1,0,0,1,1,1,1,0,1,0,1"
763,16,84,9,0-1;0-2;0-3;0-4;0-5;0-6;0-7;0-8;0-9;0-10;0-11;0-12;0-13;0-14;0-15;1-4;1-6;1-7;1-10;1-13;1-14;1-15;2-3;2-5;2-7;2-8;2-9;2-10;2-11;2-12;2-14;2-15;3-5;3-6;3-7;3-8;3-10;3-13;3-14;3-15;4-6;4-8;4-10;4-11;4-14;4-15;5-8;5-10;5-12;5-14;5-15;6-7;6-9;6-10;6-13;6-14;6-15;7-9;7-10;7-13;7-14;7-15;8-10;8-11;8-12;8-14;8-15;9-10;9-12;9-14;9-15;10-11;10-12;10-13;10-14;10-15;11-12;11-14;11-15;12-14;12-15;13-14;13-15;14-15,"1,1,1,1,1,1,1,1,1,1,1,1,1,1,1,0,0,1,0,1,1,0,0,1,0,0,1,1,1,1,0,1,0,1,1,1,1,1,1,0,1,1,0,1,1,1,1,0,1,0,0,1,1,1,0,1,0,1,0,1,1,0,0,1,1,0,0,1,0,1,0,1,0,1,1,1,0,1,1,0,0,1,1,1,0,1,1,0,0,1,1,1,0,1,1,1,0,1,1,1,0,1,0,1,1,1,1,1,1,1,1,0,1,1,0,1,1,1,1,1"
764,16,84,9,0-1;0-3;0-5;0-6;0-8;0-9;0-10;0-12;0-13;1-2;1-3;1-5;1-6;1-9;1-13;1-14;2-3;2-4;2-5;2-6;2-9;2-11;2-13;2-14;2-15;3-4;3-5;3-6;3-7;3-8;3-9;3-10;3-11;3-12;3-13;3-14;3-15;4-5;4-6;4-8;4-9;4-12;4-13;4-14;4-15;5-6;5-7;5-8;5-9;5-10;5-11;5-12;5-13;5-14;5-15;6-7;6-8;6-9;6-10;6-11;6-12;6-13;6-14;6-15;7-10;7-11;7-12;7-13;7-14;8-9;8-12;8-13;9-10;9-12;9-13;10-12;10-13;11-13;11-14;11-15;12-13;13-14;13-15;14-15,"1,0,1,0,1,1,0,1,1,1,0,1,1,0,0,1,1,0,1,1,0,0,1,0,0,0,1,1,0,1,1,1,1,0,0,1,0,1,0,1,1,1,1,1,1,1,1,1,1,1,1,1,1,1,1,1,0,1,1,0,0,1,1,1,1,1,1,1,1,1,1,1,1,1,1,1,1,1,1,1,1,1,1,1,0,0,1,1,1,1,1,0,1,0,0,1,1,0,0,1,0,1,1,0,0,0,1,1,0,0,0,1,1,1,1,0,0,1,1,1"
765,16,84,9,0-1;0-2;0-3;0-4;0-5;0-6;0-7;0-8;0-9;0-10;0-11;0-12;0-13;0-14;0-15;1-2;1-4;1-5;1-7;1-11;1-12;1-13;1-15;2-4;2-5;2-7;2-9;2-11;2-12;3-4;3-7;3-8;3-9;3-10;3-11;3-12;3-14;3-15;4-5;4-7;4-9;4-11;4-12;4-13;4-15;5-6;5-7;5-9;5-11;5-12;5-13;6-7;6-8;6-10;6-11;6-12;6-13;7-8;7-9;7-10;7-11;7-12;7-13;7-14;7-15;8-10;8-11;8-12;8-14;9-10;9-11;9-12;9-14;10-11;10-12;10-14;10-15;11-12;11-13;11-14;11-15;12-13;12-14;12-15,"1,1,1,1,1,1,1,1,1,1,1,1,1,1,1,1,0,1,1,0,1,0,0,0,1,1,1,0,1,0,1,1,0,1,0,1,0,1,1,0,0,0,1,0,0,1,1,1,1,1,1,0,1,1,1,0,1,0,1,0,1,1,1,0,1,1,1,0,1,0,1,1,1,0,0,1,1,0,1,1,1,1,0,0,1,1,1,1,1,1,1,1,0,1,1,1,0,1,0,1,1,1,0,1,0,1,1,0,1,1,1,1,1,1,1,1,1,0,0,0"
766,16,84,9,0-1;0-2;0-3;0-4;0-5;0-6;0-7;0-8;0-9;0-10;0-11;0-12;0-13;0-14;0-15;1-3;1-4;1-6;1-7;1-10;1-11;1-15;2-4;2-5;2-6;2-7;2-9;2-11;2-14;3-4;3-6;3-7;3-10;3-11;3-12;3-13;3-15;4-5;4-6;4-7;4-8;4-9;4-10;4-11;4-12;4-13;4-14;4-15;5-7;5-9;5-11;5-13;5-14;6-7;6-9;6-11;7-8;7-9;7-10;7-11;7-12;7-13;7-14;7-15;8-9;8-10;8-11;8-14;8-15;9-11;9-13;9-14;10-11;10-12;10-15;11-12;11-13;11-14;11-15;12-13;12-15;13-14;13-15;14-15,"1,1,1,1,1,1,1,1,1,1,1,1,1,1,1,0,1,1,0,1,1,0,0,1,1,0,0,0,1,0,1,1,1,1,0,1,0,1,0,0,1,0,1,0,1,1,0,0,1,1,1,1,0,1,1,1,1,1,1,1,1,1,1,1,1,0,1,0,1,0,1,0,1,1,0,1,0,1,0,1,0,0,0,0,1,1,1,1,1,1,1,1,1,1,1,0,0,1,1,0,1,0,1,1,0,1,1,0,0,1,1,1,1,1,1,0,1,1,1,1"
767,16,84,9,0-1;0-3;0-5;0-8;0-10;0-11;0-12;0-14;1-3;1-5;1-8;1-10;1-11;1-12;1-13;1-15;2-3;2-5;2-6;2-7;2-8;2-9;2-10;2-11;2-14;2-15;3-4;3-5;3-6;3-7;3-8;3-9;3-10;3-11;3-12;3-13;3-14;3-15;4-5;4-6;4-8;4-9;4-10;4-12;4-13;5-6;5-7;5-8;5-9;5-10;5-11;5-12;5-13;5-14;5-15;6-7;6-8;6-9;6-10;7-8;7-9;7-10;7-14;8-9;8-10;8-11;8-12;8-13;8-14;8-15;9-10;9-14;9-15;10-11;10-12;10-13;10-14;10-15;11-12;11-13;11-14;11-15;12-13;12-14,"1,0,1,0,1,0,0,1,0,1,1,1,0,1,0,0,1,0,1,0,0,1,0,1,1,1,1,0,1,1,0,1,1,1,1,1,1,1,0,0,1,1,1,1,1,1,1,1,1,1,1,1,1,1,1,1,0,1,1,1,0,1,1,0,0,1,1,1,1,1,1,1,1,1,1,1,1,1,1,0,0,0,0,0,1,1,1,0,0,0,1,0,1,1,1,1,1,1,1,1,0,0,0,1,1,1,1,1,1,1,1,1,1,1,1,1,0,0,0,0"
768,16,84,9,0-1;0-2;0-3;0-4;0-6;0-7;0-8;0-9;0-10;0-13;0-15;1-3;1-7;1-8;1-10;1-11;1-13;1-15;2-3;2-4;2-7;2-8;2-10;2-12;2-13;3-4;3-5;3-6;3-7;3-8;3-9;3-10;3-11;3-12;3-13;3-14;3-15;4-5;4-8;4-9;4-10;4-12;4-13;4-14;5-8;5-10;5-11;5-12;5-13;5-14;6-7;6-8;6-9;6-10;6-13;6-15;7-8;7-10;7-13;7-15;8-9;8-10;8-11;8-12;8-13;8-14;8-15;9-10;9-12;9-13;9-14;9-15;10-11;10-12;10-13;10-14;10-15;11-12;11-13;11-15;12-13;12-14;13-14;13-15,"1,1,1,1,0,1,1,1,1,1,0,0,1,0,1,0,1,0,0,0,1,1,0,1,1,0,1,0,1,1,1,0,0,1,1,0,1,0,1,1,0,0,1,1,1,1,1,1,1,1,1,1,1,1,1,0,0,1,1,1,0,1,1,1,0,0,0,1,0,1,1,1,1,1,0,1,1,1,1,0,0,1,0,1,1,0,1,0,0,1,0,1,1,1,1,1,1,1,1,1,0,1,1,1,1,1,1,1,1,1,1,1,0,1,1,1,0,1,1,0"
769,16,84,9,0-1;0-2;0-5;0-6;0-7;0-8;0-10;0-13;0-15;1-2;1-3;1-4;1-5;1-6;1-7;1-8;1-9;1-10;1-11;1-12;1-13;1-14;1-15;2-7;2-8;2-10;2-11;2-12;2-15;3-8;3-9;3-10;3-11;3-12;3-14;3-15;4-5;4-7;4-8;4-10;4-11;4-12;4-13;4-14;4-15;5-6;5-7;5-8;5-9;5-10;5-13;5-15;6-7;6-8;6-9;6-10;6-15;7-8;7-10;7-12;7-13;7-15;8-9;8-10;8-11;8-12;8-13;8-14;8-15;9-10;9-11;9-15;10-11;10-12;10-13;10-14;10-15;11-12;11-14;11-15;12-14;12-15;13-15;14-15,"1,1,0,0,1,1,1,1,0,1,0,0,1,0,1,1,1,1,1,1,1,1,1,1,1,1,1,1,1,0,0,0,0,1,1,0,1,1,1,0,0,1,0,0,0,0,1,1,1,1,1,0,1,1,1,0,1,1,0,1,1,1,1,1,1,1,1,1,1,1,0,0,1,0,1,1,1,1,1,0,0,0,0,1,1,0,1,0,1,1,0,1,1,1,1,1,1,1,1,1,1,0,0,0,1,1,1,1,1,1,1,0,1,1,0,1,1,0,1,1"
770,16,84,9,0-1;0-2;0-3;0-4;0-5;0-6;0-7;0-8;0-9;0-10;0-11;0-12;0-13;0-14;0-15;1-2;1-3;1-6;1-7;1-10;1-11;1-13;1-14;1-15;2-3;2-6;2-7;2-10;2-11;2-14;3-4;3-5;3-6;3-7;3-8;3-9;3-10;3-11;3-12;3-13;3-14;3-15;4-5;4-6;4-9;4-10;4-11;4-12;5-6;5-8;5-9;5-10;5-12;5-13;5-14;5-15;6-7;6-8;6-9;6-10;6-11;6-12;6-13;6-14;6-15;7-10;7-13;7-14;8-9;8-10;8-12;8-13;9-10;9-11;9-12;9-13;10-11;10-12;10-13;10-14;10-15;12-15;13-14;14-15,"1,1,1,1,1,1,1,1,1,1,1,1,1,1,1,1,1,0,0,1,1,0,0,1,1,0,1,1,1,1,0,0,1,1,0,0,1,1,0,0,1,0,1,1,1,1,1,1,1,1,1,1,1,1,1,1,0,0,1,1,1,1,0,0,0,1,0,1,1,1,0,1,1,1,1,1,1,1,1,1,1,1,1,1,0,0,1,0,0,1,1,0,1,1,0,1,1,0,0,1,1,1,1,0,0,1,1,1,1,1,0,0,0,0,0,0,1,1,0,1"
771,16,84,9,0-1;0-3;0-4;0-6;0-8;0-10;0-11;0-12;0-14;0-15;1-2;1-3;1-4;1-5;1-6;1-7;1-8;1-9;1-10;1-11;1-12;1-13;1-14;1-15;2-4;2-6;2-7;2-10;2-12;2-13;2-15;3-4;3-7;3-9;3-10;3-12;3-13;3-14;3-15;4-5;4-6;4-7;4-8;4-9;4-10;4-11;4-12;4-13;4-14;4-15;5-7;5-8;5-9;5-10;5-13;5-15;6-10;6-11;6-12;6-14;6-15;7-9;7-10;7-12;7-13;7-15;8-10;8-11;8-13;8-15;9-10;9-13;9-15;10-11;10-12;10-13;10-14;10-15;11-12;11-15;12-14;12-15;13-15;14-15,"1,0,1,1,0,1,0,1,0,1,1,1,0,1,1,1,1,1,1,1,1,1,1,1,1,1,1,1,1,0,1,0,1,1,0,0,1,0,1,1,0,1,1,0,0,1,0,1,1,0,1,1,1,1,1,1,1,1,1,1,1,1,1,1,1,0,1,1,1,1,0,0,1,0,1,0,0,0,1,1,1,0,1,1,0,1,1,0,1,1,0,1,0,1,1,0,1,0,1,1,0,0,1,0,1,1,1,1,1,1,1,0,0,1,0,1,1,0,1,1"
772,16,84,9,0-1;0-2;0-3;0-5;0-7;0-8;0-9;0-10;0-11;0-13;0-15;1-3;1-5;1-7;1-8;1-9;1-10;1-11;1-15;2-3;2-4;2-5;2-7;2-8;2-10;2-12;2-13;2-15;3-4;3-5;3-6;3-7;3-8;3-9;3-10;3-11;3-12;3-13;3-14;3-15;4-5;4-7;4-12;4-13;4-14;4-15;5-6;5-7;5-8;5-9;5-10;5-11;5-12;5-13;5-14;5-15;6-7;6-8;6-11;6-12;6-14;6-15;7-8;7-9;7-10;7-11;7-12;7-13;7-14;7-15;8-10;8-11;8-15;9-12;9-13;9-15;10-15;11-15;12-13;12-14;12-15;13-14;13-15;14-15,"1,1,1,0,1,0,1,1,1,1,1,0,1,0,1,0,1,0,1,0,1,1,1,1,1,0,0,0,1,1,1,1,0,1,1,0,1,0,1,1,0,1,1,1,1,1,1,1,1,1,1,1,1,1,1,0,1,0,0,0,0,1,1,1,1,1,1,1,1,1,1,1,1,1,1,1,1,0,0,1,1,0,1,1,1,1,1,1,1,1,1,1,0,1,1,0,0,0,1,0,0,1,1,0,1,0,0,0,0,1,0,0,0,1,1,1,1,1,1,1"
773,16,84,9,0-1;0-2;0-3;0-4;0-5;0-6;0-7;0-8;0-9;0-10;0-11;0-12;0-13;0-14;0-15;1-2;1-3;1-4;1-5;1-6;1-7;1-8;1-9;1-10;1-11;1-12;1-13;1-14;1-15;2-3;2-4;2-5;2-6;2-8;2-9;2-13;2-15;3-4;3-5;3-6;3-7;3-8;3-9;3-10;3-11;3-12;3-13;3-14;3-15;4-5;4-6;4-7;4-13;4-14;4-15;5-8;5-9;5-11;5-13;5-15;6-7;6-8;6-10;6-12;6-13;6-14;7-12;7-13;7-14;8-12;8-13;9-11;9-13;9-15;10-11;10-12;10-13;10-14;11-13;11-14;12-13;12-14;13-14;13-15,"1,1,1,1,1,1,1,1,1,1,1,1,1,1,1,1,1,1,1,1,1,1,1,1,1,1,1,1,1,1,1,1,1,0,1,1,0,0,0,1,0,1,1,1,1,1,1,1,1,1,1,1,1,1,1,1,1,0,0,0,0,0,1,1,1,0,0,1,1,0,1,0,1,0,1,1,1,0,1,0,1,1,1,0,0,0,0,0,1,1,1,0,0,0,0,1,1,0,0,0,1,0,1,0,1,1,1,1,1,0,0,1,1,0,1,1,0,1,1,0"
774,16,84,9,0-1;0-2;0-3;0-4;0-5;0-6;0-7;0-8;0-9;0-10;0-11;0-12;0-13;0-14;0-15;1-2;1-3;1-4;1-5;1-6;1-7;1-8;1-9;1-10;1-11;1-12;1-13;1-14;1-15;2-3;2-4;2-5;2-6;2-7;2-8;2-9;2-10;2-11;2-12;2-13;2-14;2-15;3-4;3-5;3-8;3-10;3-11;4-5;4-8;4-10;4-11;4-13;4-15;5-6;5-8;5-9;5-10;5-12;6-7;6-8;6-9;6-10;6-12;6-14;7-9;7-10;7-12;7-13;8-10;8-11;8-14;8-15;9-10;9-12;10-11;10-12;10-13;10-14;10-15;11-14;11-15;12-13;12-14;13-15,"1,1,1,1,1,1,1,1,1,1,1,1,1,1,1,1,1,1,1,1,1,1,1,1,1,1,1,1,1,1,1,1,1,1,1,1,1,1,1,1,1,1,1,1,0,0,1,0,1,1,0,0,0,0,1,0,0,1,0,1,1,0,1,0,1,1,0,1,1,1,0,1,0,0,0,1,1,1,1,0,1,0,1,0,0,1,1,0,1,1,0,0,0,1,1,0,0,1,1,1,0,1,0,0,0,1,1,1,1,1,0,0,1,1,1,1,0,0,1,0"
775,16,84,9,0-4;0-5;0-6;0-7;0-10;0-12;0-14;0-15;1-3;1-4;1-6;1-7;1-8;1-9;1-11;1-12;1-14;1-15;2-5;2-6;2-7;2-10;2-12;2-13;2-14;2-15;3-5;3-6;3-7;3-9;3-12;3-14;3-15;4-6;4-7;4-9;4-10;4-11;4-12;4-14;4-15;5-6;5-7;5-10;5-12;5-14;5-15;6-7;6-8;6-9;6-10;6-11;6-12;6-13;6-14;6-15;7-8;7-9;7-10;7-11;7-12;7-13;7-14;7-15;8-9;8-11;8-12;8-13;8-14;9-11;9-12;9-13;9-14;10-12;10-13;10-14;10-15;11-12;11-14;12-13;12-14;12-15;13-14;14-15,"0,0,0,1,1,1,1,0,0,1,0,1,0,1,1,0,1,1,0,1,1,1,1,0,1,1,0,1,1,0,0,1,1,1,0,0,1,0,1,1,1,1,0,1,1,1,0,1,0,0,1,0,1,1,0,1,1,0,1,1,1,1,0,1,1,1,1,0,0,1,0,1,0,1,1,1,1,1,1,1,1,1,1,1,1,1,1,1,1,1,1,1,1,0,1,1,1,1,0,0,1,1,1,1,0,0,1,1,1,1,1,0,1,0,1,1,1,1,0,1"
776,16,84,9,0-1;0-2;0-3;0-4;0-5;0-6;0-7;0-8;0-9;0-10;0-11;0-12;0-13;0-14;0-15;1-2;1-3;1-4;1-5;1-6;1-7;1-8;1-9;1-10;1-11;1-12;1-13;1-14;1-15;2-6;2-7;2-9;2-10;2-11;2-14;2-15;3-4;3-6;3-8;3-9;3-12;3-13;3-14;3-15;4-6;4-8;4-12;4-13;4-14;5-6;5-8;5-10;5-11;5-13;5-14;6-7;6-8;6-9;6-10;6-11;6-12;6-13;6-14;6-15;7-9;7-11;7-12;7-14;8-13;8-14;9-10;9-11;9-12;9-14;9-15;10-11;10-14;11-12;11-14;12-13;12-14;13-14;13-15;14-15,"1,1,1,1,1,1,1,1,1,1,1,1,1,1,1,1,1,1,1,1,1,1,1,1,1,1,1,1,1,0,0,0,1,1,0,1,1,1,0,0,1,1,1,0,1,0,1,1,0,0,1,1,1,1,0,1,0,1,0,0,0,1,1,1,0,1,0,1,0,1,1,0,1,1,0,1,1,1,1,1,1,1,1,1,0,1,0,1,1,0,1,0,0,0,0,0,1,1,0,1,1,1,0,1,1,1,0,0,1,0,1,0,1,0,1,1,0,1,1,1"
777,16,84,9,0-1;0-2;0-3;0-4;0-6;0-7;0-9;0-12;0-13;0-14;0-15;1-2;1-3;1-4;1-5;1-9;1-11;1-12;1-14;1-15;2-3;2-4;2-5;2-6;2-7;2-8;2-9;2-10;2-11;2-12;2-13;2-14;2-15;3-4;3-5;3-6;3-7;3-8;3-9;3-10;3-11;3-12;3-13;3-14;3-15;4-5;4-7;4-10;4-11;4-14;4-15;5-10;5-11;5-14;5-15;6-7;6-9;6-12;6-13;6-14;6-15;7-11;7-14;7-15;8-10;8-11;8-12;8-13;8-14;8-15;9-12;9-14;9-15;10-11;10-14;10-15;11-14;11-15;12-13;12-14;12-15;13-14;13-15;14-15,"1,1,1,1,0,1,1,0,1,0,0,1,1,1,1,1,1,1,1,0,0,0,1,0,1,1,0,1,1,1,1,1,1,1,1,1,1,1,1,1,1,1,1,1,1,1,1,1,1,1,1,1,1,1,1,0,1,0,0,1,1,0,0,1,1,0,0,0,0,1,1,0,0,1,1,1,0,1,0,0,1,1,1,1,0,0,0,1,0,0,1,1,0,1,1,1,1,1,1,0,0,1,0,1,1,1,0,0,1,1,0,0,1,1,1,1,1,1,1,1"
778,16,84,9,0-4;0-5;0-8;0-10;0-11;0-12;0-13;0-14;0-15;1-5;1-6;1-8;1-9;1-12;1-13;1-14;1-15;2-6;2-7;2-9;2-10;2-11;2-12;2-13;2-14;2-15;3-7;3-8;3-9;3-10;3-11;3-13;3-14;3-15;4-7;4-10;4-11;4-12;4-13;4-14;4-15;5-8;5-9;5-12;5-13;5-14;5-15;6-10;6-11;6-12;6-13;6-14;6-15;7-9;7-10;7-11;7-12;7-13;7-14;7-15;8-10;8-11;8-12;8-13;8-14;8-15;9-13;9-14;9-15;10-11;10-12;10-13;10-14;10-15;11-12;11-13;11-14;11-15;12-13;12-14;12-15;13-14;13-15;14-15,"0,0,0,1,1,0,0,1,0,1,1,1,1,1,1,0,0,0,1,1,0,1,1,0,0,1,1,1,1,0,0,0,1,1,0,1,1,1,1,1,1,1,0,0,0,1,1,1,1,1,0,1,1,1,0,0,1,0,0,1,1,1,1,1,1,0,0,1,1,0,0,1,1,1,1,0,0,0,1,1,1,1,1,1,0,1,1,1,1,1,1,1,0,1,1,1,1,1,1,0,0,0,1,1,1,1,1,1,1,1,1,1,1,1,1,1,1,1,1,1"
779,16,84,9,0-1;0-3;0-4;0-5;0-6;0-7;0-9;0-13;0-14;0-15;1-3;1-4;1-7;1-9;1-11;1-14;1-15;2-4;2-5;2-6;2-7;2-9;2-10;2-11;2-12;2-13;2-15;3-4;3-5;3-7;3-9;3-10;3-13;3-15;4-5;4-6;4-7;4-8;4-9;4-10;4-11;4-12;4-13;4-14;4-15;5-6;5-7;5-8;5-9;5-10;5-12;5-13;5-15;6-7;6-11;6-13;6-15;7-8;7-9;7-10;7-11;7-12;7-13;7-14;7-15;8-9;8-12;8-13;8-14;8-15;9-10;9-12;9-13;9-14;9-15;10-13;10-15;11-12;11-14;11-15;12-13;12-15;13-15;14-15,"1,0,1,1,1,1,1,0,1,0,0,0,1,1,1,0,1,1,0,0,1,0,1,0,1,0,0,1,1,0,1,1,1,1,0,1,1,1,1,1,0,1,1,1,0,1,0,1,1,0,0,1,0,1,1,1,1,1,1,1,1,1,1,1,1,1,1,1,1,1,0,1,1,0,1,1,0,0,0,1,0,1,0,1,1,1,1,1,1,1,1,1,1,0,0,1,1,1,1,1,0,1,1,1,1,0,0,1,0,1,1,0,1,1,1,0,1,0,1,1"
780,16,84,9,0-1;0-2;0-3;0-5;0-6;0-7;0-10;0-13;0-14;1-2;1-3;1-4;1-5;1-6;1-7;1-8;1-9;1-10;1-14;1-15;2-3;2-5;2-6;2-8;2-10;2-14;3-4;3-5;3-6;3-7;3-8;3-9;3-10;3-11;3-12;3-13;3-14;3-15;4-5;4-6;4-9;4-10;4-11;4-14;5-6;5-7;5-8;5-9;5-10;5-14;5-15;6-7;6-8;6-9;6-10;6-11;6-12;6-13;6-14;6-15;7-10;7-11;7-13;7-14;7-15;8-9;8-10;8-12;8-14;8-15;9-10;9-12;9-14;10-11;10-12;10-13;10-14;10-15;11-12;11-13;11-14;12-13;12-15;13-14,"1,1,1,0,1,1,1,0,0,1,0,0,1,1,0,1,1,1,1,1,1,1,1,1,0,0,0,1,1,1,0,1,1,0,1,0,1,0,0,0,1,0,1,1,1,1,1,1,1,1,1,1,1,1,1,1,0,0,1,1,1,0,0,1,0,1,1,1,1,1,0,0,0,1,1,1,1,1,1,1,1,1,1,1,0,0,1,1,0,1,1,1,1,1,0,1,0,1,1,1,0,1,0,1,0,1,1,1,1,1,1,1,1,0,1,0,1,1,0,0"
781,16,84,9,0-1;0-2;0-3;0-4;0-5;0-6;0-7;0-8;0-10;0-13;0-14;0-15;1-2;1-3;1-4;1-5;1-6;1-7;1-9;1-10;1-12;1-13;1-14;1-15;2-3;2-4;2-5;2-6;2-7;2-8;2-9;2-10;2-11;2-12;2-13;2-14;2-15;3-4;3-5;3-7;3-8;3-9;3-12;3-13;4-5;4-6;4-7;4-12;4-13;5-6;5-7;5-8;5-9;5-10;5-11;5-12;5-13;5-14;5-15;6-7;6-10;6-13;7-8;7-10;7-13;7-14;7-15;8-10;8-11;8-13;9-11;9-12;9-13;9-14;10-11;10-13;10-15;11-12;11-13;11-15;12-13;13-14;13-15;14-15,"1,1,1,1,1,1,1,1,0,1,0,0,1,1,1,1,1,1,1,1,1,0,1,1,0,1,1,1,1,1,1,1,1,1,1,1,1,1,1,1,1,1,1,1,0,1,1,1,0,0,1,1,0,0,1,1,1,0,0,0,0,1,1,0,0,1,1,1,1,1,1,1,1,1,1,1,0,0,1,0,0,1,0,0,1,0,1,0,0,1,1,1,0,1,1,0,1,0,0,0,1,1,1,1,0,1,0,1,0,1,1,1,0,1,1,0,0,1,1,1"
782,16,84,9,0-1;0-3;0-4;0-7;0-10;0-11;0-12;0-15;1-3;1-7;1-8;1-10;1-11;1-12;1-15;2-3;2-5;2-6;2-7;2-9;2-11;2-12;2-13;2-14;2-15;3-7;3-9;3-11;3-13;3-15;4-5;4-6;4-7;4-10;4-11;4-12;4-14;4-15;5-6;5-7;5-8;5-9;5-10;5-11;5-12;5-13;5-14;5-15;6-7;6-8;6-9;6-10;6-11;6-12;6-13;6-14;6-15;7-8;7-9;7-10;7-11;7-12;7-13;7-14;7-15;8-9;8-11;8-12;8-15;9-11;9-12;9-15;10-11;10-12;10-13;10-15;11-12;11-13;11-14;11-15;12-14;12-15;13-15;14-15,"1,0,1,1,0,0,1,0,0,1,1,1,0,0,1,0,1,0,0,0,1,1,0,1,1,1,0,0,1,1,0,1,1,1,0,1,0,1,1,1,1,1,0,0,0,1,0,1,0,1,0,1,0,1,1,1,1,0,0,1,1,1,0,1,1,1,1,1,1,1,1,1,1,1,1,1,1,1,1,1,1,1,1,1,1,1,1,1,1,1,1,1,1,0,1,1,0,0,1,0,1,1,0,0,1,1,1,1,0,1,1,1,1,1,0,1,1,0,1,1"
783,16,84,9,0-1;0-2;0-3;0-4;0-5;0-6;0-7;0-8;0-9;0-10;0-11;0-12;0-13;0-14;0-15;1-2;1-3;1-4;1-5;1-6;1-7;1-8;1-9;1-10;1-11;1-12;1-13;1-14;1-15;2-4;2-5;2-6;2-7;2-8;2-9;2-10;2-11;2-13;2-14;2-15;3-6;3-8;3-9;3-12;3-13;3-15;4-5;4-6;4-7;4-8;4-10;4-11;4-12;4-14;4-15;5-7;5-8;5-9;5-11;5-12;5-13;6-7;6-8;6-10;6-15;7-8;7-10;7-11;7-12;7-14;7-15;8-9;8-10;8-11;8-12;8-13;8-14;8-15;9-10;9-13;11-13;11-14;12-15;14-15,"1,1,1,1,1,1,1,1,1,1,1,1,1,1,1,1,1,1,1,1,1,1,1,1,1,1,1,1,1,0,1,1,1,1,1,1,1,1,0,1,1,1,0,0,1,0,1,1,0,0,1,1,0,1,1,1,1,1,0,1,1,1,0,1,1,0,1,1,1,0,1,1,1,0,0,1,1,0,1,0,0,0,0,1,1,0,1,1,1,0,1,1,1,1,1,1,1,1,1,1,0,0,1,0,0,0,0,0,0,0,0,1,1,0,0,0,1,0,0,1"
784,16,84,9,0-2;0-3;0-4;0-5;0-7;0-8;0-11;0-12;0-13;0-15;1-2;1-3;1-5;1-8;1-11;1-12;1-14;1-15;2-3;2-4;2-5;2-6;2-7;2-8;2-9;2-10;2-11;2-12;2-13;2-14;2-15;3-4;3-5;3-6;3-7;3-8;3-10;3-11;3-12;3-15;4-8;4-10;4-11;4-13;4-15;5-6;5-7;5-8;5-9;5-10;5-11;5-12;5-14;5-15;6-7;6-8;6-9;6-10;6-11;6-15;7-8;7-11;7-15;8-9;8-10;8-11;8-12;8-13;8-14;8-15;9-10;9-11;9-13;9-14;10-11;10-14;10-15;11-12;11-13;11-14;11-15;12-13;12-15;13-14,"0,1,1,1,1,0,1,1,0,0,1,1,1,0,1,1,1,0,1,0,0,1,0,0,1,1,0,1,1,1,1,1,1,1,1,1,1,1,1,1,1,1,1,1,1,1,1,0,1,1,1,0,0,1,0,0,0,1,0,1,1,0,1,0,1,1,1,1,1,1,1,1,0,1,1,1,1,1,1,1,0,0,0,1,1,0,0,1,0,0,0,1,1,1,1,1,1,1,1,1,1,0,1,1,0,1,0,0,1,1,1,1,1,1,1,0,1,1,0,0"
785,16,84,9,0-1;0-2;0-4;0-6;0-7;0-10;0-12;0-15;1-2;1-3;1-5;1-6;1-7;1-9;1-10;1-11;1-12;1-13;1-14;1-15;2-3;2-5;2-10;2-11;2-12;2-15;3-5;3-7;3-8;3-9;3-10;3-11;3-12;3-13;3-14;3-15;4-6;4-8;4-10;4-11;4-12;4-14;4-15;5-7;5-8;5-9;5-10;5-11;5-12;5-13;5-14;5-15;6-7;6-9;6-10;6-12;6-15;7-8;7-9;7-10;7-12;7-15;8-10;8-12;8-14;8-15;9-10;9-12;9-13;9-15;10-11;10-12;10-13;10-14;10-15;11-12;11-14;11-15;12-13;12-14;12-15;13-14;13-15;14-15,"1,1,0,1,0,1,1,0,0,1,0,1,0,0,1,1,1,0,1,1,1,0,1,1,1,1,1,1,1,1,0,1,0,0,0,0,1,1,1,0,0,1,0,1,0,1,1,1,1,1,1,1,1,1,0,1,0,1,0,1,1,1,0,1,1,0,1,1,1,1,1,1,1,1,1,1,0,1,1,0,1,0,0,1,1,1,1,0,1,0,0,1,0,1,0,1,0,1,1,1,0,1,1,0,1,1,1,1,1,1,1,0,1,1,1,1,1,1,1,1"
786,16,84,9,0-2;0-3;0-5;0-8;0-11;0-12;0-13;0-14;0-15;1-2;1-3;1-5;1-6;1-8;1-11;1-14;1-15;2-3;2-4;2-5;2-6;2-7;2-8;2-9;2-10;2-11;2-12;2-13;2-14;2-15;3-4;3-5;3-6;3-7;3-8;3-9;3-10;3-11;3-12;3-13;3-14;3-15;4-6;4-7;4-8;4-9;4-12;4-14;5-8;5-10;5-11;5-12;5-14;5-15;6-7;6-9;6-11;6-12;6-14;6-15;7-10;7-11;7-12;7-14;7-15;8-9;8-14;9-12;9-13;9-14;10-11;10-12;10-14;10-15;11-12;11-13;11-14;11-15;12-13;12-14;12-15;13-14;13-15;14-15,"0,1,1,0,1,0,0,1,0,0,1,1,1,1,1,1,1,0,1,1,0,1,0,0,1,0,0,1,1,1,1,1,1,1,1,1,1,1,1,1,1,1,1,1,1,1,1,1,1,1,1,1,1,1,0,1,1,1,1,0,0,1,0,1,0,0,0,1,0,1,1,1,0,1,1,1,0,1,0,1,1,0,1,1,0,0,1,1,1,0,1,1,1,0,0,0,0,1,0,0,0,1,1,1,0,1,1,0,1,1,1,1,1,1,1,1,1,1,1,1"
787,16,84,9,0-1;0-2;0-3;0-5;0-6;0-7;0-8;0-9;0-10;0-11;0-12;0-13;1-2;1-3;1-5;1-8;1-9;1-12;1-15;2-3;2-4;2-5;2-6;2-7;2-8;2-9;2-10;2-11;2-12;2-13;2-14;2-15;3-5;3-6;3-7;3-8;3-9;3-10;3-11;3-12;3-13;4-7;4-8;4-9;4-11;4-12;4-14;4-15;5-6;5-7;5-8;5-9;5-10;5-12;5-13;5-14;5-15;6-9;6-10;6-12;6-13;6-14;7-8;7-9;7-10;7-11;7-12;8-9;8-12;9-10;9-11;9-12;9-13;9-14;9-15;10-12;11-12;11-13;12-13;12-14;12-15;13-14;13-15;14-15,"1,1,1,0,1,1,1,1,1,1,1,1,1,0,0,1,1,0,1,0,0,1,1,0,0,1,0,0,1,1,1,1,1,1,1,1,1,1,1,1,1,1,0,1,1,1,1,1,1,1,1,1,0,0,0,0,1,1,1,0,1,1,0,1,1,1,1,1,1,1,0,1,1,1,1,0,0,1,1,0,1,1,1,0,1,1,1,1,1,0,0,0,1,0,0,1,0,0,0,1,1,1,1,1,1,0,1,0,0,0,1,1,0,0,1,1,1,1,1,1"
788,16,84,9,0-2;0-5;0-6;0-7;0-8;0-9;0-10;0-12;0-14;1-4;1-5;1-6;1-8;1-10;1-12;1-13;1-14;2-5;2-6;2-7;2-8;2-12;2-13;2-15;3-5;3-6;3-7;3-8;3-10;3-11;3-14;3-15;4-5;4-6;4-8;4-10;4-11;4-12;4-14;4-15;5-6;5-7;5-8;5-9;5-10;5-11;5-12;5-13;5-14;5-15;6-7;6-8;6-9;6-10;6-11;6-12;6-13;6-14;6-15;7-8;7-10;7-12;7-13;7-14;8-9;8-10;8-11;8-12;8-13;8-14;8-15;9-10;9-11;9-12;9-14;10-11;10-12;10-14;11-12;11-14;11-15;12-13;12-14;13-15,"0,1,0,0,1,1,1,1,1,1,0,1,0,1,0,0,0,1,1,1,0,1,0,1,0,1,1,1,0,0,0,1,1,1,1,0,0,0,1,1,0,1,0,1,1,1,1,0,1,1,0,0,1,1,1,1,0,1,0,1,1,1,0,1,1,1,1,1,1,1,1,1,1,1,1,1,1,1,1,1,1,1,1,1,1,0,1,0,1,1,1,0,1,1,1,1,1,1,1,1,1,1,0,1,0,1,1,0,1,0,1,0,1,1,1,1,0,0,1,0"
789,16,84,9,0-4;0-5;0-7;0-8;0-9;0-11;0-14;0-15;1-4;1-6;1-9;1-10;1-11;1-13;1-14;1-15;2-3;2-4;2-6;2-7;2-9;2-10;2-12;2-13;2-15;3-4;3-5;3-6;3-7;3-9;3-10;3-13;3-14;3-15;4-5;4-6;4-7;4-8;4-9;4-10;4-11;4-12;4-13;4-14;4-15;5-8;5-9;5-10;5-13;5-15;6-7;6-8;6-9;6-10;6-11;6-12;6-13;6-14;6-15;7-9;7-14;7-15;8-9;8-10;8-11;8-12;8-13;8-15;9-10;9-11;9-12;9-13;9-14;9-15;10-11;10-12;10-13;10-15;11-13;11-15;12-13;12-15;13-15;14-15,"0,0,0,1,1,0,1,1,1,0,1,0,0,1,1,0,0,1,0,1,0,0,1,1,1,0,1,1,1,1,1,0,1,1,0,1,1,0,1,1,0,1,1,1,1,1,0,1,1,0,0,1,1,1,1,1,1,1,1,1,1,1,1,1,1,0,0,1,1,1,0,0,1,0,1,1,1,1,1,1,1,1,1,1,0,1,0,0,0,0,1,1,1,1,1,1,1,0,1,1,1,1,1,1,1,1,1,1,0,1,0,1,0,1,1,0,1,0,1,1"
790,16,84,9,0-4;0-6;0-8;0-9;0-10;0-13;0-14;0-15;1-2;1-3;1-4;1-5;1-6;1-9;1-11;1-12;1-13;1-14;2-3;2-5;2-6;2-7;2-8;2-9;2-10;2-11;2-12;2-13;2-14;3-4;3-5;3-6;3-8;3-13;3-14;4-6;4-12;4-13;4-14;4-15;5-6;5-7;5-8;5-9;5-10;5-11;5-12;5-13;5-14;6-7;6-8;6-9;6-10;6-11;6-12;6-13;6-14;6-15;7-9;7-12;7-13;7-14;7-15;8-9;8-10;8-13;8-14;8-15;9-10;9-11;9-12;9-13;9-14;9-15;10-11;10-13;10-14;11-13;11-14;12-13;12-14;13-14;13-15;14-15,"0,0,0,1,0,1,0,1,1,1,0,0,1,1,1,1,1,1,1,1,0,0,1,0,1,1,1,1,0,1,0,1,1,1,1,1,1,1,1,1,1,0,1,1,1,0,1,0,0,0,0,1,1,0,0,1,0,0,0,0,0,1,1,1,1,1,1,1,1,1,1,1,1,1,0,1,1,1,1,1,1,1,1,1,0,1,0,0,1,1,1,1,1,1,0,0,1,1,1,1,1,1,1,1,1,1,0,1,1,0,0,1,1,0,1,1,0,1,1,1"
791,16,84,9,0-1;0-2;0-3;0-4;0-5;0-6;0-7;0-8;0-9;0-10;0-11;0-12;0-13;0-14;0-15;1-3;1-5;1-7;1-8;1-9;1-12;1-14;1-15;2-5;2-6;2-7;2-8;2-9;2-12;2-14;3-4;3-7;3-8;3-9;3-14;3-15;4-5;4-6;4-7;4-9;4-11;4-15;5-7;5-9;5-11;5-12;6-7;6-8;6-9;6-11;6-13;6-14;6-15;7-8;7-9;7-10;7-11;7-12;7-13;7-14;7-15;8-9;8-10;8-12;8-13;8-14;8-15;9-10;9-11;9-12;9-13;9-14;9-15;10-12;10-13;10-14;10-15;11-13;11-15;12-14;12-15;13-14;13-15;14-15,"1,1,1,1,1,1,1,1,1,1,1,1,1,1,1,0,1,0,1,0,1,1,1,0,0,1,0,1,1,0,0,1,1,1,1,1,0,0,1,0,1,0,1,0,0,1,1,1,0,0,0,0,1,1,1,1,1,0,1,0,1,0,0,0,1,0,1,0,1,0,1,1,0,0,0,1,1,1,0,1,0,1,1,1,1,1,1,1,1,1,1,1,1,1,0,1,1,1,1,1,1,1,1,1,1,0,1,1,1,1,0,1,0,1,0,1,1,1,1,1"
792,16,84,9,0-1;0-2;0-3;0-4;0-5;0-6;0-7;0-8;0-9;0-10;0-11;0-12;0-13;0-14;0-15;1-2;1-3;1-6;1-7;1-8;1-10;1-11;1-12;1-14;2-3;2-5;2-6;2-7;2-8;2-9;2-10;2-11;2-12;2-13;2-15;3-5;3-6;3-7;3-8;3-9;3-11;3-13;3-14;3-15;4-5;4-6;4-8;4-10;4-12;4-14;4-15;5-6;5-7;5-8;5-9;5-14;5-15;6-7;6-8;6-9;6-10;6-11;6-12;6-13;6-14;6-15;7-8;7-9;7-11;7-13;7-14;7-15;8-9;8-10;8-11;8-12;8-13;8-14;8-15;9-11;10-12;10-13;11-12;13-15,"1,1,1,1,1,1,1,1,1,1,1,1,1,1,1,1,1,0,0,1,1,1,0,1,1,1,0,1,0,1,0,1,1,1,1,1,1,1,1,1,0,1,0,1,1,1,1,1,0,1,0,1,1,1,1,1,0,1,0,1,0,1,0,1,1,1,1,1,1,0,0,0,0,1,1,1,1,1,1,1,1,1,1,1,1,1,0,1,0,1,1,1,1,1,1,1,1,1,1,0,1,0,0,0,0,0,1,1,0,0,1,0,0,0,0,0,0,0,1,0"
793,16,84,9,0-1;0-3;0-4;0-5;0-6;0-7;0-8;0-9;0-10;0-11;0-12;0-14;1-2;1-3;1-4;1-5;1-6;1-7;1-8;1-9;1-10;1-11;1-12;1-13;1-14;1-15;2-3;2-5;2-11;2-12;2-13;2-14;2-15;3-4;3-5;3-6;3-7;3-8;3-9;3-10;3-11;3-12;3-13;3-14;3-15;4-8;4-9;4-12;4-14;4-15;5-6;5-7;5-8;5-9;5-10;5-11;5-12;5-13;5-14;6-8;6-9;6-11;6-14;7-8;7-9;7-10;7-14;7-15;8-9;8-10;8-11;8-12;8-14;9-14;9-15;10-13;10-14;11-12;11-14;12-13;12-14;13-14;13-15;14-15,"1,0,1,1,1,1,1,1,1,1,1,1,0,1,0,1,1,1,1,1,1,1,1,1,1,1,1,1,1,1,0,1,0,0,0,0,0,1,1,1,1,1,1,1,1,1,1,1,1,1,1,1,1,1,0,0,0,1,1,0,0,1,0,1,1,1,1,1,1,1,1,1,1,1,0,0,1,1,0,1,0,0,1,0,1,1,1,0,0,0,1,1,1,1,1,1,0,1,0,0,0,0,0,1,1,0,0,1,1,0,1,0,1,0,1,1,0,1,1,1"
794,16,84,9,0-1;0-2;0-6;0-7;0-8;0-9;0-10;0-11;0-14;0-15;1-2;1-3;1-6;1-8;1-9;1-11;1-14;1-15;2-3;2-5;2-6;2-8;2-9;2-10;2-11;2-12;2-13;2-14;2-15;3-6;3-8;3-9;3-11;3-13;3-14;4-5;4-6;4-7;4-9;4-10;4-11;4-13;4-15;5-6;5-8;5-9;5-11;5-12;5-13;5-14;6-7;6-8;6-9;6-10;6-11;6-12;6-13;6-14;6-15;7-8;7-9;7-11;7-13;7-14;8-9;8-11;8-12;8-13;8-14;9-10;9-11;9-12;9-13;9-14;9-15;10-11;10-12;10-15;11-12;11-13;11-14;11-15;12-14;13-14,"1,1,0,0,0,1,1,1,1,1,1,0,0,1,1,1,1,0,0,1,0,1,1,0,1,0,0,1,1,1,0,1,1,0,1,1,1,1,1,1,1,1,0,0,1,0,1,1,0,1,0,1,1,0,1,1,1,0,1,1,1,0,1,0,1,1,0,1,1,0,1,1,1,1,0,1,1,1,1,1,1,1,1,1,1,1,0,1,0,1,1,0,1,0,1,1,1,1,0,1,1,1,1,1,1,1,1,0,0,1,1,1,1,1,0,1,0,1,0,0"
795,16,84,9,0-1;0-2;0-4;0-6;0-8;0-9;0-10;0-12;0-15;1-3;1-5;1-8;1-9;1-10;1-12;1-15;2-4;2-6;2-7;2-8;2-9;2-10;2-11;2-12;2-13;2-14;2-15;3-5;3-8;3-10;3-11;3-13;3-14;3-15;4-6;4-8;4-10;4-12;4-13;4-15;5-7;5-8;5-9;5-10;5-12;5-15;6-7;6-8;6-9;6-10;6-11;6-12;6-13;6-14;6-15;7-8;7-10;7-11;7-12;7-15;8-9;8-10;8-11;8-12;8-13;8-14;8-15;9-10;9-12;9-14;9-15;10-11;10-12;10-13;10-14;10-15;11-12;11-13;11-15;12-13;12-15;13-14;13-15;14-15,"1,1,0,1,0,1,0,1,1,1,0,1,0,0,1,0,1,0,1,0,0,1,1,1,0,1,0,0,1,0,1,0,1,1,1,1,1,1,1,1,1,1,0,1,0,0,1,0,1,1,0,1,1,1,0,1,0,1,0,1,0,1,1,0,1,0,1,1,1,1,0,1,0,0,1,1,1,1,1,1,1,1,1,1,1,0,1,1,1,0,0,1,1,1,1,1,1,1,1,1,0,1,0,1,1,1,1,1,1,1,1,1,0,1,1,0,1,1,1,1"
796,16,84,9,0-1;0-3;0-5;0-6;0-7;0-10;0-12;0-13;1-2;1-3;1-4;1-5;1-6;1-7;1-8;1-9;1-10;1-11;1-12;1-13;1-14;1-15;2-3;2-6;2-7;2-10;2-11;2-12;2-15;3-5;3-6;3-7;3-8;3-10;3-11;3-12;3-13;3-14;4-5;4-9;4-10;4-11;4-12;4-13;4-15;5-6;5-7;5-8;5-9;5-10;5-11;5-12;5-13;5-14;6-7;6-8;6-10;6-11;6-12;6-13;6-14;7-10;7-12;7-14;7-15;8-9;8-10;8-12;8-14;9-10;9-11;9-12;9-15;10-11;10-12;10-13;10-14;10-15;11-12;11-13;12-13;12-14;12-15;14-15,"1,0,1,0,1,1,1,0,0,1,0,1,1,0,0,1,1,1,1,1,1,1,1,1,1,1,1,1,1,1,0,0,1,1,0,0,1,1,1,0,0,1,0,1,1,1,1,0,1,1,1,1,1,0,1,0,0,0,1,1,1,1,1,0,1,1,1,1,1,1,1,1,1,1,0,1,1,0,1,1,1,1,1,0,0,0,1,0,1,0,1,1,1,1,0,1,0,1,0,1,1,1,0,0,1,1,1,1,1,1,1,1,0,0,1,1,1,0,0,1"
797,16,84,9,0-1;0-2;0-3;0-4;0-5;0-6;0-7;0-8;0-9;0-10;0-11;0-12;0-13;0-14;0-15;1-5;1-6;1-7;1-8;1-9;1-10;1-11;1-14;2-3;2-5;2-6;2-9;2-10;2-11;2-14;3-4;3-5;3-7;3-9;3-10;3-11;3-13;3-15;4-5;4-7;4-9;4-10;4-11;4-12;4-15;5-6;5-7;5-8;5-9;5-10;5-11;5-12;6-7;6-9;6-10;6-11;6-12;6-14;7-8;7-9;7-10;7-11;7-12;7-13;7-15;8-9;8-10;8-11;8-13;9-10;9-11;9-12;9-13;9-14;9-15;10-11;10-12;11-12;11-13;11-14;11-15;13-14;13-15;14-15,"1,1,1,1,1,1,1,1,1,1,1,1,1,1,1,0,0,0,1,1,1,1,1,1,1,0,0,1,0,1,0,1,1,0,0,1,1,1,0,0,1,0,1,1,0,1,0,1,1,1,0,1,0,1,1,0,1,0,1,1,1,1,0,0,1,1,1,1,1,1,1,1,0,0,0,1,0,1,1,1,1,0,1,0,1,1,1,1,1,1,0,1,1,1,1,0,1,0,0,1,1,1,1,1,1,1,1,0,0,0,1,1,1,1,0,0,0,1,1,1"
798,16,84,9,0-1;0-2;0-5;0-8;0-9;0-12;0-13;0-14;1-2;1-3;1-4;1-5;1-6;1-7;1-8;1-9;1-10;1-11;1-12;1-13;1-14;1-15;2-3;2-4;2-5;2-6;2-7;2-8;2-9;2-10;2-11;2-12;2-13;2-14;2-15;3-6;3-7;3-10;3-12;3-13;3-14;4-5;4-8;4-9;4-10;4-13;4-14;4-15;5-6;5-8;5-9;5-11;5-12;5-13;5-14;5-15;6-7;6-9;6-11;6-12;6-13;6-14;7-10;7-13;7-14;7-15;8-9;8-10;8-11;8-13;8-14;9-11;9-12;9-13;9-14;9-15;10-11;10-14;11-14;12-13;12-14;13-14;13-15;14-15,"1,1,0,0,1,0,0,1,1,0,0,1,1,1,0,1,1,1,1,1,1,1,1,1,1,1,1,1,1,1,1,1,1,1,1,1,1,1,1,1,1,1,0,0,1,1,0,0,1,0,1,1,1,0,1,0,0,1,1,1,0,0,1,1,1,1,0,1,1,0,1,1,1,1,1,1,0,1,0,1,1,1,1,0,0,0,1,0,0,1,1,1,1,1,1,0,1,1,0,0,1,1,1,1,1,1,0,0,1,0,0,0,1,0,1,1,0,1,1,1"
799,16,84,9,0-4;0-6;0-9;0-10;0-11;0-13;0-14;0-15;1-5;1-7;1-8;1-11;1-12;1-13;1-14;1-15;2-6;2-7;2-8;2-10;2-12;2-13;2-14;2-15;3-6;3-8;3-9;3-10;3-11;3-12;3-14;3-15;4-7;4-9;4-10;4-11;4-12;4-13;4-14;4-15;5-8;5-9;5-11;5-12;5-13;5-14;5-15;6-9;6-10;6-11;6-13;6-14;6-15;7-10;7-11;7-12;7-13;7-14;7-15;8-9;8-12;8-14;8-15;9-10;9-11;9-12;9-13;9-14;9-15;10-11;10-12;10-13;10-14;10-15;11-12;11-13;11-14;11-15;12-13;12-14;12-15;13-14;13-15;14-15,"0,0,0,1,0,1,0,0,1,1,1,0,1,1,1,0,0,0,1,0,1,1,0,0,1,1,1,1,1,0,0,0,1,1,1,0,1,0,1,1,1,1,0,0,1,0,1,1,1,1,1,0,1,1,0,0,1,0,1,1,1,1,1,1,1,0,0,1,1,0,1,1,1,1,1,0,0,1,1,1,0,1,1,1,0,0,1,1,1,1,1,1,1,0,0,1,0,1,1,1,1,1,1,1,1,1,1,1,1,1,1,1,1,1,1,1,1,1,1,1"
800,16,84,9,0-1;0-2;0-3;0-4;0-5;0-7;0-10;0-14;1-2;1-3;1-4;1-5;1-7;1-9;1-10;1-11;1-12;1-14;1-15;2-3;2-5;2-6;2-7;2-8;2-11;3-4;3-5;3-6;3-7;3-8;3-9;3-10;3-11;3-12;3-13;3-14;3-15;4-5;4-7;4-8;4-9;4-10;4-12;4-13;4-14;4-15;5-6;5-7;5-8;5-9;5-10;5-11;5-12;5-13;5-14;5-15;6-7;6-9;6-10;6-11;6-13;7-8;7-9;7-10;7-11;7-12;7-13;8-9;8-13;8-14;9-10;9-11;9-12;9-13;9-14;9-15;10-11;10-12;10-13;10-14;10-15;12-13;12-15;14-15,"1,1,1,1,1,0,1,0,0,1,0,0,0,1,0,1,1,1,1,0,1,0,1,1,1,1,0,1,1,1,0,1,1,1,1,0,0,1,0,0,0,0,1,1,1,1,1,1,1,1,1,1,1,1,1,0,1,1,1,1,0,1,1,1,1,1,1,1,1,1,1,1,1,1,1,1,0,1,1,1,0,1,0,0,1,1,1,1,1,1,0,0,1,0,0,0,1,1,0,1,1,1,1,1,1,1,1,1,1,1,0,0,0,0,1,0,1,0,0,1"
801,16,84,9,0-1;0-2;0-3;0-4;0-5;0-6;0-7;0-8;0-9;0-10;0-11;0-12;0-13;0-14;0-15;1-2;1-3;1-4;1-6;1-7;1-8;1-9;1-10;1-11;1-12;1-13;1-15;2-3;2-4;2-5;2-6;2-7;2-8;2-9;2-10;2-11;2-12;2-13;2-14;2-15;3-4;3-5;3-6;3-7;3-10;3-11;3-12;3-13;3-14;3-15;4-5;4-6;4-8;4-10;4-11;4-13;4-14;4-15;5-6;5-8;5-11;5-13;5-14;6-7;6-8;6-10;6-12;6-13;6-14;6-15;7-9;7-12;7-13;8-9;8-13;9-11;9-12;9-13;10-11;10-12;10-15;13-14;13-15;14-15,"1,1,1,1,1,1,1,1,1,1,1,1,1,1,1,1,1,1,0,1,1,1,1,1,1,1,1,0,1,1,1,1,1,1,1,1,1,1,1,1,1,1,1,1,1,1,0,0,1,1,1,1,1,1,1,1,0,1,0,1,1,0,1,1,1,1,0,1,0,0,1,0,1,1,0,1,1,0,1,0,1,1,1,1,0,1,0,0,1,1,0,0,1,0,0,0,1,0,0,0,1,1,1,0,0,1,1,0,0,1,0,0,0,0,0,0,0,1,1,1"
802,16,84,9,0-1;0-2;0-3;0-4;0-5;0-6;0-7;0-8;0-9;0-10;0-11;0-12;0-13;0-14;0-15;1-2;1-3;1-5;1-6;1-7;1-9;1-10;1-12;1-13;1-14;1-15;2-3;2-4;2-5;2-6;2-7;2-8;2-9;2-10;2-11;2-12;2-13;2-14;2-15;3-4;3-5;3-7;3-9;3-12;3-14;4-5;4-6;4-10;4-11;4-14;5-6;5-8;5-9;5-11;5-12;5-13;5-14;5-15;6-7;6-8;6-10;6-11;6-12;6-13;6-14;6-15;7-10;7-12;7-14;8-10;8-11;8-12;8-13;9-12;9-14;9-15;10-13;11-12;11-14;11-15;12-13;12-14;12-15;14-15,"1,1,1,1,1,1,1,1,1,1,1,1,1,1,1,1,1,0,1,1,1,0,1,1,0,1,1,1,1,1,1,1,1,1,1,1,1,1,1,1,1,1,1,1,0,1,0,1,0,0,1,0,1,0,1,1,0,0,0,1,1,0,0,1,0,1,0,1,1,0,1,1,1,1,1,1,1,0,1,1,1,1,1,1,0,0,1,0,1,0,1,0,0,1,1,1,1,0,0,0,0,1,0,1,1,0,0,1,0,0,1,0,1,1,1,1,1,0,0,1"
803,16,84,9,0-3;0-4;0-6;0-7;0-8;0-11;0-14;0-15;1-2;1-4;1-6;1-7;1-8;1-10;1-12;1-15;2-4;2-5;2-6;2-7;2-8;2-9;2-10;2-11;2-12;2-14;2-15;3-4;3-6;3-7;3-10;3-11;3-12;3-13;3-15;4-5;4-6;4-7;4-8;4-9;4-10;4-11;4-12;4-13;4-14;4-15;5-6;5-10;5-11;5-13;5-14;5-15;6-7;6-8;6-9;6-10;6-11;6-12;6-13;6-14;6-15;7-8;7-9;7-10;7-11;7-12;7-15;8-9;8-10;8-15;9-10;9-11;9-14;10-11;10-12;10-13;10-15;11-12;11-13;11-14;11-15;12-15;13-14;13-15,"0,0,1,1,0,1,1,1,0,0,1,0,0,1,1,1,0,1,0,1,1,1,0,1,0,1,0,0,1,0,1,1,1,1,1,1,1,1,1,0,1,1,1,0,1,1,0,0,1,1,1,1,0,1,1,1,1,1,1,1,1,1,1,1,1,1,0,0,0,1,1,0,1,1,1,1,1,1,1,1,1,1,1,1,1,1,1,1,1,0,0,1,1,1,0,0,0,0,1,1,1,0,0,1,0,1,1,1,0,1,1,1,1,1,0,0,1,1,1,0"
804,16,84,9,0-3;0-4;0-5;0-6;0-7;0-8;0-9;0-10;1-2;1-3;1-4;1-6;1-7;1-8;1-9;1-10;1-11;1-12;1-13;1-14;1-15;2-3;2-4;2-5;2-6;2-7;2-10;2-14;3-4;3-6;3-7;3-8;3-9;3-10;3-13;3-14;3-15;4-5;4-6;4-7;4-8;4-9;4-10;4-11;4-12;4-13;4-14;4-15;5-6;5-7;5-8;5-11;5-12;6-7;6-8;6-9;6-11;6-12;6-14;6-15;7-8;7-9;7-10;7-11;7-12;7-13;7-14;7-15;8-9;8-10;8-12;8-13;8-15;9-10;9-11;9-12;9-13;9-14;9-15;10-13;11-12;11-14;13-15;14-15,"0,0,1,1,1,1,1,1,1,1,0,0,0,0,0,1,1,1,0,1,1,1,1,1,1,1,1,1,1,1,1,1,1,1,0,0,1,0,0,0,1,0,1,0,1,1,1,1,1,0,0,1,1,1,1,1,1,1,1,1,1,1,1,1,1,1,1,1,0,0,1,1,0,0,0,1,1,1,0,1,1,0,1,1,1,1,1,1,1,1,1,1,1,1,0,1,1,0,1,1,1,1,1,1,1,0,0,1,0,0,1,0,1,0,0,0,0,0,1,1"
805,16,84,9,0-1;0-4;0-6;0-7;0-9;0-10;0-11;0-14;1-3;1-4;1-6;1-7;1-9;1-10;1-11;1-12;2-3;2-5;2-6;2-8;2-9;2-10;2-12;2-13;3-4;3-5;3-6;3-9;3-10;3-11;4-5;4-6;4-7;4-9;4-10;4-11;4-12;4-14;4-15;5-6;5-7;5-8;5-9;5-10;5-11;5-12;5-13;5-14;5-15;6-7;6-9;6-10;6-11;6-13;6-14;7-8;7-9;7-10;7-11;7-12;7-13;7-14;7-15;8-9;8-10;8-11;8-13;8-15;9-10;9-11;9-12;9-13;9-14;9-15;10-11;10-12;10-13;10-14;10-15;11-13;11-14;11-15;12-15;14-15,"1,0,0,1,0,1,1,0,1,1,1,0,0,1,0,0,1,1,0,1,1,0,1,1,1,1,0,0,0,1,0,1,1,0,1,1,1,0,1,1,0,0,1,1,1,0,0,1,1,1,0,0,0,0,1,1,1,0,1,1,1,1,0,1,1,1,1,1,1,1,1,1,1,1,1,1,0,1,1,1,0,1,1,0,1,1,1,1,1,1,1,1,1,1,1,0,1,0,1,1,1,1,1,1,1,1,1,1,1,1,0,1,1,1,0,0,1,0,0,1"
806,16,84,9,0-1;0-3;0-4;0-5;0-6;0-8;0-9;0-10;0-11;0-12;0-14;0-15;1-2;1-3;1-4;1-5;1-6;1-7;1-8;1-9;1-10;1-11;1-13;1-14;2-3;2-5;2-7;2-10;2-11;2-13;2-14;3-5;3-6;3-7;3-8;3-9;3-10;3-11;3-12;3-15;4-5;4-6;4-8;4-9;4-11;4-13;4-14;5-6;5-7;5-8;5-9;5-10;5-11;5-12;5-13;5-14;5-15;6-7;6-8;6-9;6-10;6-11;6-12;6-13;6-15;7-9;7-11;7-13;8-9;8-11;8-12;9-11;9-12;9-13;9-14;9-15;10-11;10-15;11-12;11-13;11-14;11-15;12-15;14-15,"1,0,1,1,1,1,0,1,1,1,1,1,0,1,1,1,1,1,1,1,1,1,1,1,1,0,1,1,0,1,0,1,0,1,0,0,1,1,0,1,1,0,0,1,1,1,1,1,1,1,1,0,0,1,1,1,0,1,1,0,1,0,1,1,0,1,1,1,1,1,1,1,1,1,1,1,1,1,1,1,1,1,0,1,0,1,0,1,0,1,0,0,1,0,1,1,0,0,0,0,1,1,1,1,1,1,0,0,0,1,1,1,1,1,0,0,1,0,0,1"
807,16,84,9,0-3;0-5;0-6;0-8;0-9;0-10;0-12;0-15;1-2;1-3;1-4;1-5;1-6;1-7;1-8;1-10;1-11;1-12;1-13;1-14;1-15;2-3;2-5;2-6;2-8;2-9;2-11;2-15;3-4;3-5;3-6;3-11;3-12;3-15;4-5;4-6;4-11;4-12;4-13;4-15;5-6;5-8;5-10;5-11;5-12;5-13;5-15;6-7;6-8;6-9;6-10;6-11;6-12;6-13;6-14;6-15;7-8;7-9;7-10;7-12;7-14;7-15;8-9;8-10;8-11;8-12;8-13;8-14;8-15;9-11;9-14;9-15;10-12;10-13;10-15;11-12;11-13;11-14;11-15;12-13;12-14;12-15;13-15;14-15,"0,0,1,0,1,1,0,1,1,1,0,1,0,0,1,1,1,1,1,1,1,1,0,1,1,1,1,1,1,1,0,1,1,0,1,1,0,1,0,0,0,1,1,1,1,0,0,0,0,1,1,0,0,1,1,1,0,0,0,0,1,1,1,0,1,1,0,1,0,1,1,1,1,0,1,1,1,1,1,1,1,1,1,1,1,1,1,0,1,0,1,1,1,1,1,1,1,1,1,0,1,0,0,1,1,0,1,1,0,1,1,1,1,1,1,1,1,0,1,1"
808,16,84,9,0-1;0-2;0-3;0-4;0-5;0-6;0-7;0-8;0-9;0-10;0-11;0-12;0-13;0-14;0-15;1-2;1-3;1-4;1-5;1-7;1-9;1-10;1-11;1-12;1-13;1-14;1-15;2-3;2-5;2-6;2-10;2-11;2-14;3-6;3-7;3-10;3-11;3-14;4-7;4-9;4-11;4-12;4-13;4-14;5-10;5-11;5-12;5-13;5-14;5-15;6-7;6-8;6-10;6-14;6-15;7-8;7-9;7-10;7-11;7-12;7-13;7-14;8-9;8-10;8-11;8-12;8-14;9-11;9-12;9-14;9-15;10-11;10-12;10-13;10-14;10-15;11-12;11-13;11-14;12-13;12-14;12-15;13-14;14-15,"1,1,1,1,1,1,1,1,1,1,1,1,1,1,1,1,1,1,1,0,1,0,1,1,1,1,1,1,1,1,0,1,1,0,0,0,1,1,0,0,1,0,0,0,1,1,0,0,1,1,0,0,1,0,0,0,1,0,1,0,1,1,1,1,0,0,0,0,0,1,1,1,1,1,1,1,1,0,1,0,0,0,1,1,1,1,1,1,1,1,1,0,1,1,1,1,0,1,0,0,1,1,0,1,1,1,1,1,1,1,1,1,1,0,1,1,1,1,0,1"
809,16,84,9,0-1;0-5;0-7;0-8;0-10;0-11;0-12;0-13;0-14;1-2;1-3;1-4;1-5;1-6;1-7;1-8;1-9;1-10;1-11;1-12;1-13;1-14;1-15;2-3;2-4;2-5;2-6;2-7;2-8;2-9;2-10;2-11;2-12;2-14;2-15;3-5;3-6;3-8;3-9;3-11;3-15;4-5;4-7;4-8;4-10;4-11;4-13;4-15;5-6;5-7;5-8;5-10;5-11;5-13;5-14;5-15;6-7;6-8;6-9;6-11;7-8;7-9;7-10;7-11;7-13;7-14;8-9;8-10;8-11;8-12;8-13;8-14;8-15;9-12;9-14;10-11;10-12;10-13;10-14;10-15;11-12;11-13;11-15;12-15,"1,0,0,0,1,0,1,1,0,1,1,1,1,1,0,1,1,1,1,1,1,1,1,1,1,1,1,1,1,1,1,1,1,1,1,1,1,1,1,0,1,1,0,1,1,0,1,1,0,1,0,0,0,1,1,0,1,1,0,1,1,0,1,0,1,1,1,1,0,1,1,0,1,1,1,1,1,1,0,1,0,0,0,0,1,1,1,1,0,1,1,0,1,1,1,1,1,1,1,0,0,1,0,1,0,1,1,1,1,1,1,1,0,1,0,0,1,0,0,0"
810,16,84,9,0-1;0-2;0-3;0-4;0-7;0-8;0-9;0-11;0-12;0-13;0-14;0-15;1-3;1-4;1-5;1-6;1-7;1-9;1-15;2-3;2-4;2-6;2-7;2-8;2-9;2-10;2-11;2-12;2-13;2-14;2-15;3-4;3-7;3-11;3-14;3-15;4-5;4-6;4-7;4-8;4-9;4-10;4-11;4-12;4-13;4-14;4-15;5-7;5-10;5-11;5-13;5-14;5-15;6-7;6-9;6-10;6-13;6-15;7-8;7-9;7-10;7-11;7-12;7-13;7-14;7-15;8-11;8-12;8-13;8-14;9-13;9-15;10-11;10-12;10-13;10-15;11-12;11-13;11-14;11-15;12-13;12-15;13-14;13-15,"1,1,1,1,0,0,1,1,1,0,1,1,1,1,1,0,1,1,1,1,1,0,1,0,0,0,0,0,1,1,1,0,1,1,1,1,1,1,1,1,1,1,1,0,0,1,0,0,0,1,0,0,1,1,1,1,1,1,1,1,1,1,1,1,1,0,1,0,0,1,1,0,1,1,1,1,0,1,1,0,0,1,0,1,1,1,1,1,1,1,1,1,0,0,1,1,1,1,0,0,0,0,1,0,1,1,1,1,0,1,1,1,1,1,1,0,1,1,1,0"
811,16,84,9,0-1;0-2;0-3;0-4;0-5;0-6;0-7;0-8;0-9;0-10;0-11;0-12;0-13;0-14;0-15;1-2;1-4;1-5;1-6;1-7;1-10;1-12;1-15;2-3;2-4;2-5;2-7;2-8;2-9;2-10;2-11;2-12;2-13;2-15;3-8;3-9;3-10;3-11;3-12;3-13;4-5;4-6;4-7;4-9;4-10;4-11;4-12;4-13;4-14;4-15;5-6;5-7;5-8;5-9;5-10;5-12;5-14;5-15;6-7;6-10;6-12;6-14;7-8;7-10;7-11;7-12;7-13;7-14;7-15;8-10;8-12;8-14;9-10;9-14;9-15;10-11;10-12;10-13;10-14;10-15;11-13;11-15;12-13;12-14,"1,1,1,1,1,1,1,1,1,1,1,1,1,1,1,1,0,1,1,1,1,0,0,1,0,1,0,0,1,1,1,1,0,1,1,1,1,1,1,1,0,1,0,0,0,0,1,1,1,1,1,1,0,0,1,1,1,0,1,1,1,1,1,1,1,1,1,1,1,1,0,1,0,1,1,1,0,0,1,0,1,0,1,0,1,0,1,1,1,1,1,1,0,1,0,1,0,1,0,1,0,0,0,1,1,1,1,1,1,1,0,1,0,1,1,1,0,0,0,0"
812,16,84,9,0-1;0-2;0-3;0-4;0-5;0-6;0-7;0-8;0-9;0-11;0-12;0-14;1-2;1-3;1-4;1-6;1-7;1-8;1-9;1-11;2-3;2-6;2-7;2-9;2-11;2-14;3-4;3-5;3-6;3-7;3-8;3-9;3-10;3-11;3-12;3-13;3-14;3-15;4-5;4-6;4-7;4-8;4-9;4-10;4-11;4-12;4-13;4-15;5-6;5-8;5-10;5-11;5-14;6-7;6-8;6-9;6-10;6-11;6-12;6-13;6-14;6-15;7-8;7-9;7-11;7-12;7-13;7-14;7-15;8-11;8-13;9-10;9-11;9-12;9-14;9-15;10-12;10-13;10-15;11-13;11-14;11-15;12-14;13-15,"1,1,1,1,1,1,1,1,1,0,1,1,0,1,0,1,1,1,0,1,1,1,1,0,1,0,0,0,0,1,0,0,1,1,0,1,0,1,0,0,1,0,1,1,1,1,1,1,1,1,1,1,1,1,1,1,1,1,1,1,1,1,1,0,1,1,0,1,0,1,1,0,0,1,0,1,1,1,1,1,1,1,1,1,1,1,0,1,1,1,1,1,0,0,1,0,1,0,0,1,1,1,0,1,1,0,1,1,0,1,0,1,1,1,0,1,0,0,1,0"
813,16,84,9,0-1;0-2;0-5;0-6;0-7;0-8;0-9;0-10;0-11;0-12;0-13;0-14;0-15;1-2;1-3;1-4;1-5;1-6;1-7;1-8;1-9;1-10;1-11;1-12;1-13;1-14;1-15;2-5;2-6;2-7;2-11;2-12;2-13;3-4;3-5;3-6;3-8;3-9;3-10;3-15;4-5;4-6;4-7;4-11;4-13;4-15;5-6;5-7;5-10;5-11;5-12;5-13;5-15;6-7;6-8;6-9;6-10;6-11;6-12;6-13;6-14;6-15;7-9;7-11;7-13;8-10;8-13;8-14;8-15;9-11;9-14;9-15;10-13;10-15;11-12;11-13;11-14;11-15;12-13;12-14;12-15;13-14;13-15;14-15,"1,1,0,0,1,1,1,1,1,1,1,1,1,1,1,1,1,1,1,1,1,1,1,1,1,1,1,1,1,0,0,1,1,1,0,0,0,1,1,1,0,0,1,1,1,0,1,1,1,0,0,0,0,1,1,1,1,0,0,0,1,0,1,0,1,1,1,0,0,1,1,1,1,0,1,1,1,1,1,1,1,1,1,1,0,1,0,1,0,1,0,0,0,1,0,0,1,1,1,0,1,0,0,1,1,0,0,1,0,1,1,1,1,1,1,1,1,1,1,1"
814,16,84,9,0-3;0-5;0-7;0-8;0-9;0-13;0-14;0-15;1-2;1-3;1-5;1-6;1-8;1-10;1-13;1-14;1-15;2-3;2-5;2-8;2-10;2-11;2-13;2-15;3-4;3-5;3-6;3-7;3-8;3-9;3-10;3-11;3-12;3-13;3-14;3-15;4-8;4-9;4-10;4-11;4-13;4-14;4-15;5-6;5-7;5-8;5-10;5-11;5-12;5-13;5-14;5-15;6-7;6-8;6-10;6-12;6-13;6-14;7-8;7-9;7-13;7-14;8-10;8-11;8-13;8-14;8-15;9-12;9-13;9-14;9-15;10-11;10-12;10-13;10-14;10-15;11-12;11-13;11-15;12-13;12-14;13-14;13-15;14-15,"0,0,1,0,1,0,1,1,1,0,0,0,1,1,1,1,1,0,1,1,0,1,0,1,0,0,1,1,1,1,0,1,0,0,1,0,1,1,0,1,0,1,1,1,1,1,1,1,1,1,1,1,1,1,0,0,0,1,1,1,1,0,1,1,1,1,1,1,0,1,1,1,1,1,1,1,1,0,1,0,1,1,1,0,1,1,0,0,0,1,1,0,0,1,1,0,1,1,1,0,0,1,1,1,1,1,1,1,1,1,1,1,0,1,1,1,0,1,1,1"
815,16,84,9,0-1;0-2;0-3;0-4;0-5;0-6;0-7;0-8;0-9;0-10;0-11;0-13;0-15;1-2;1-6;1-10;1-11;1-12;1-13;1-15;2-3;2-4;2-5;2-6;2-7;2-8;2-9;2-10;2-11;2-12;2-13;2-14;2-15;3-5;3-6;3-8;3-9;3-10;3-11;3-15;4-5;4-7;4-9;4-10;4-13;4-15;5-6;5-7;5-8;5-9;5-10;5-13;5-14;5-15;6-8;6-9;6-10;6-11;6-12;6-13;6-14;6-15;7-8;7-10;7-13;7-14;7-15;8-10;8-12;9-10;9-13;9-15;10-11;10-12;10-13;10-14;10-15;11-12;11-15;12-13;12-14;13-14;13-15;14-15,"1,1,1,1,1,1,1,1,1,1,1,0,1,0,1,1,0,0,0,1,0,0,0,1,1,1,1,0,1,1,1,1,1,1,1,1,1,1,1,1,1,1,0,1,1,0,1,1,1,1,0,0,0,1,1,0,1,0,1,1,0,0,1,0,1,1,1,1,1,1,0,0,1,1,1,0,1,1,1,1,1,1,1,1,1,0,1,0,0,1,1,1,0,1,0,1,0,0,0,1,0,0,1,0,1,1,1,1,1,1,1,0,0,1,1,1,0,1,1,1"
816,16,84,9,0-1;0-3;0-4;0-6;0-7;0-8;0-14;0-15;1-2;1-3;1-4;1-5;1-6;1-7;1-8;1-9;1-10;1-11;1-12;1-13;1-14;1-15;2-3;2-4;2-6;2-8;2-9;2-11;2-13;2-15;3-4;3-5;3-6;3-7;3-8;3-9;3-10;3-11;3-13;3-15;4-5;4-6;4-7;4-8;4-9;4-10;4-11;4-12;4-15;5-7;5-9;5-10;5-11;5-15;6-7;6-8;6-9;6-11;6-12;6-13;6-14;6-15;7-9;7-10;7-11;7-12;7-14;7-15;8-14;8-15;9-10;9-11;9-12;9-13;9-15;10-12;10-13;10-15;11-15;12-14;12-15;13-14;13-15;14-15,"1,0,1,1,0,1,1,1,0,0,0,0,0,1,1,1,1,1,1,1,1,1,1,1,1,1,1,1,1,1,1,0,1,0,1,1,0,1,0,1,0,1,1,1,1,1,1,1,1,1,0,1,0,1,1,1,1,1,1,1,1,1,0,0,1,0,1,0,1,1,1,0,0,0,1,1,1,1,0,1,1,1,1,1,0,1,1,1,1,0,1,1,0,0,0,0,0,1,1,1,1,1,1,0,1,0,1,1,0,1,0,0,0,1,0,1,1,1,1,1"
817,16,84,9,0-2;0-3;0-4;0-5;0-7;0-8;0-11;0-13;0-14;1-3;1-4;1-5;1-6;1-7;1-8;1-10;1-15;2-4;2-5;2-6;2-7;2-8;2-9;2-10;2-11;2-12;2-13;2-14;2-15;3-4;3-5;3-7;3-10;3-11;3-14;4-5;4-6;4-7;4-8;4-9;4-10;4-11;4-12;4-13;4-14;4-15;5-6;5-7;5-8;5-9;5-10;5-11;5-12;5-13;5-14;5-15;6-10;6-11;6-12;6-15;7-9;7-10;7-11;7-13;7-14;7-15;8-10;8-12;8-14;9-10;9-11;9-12;9-13;9-14;10-11;10-12;10-14;10-15;11-12;11-13;11-14;11-15;12-14;13-14,"0,1,1,1,1,0,1,1,0,0,1,0,1,1,0,0,1,1,1,1,1,1,0,1,0,0,0,0,1,0,1,1,1,1,1,1,1,1,1,1,1,1,1,1,0,1,0,0,1,1,0,0,1,0,1,1,1,1,1,1,1,1,1,1,1,1,1,1,1,1,1,1,1,1,1,0,0,0,1,1,1,0,0,1,0,1,1,1,0,1,1,1,0,1,0,1,0,1,0,1,1,1,1,1,0,1,1,0,1,1,1,1,1,1,0,1,0,1,0,0"
818,16,84,9,0-1;0-2;0-3;0-4;0-5;0-6;0-7;0-8;0-9;0-10;0-11;0-12;0-13;0-14;0-15;1-2;1-3;1-4;1-5;1-8;1-9;1-10;1-11;1-12;1-13;1-14;1-15;2-3;2-6;2-9;2-12;2-13;2-15;3-4;3-5;3-6;3-7;3-8;3-9;3-10;3-11;3-12;3-13;3-14;3-15;4-5;4-7;4-8;4-9;4-10;4-11;4-12;4-14;4-15;5-8;5-9;5-12;5-14;5-15;6-7;6-9;6-11;6-13;6-14;7-9;7-10;7-12;7-15;8-10;8-14;8-15;9-11;9-12;9-13;9-14;9-15;10-11;10-14;10-15;11-14;12-15;13-14;13-15;14-15,"1,1,1,1,1,1,1,1,1,1,1,1,1,1,1,1,1,1,1,0,0,1,1,1,1,1,1,1,1,1,0,0,1,0,0,1,0,0,1,1,0,1,1,1,1,1,1,1,1,1,1,1,1,1,1,0,1,1,1,1,1,1,0,1,1,0,0,1,1,0,0,1,0,1,1,1,0,1,0,1,0,1,1,0,0,1,1,0,1,0,0,1,0,1,0,0,0,1,1,0,1,1,1,1,1,1,0,0,1,1,0,0,1,0,0,0,1,1,1,1"
819,16,84,9,0-1;0-2;0-3;0-5;0-6;0-8;0-9;0-10;0-11;0-12;0-13;0-14;1-2;1-3;1-6;1-7;1-8;1-9;1-10;1-14;2-3;2-4;2-5;2-6;2-7;2-8;2-9;2-10;2-13;2-14;2-15;3-4;3-5;3-6;3-7;3-8;3-9;3-10;3-11;3-12;3-13;3-14;3-15;4-5;4-6;4-7;4-9;4-10;4-11;5-8;5-9;5-10;5-12;5-14;6-7;6-9;6-10;6-11;6-12;6-13;6-14;6-15;7-9;7-10;7-14;7-15;8-9;8-10;8-14;9-10;9-11;9-12;9-13;9-14;9-15;10-12;10-14;11-12;11-13;11-15;12-14;13-14;13-15;14-15,"1,1,1,0,1,1,0,1,1,1,1,1,1,1,0,1,1,0,0,1,1,1,1,1,0,0,0,1,0,1,1,1,1,1,1,1,1,0,0,1,1,1,1,1,1,1,1,1,1,1,1,1,1,1,1,1,1,0,1,1,1,0,0,0,0,0,0,1,1,1,0,1,0,1,0,1,0,1,1,1,1,1,1,1,0,1,1,0,0,0,1,1,1,1,0,0,0,1,0,1,1,1,1,1,1,0,1,0,1,0,1,1,0,1,0,1,0,1,1,1"
820,16,84,9,0-4;0-6;0-7;0-11;0-12;0-13;0-14;0-15;1-5;1-7;1-8;1-9;1-10;1-11;1-13;1-14;1-15;2-6;2-8;2-9;2-10;2-12;2-13;2-14;2-15;3-6;3-8;3-10;3-11;3-12;3-13;3-14;3-15;4-7;4-9;4-11;4-12;4-13;4-14;4-15;5-9;5-10;5-11;5-12;5-13;5-14;5-15;6-8;6-10;6-11;6-12;6-13;6-14;6-15;7-8;7-9;7-13;7-14;7-15;8-10;8-13;8-14;8-15;9-10;9-11;9-12;9-13;9-14;9-15;10-11;10-12;10-13;10-14;10-15;11-12;11-13;11-14;11-15;12-13;12-14;12-15;13-14;13-15;14-15,"0,0,0,1,0,1,1,0,0,0,1,1,1,1,1,0,0,0,1,0,1,1,1,1,1,0,1,1,1,0,0,0,1,0,1,1,1,0,1,1,1,1,0,0,1,0,1,0,1,1,1,1,1,1,0,0,1,0,1,0,1,1,1,1,1,0,0,0,1,1,1,1,1,1,1,0,1,0,1,1,1,1,1,1,1,1,0,0,0,1,1,1,0,1,0,0,1,1,1,1,1,1,1,1,1,1,1,1,1,1,1,1,1,1,1,1,1,1,1,1"
821,16,84,9,0-1;0-3;0-4;0-5;0-6;0-7;0-8;0-10;0-11;0-12;0-13;0-15;1-2;1-3;1-4;1-6;1-7;1-9;1-10;1-13;1-15;2-3;2-4;2-5;2-9;2-10;2-13;2-15;3-4;3-5;3-6;3-8;3-9;3-10;3-12;3-13;3-15;4-5;4-6;4-7;4-10;4-11;4-12;4-13;4-15;5-8;5-10;5-11;5-12;5-13;5-14;5-15;6-9;6-10;6-13;6-15;7-10;7-11;7-13;7-14;7-15;8-9;8-10;8-12;8-13;8-14;8-15;9-10;9-13;9-14;9-15;10-11;10-12;10-13;10-14;10-15;11-13;11-14;11-15;12-13;12-15;13-14;13-15;14-15,"1,0,1,1,1,1,1,1,0,1,1,1,1,0,1,1,1,1,0,1,1,0,1,1,0,0,1,0,1,1,1,1,0,0,0,1,1,0,0,1,0,1,1,1,1,0,1,1,1,0,1,1,0,1,1,1,1,0,0,1,1,1,1,0,1,0,0,1,0,1,1,1,1,1,1,0,0,1,1,0,0,1,0,1,0,0,1,1,0,1,1,1,1,1,0,1,1,1,1,1,0,0,1,1,1,1,1,1,1,1,0,1,1,1,1,0,1,1,1,1"
822,16,84,9,0-2;0-4;0-5;0-6;0-7;0-8;0-10;0-11;0-12;0-14;0-15;1-4;1-5;1-8;1-9;1-10;1-11;1-12;1-13;1-15;2-3;2-4;2-5;2-6;2-7;2-8;2-9;2-10;2-12;2-13;2-14;3-5;3-6;3-7;3-8;3-9;3-11;3-12;4-5;4-8;4-9;4-10;4-12;5-6;5-7;5-8;5-9;5-10;5-11;5-12;5-13;5-14;5-15;6-7;6-8;6-11;6-12;7-8;7-9;7-10;7-12;7-13;7-14;7-15;8-9;8-10;8-11;8-12;8-13;8-14;8-15;9-10;9-12;9-13;10-12;10-13;10-14;10-15;11-12;11-15;12-13;12-14;12-15;14-15,"0,1,0,1,1,1,1,1,0,1,1,1,0,1,1,0,0,1,1,0,0,1,1,1,1,1,1,0,1,1,1,1,1,1,1,1,1,0,1,1,1,0,0,1,1,1,1,1,0,1,1,0,0,0,1,0,0,1,1,1,0,1,0,0,0,1,1,1,1,1,1,1,1,1,1,1,1,0,0,1,1,0,0,0,1,1,1,0,1,1,1,1,1,1,1,1,1,1,1,1,0,1,1,0,0,0,1,1,1,1,1,0,0,1,1,1,1,0,0,1"
823,16,84,9,0-1;0-2;0-3;0-6;0-9;0-10;0-11;0-12;0-15;1-2;1-4;1-5;1-6;1-9;1-11;1-13;1-15;2-3;2-4;2-5;2-6;2-7;2-8;2-9;2-10;2-11;2-12;2-13;2-14;2-15;3-5;3-7;3-8;3-9;3-10;3-11;3-12;3-13;3-14;3-15;4-5;4-8;4-9;4-11;4-12;4-15;5-7;5-8;5-9;5-11;5-13;5-15;6-7;6-9;6-12;6-14;6-15;7-8;7-9;7-14;7-15;8-9;8-10;8-11;8-12;8-13;8-14;8-15;9-10;9-11;9-12;9-13;9-14;9-15;10-11;10-12;10-15;11-12;11-13;11-15;12-14;12-15;13-15;14-15,"1,1,1,0,0,1,0,0,1,1,1,1,0,0,1,1,0,1,1,1,0,0,1,0,1,0,1,0,1,1,1,1,1,1,1,1,1,1,1,1,1,1,0,1,0,1,1,1,1,1,1,1,1,1,1,0,0,1,1,0,1,1,0,0,1,0,1,1,1,0,1,0,1,0,1,1,0,1,0,0,1,0,1,1,1,1,0,0,0,0,1,1,1,1,1,1,1,1,1,1,1,1,1,1,1,1,1,0,0,1,1,1,0,1,0,1,1,0,1,1"
824,16,84,9,0-2;0-3;0-6;0-7;0-9;0-10;0-11;0-12;1-2;1-4;1-6;1-7;1-9;1-10;1-13;1-15;2-3;2-4;2-5;2-6;2-7;2-8;2-9;2-10;2-11;2-12;2-13;2-14;2-15;3-4;3-5;3-6;3-7;3-8;3-9;3-10;3-12;3-13;3-14;4-5;4-6;4-7;4-8;4-9;4-10;4-13;4-14;4-15;5-6;5-7;5-8;5-10;5-11;5-15;6-7;6-8;6-9;6-10;6-11;6-12;6-13;6-14;6-15;7-8;7-9;7-10;7-11;7-12;7-13;7-14;7-15;8-9;8-10;9-10;9-12;9-13;9-14;10-11;11-12;11-15;12-13;13-14;13-15;14-15,"0,1,1,0,0,1,1,0,1,1,1,1,0,0,0,1,0,1,0,1,1,0,1,1,0,0,1,0,1,1,1,1,1,1,1,1,1,1,1,1,1,1,1,1,1,1,1,1,1,0,1,1,1,0,1,1,1,1,1,1,0,0,1,1,1,1,1,1,0,1,1,0,0,0,1,1,1,1,1,1,1,1,1,1,1,1,1,1,1,1,1,1,1,1,0,0,0,0,0,1,0,1,1,1,0,1,0,0,0,0,1,0,0,1,1,0,0,1,1,1"
825,16,84,9,0-1;0-2;0-5;0-6;0-7;0-8;0-9;0-10;0-11;0-14;1-2;1-5;1-6;1-7;1-9;1-12;1-14;2-4;2-5;2-7;2-9;2-10;2-13;2-14;3-4;3-5;3-6;3-7;3-8;3-9;3-12;3-14;4-5;4-7;4-8;4-9;4-12;4-13;4-14;5-6;5-7;5-8;5-9;5-10;5-11;5-12;5-13;5-14;5-15;6-7;6-8;6-9;6-10;6-11;6-12;6-14;6-15;7-8;7-9;7-10;7-11;7-12;7-13;7-14;7-15;8-9;8-10;8-11;8-12;8-14;8-15;9-10;9-12;9-14;10-14;11-13;11-14;11-15;12-13;12-14;12-15;13-14;13-15;14-15,"1,1,0,0,1,1,1,1,1,1,1,0,0,1,0,1,0,0,1,1,1,0,1,0,0,1,0,1,0,0,1,1,0,1,0,1,1,0,0,1,1,0,1,1,1,1,1,1,0,0,1,0,1,0,1,0,1,1,1,0,0,1,1,1,0,1,1,1,1,1,1,1,1,1,1,1,1,1,1,1,1,0,1,1,1,1,1,1,1,1,1,1,1,1,1,1,0,1,1,1,0,1,0,1,0,0,0,0,1,0,0,1,1,1,1,1,1,1,1,1"
826,16,84,9,0-3;0-4;0-5;0-6;0-7;0-8;0-9;0-12;0-13;0-14;1-4;1-5;1-6;1-7;1-9;1-10;1-11;1-14;2-4;2-5;2-6;2-7;2-11;2-12;2-14;2-15;3-4;3-5;3-6;3-7;3-12;3-13;3-14;4-5;4-6;4-7;4-8;4-9;4-10;4-11;4-12;4-13;4-14;4-15;5-6;5-7;5-8;5-9;5-10;5-11;5-12;5-13;5-14;5-15;6-7;6-8;6-9;6-10;6-11;6-12;6-13;6-14;6-15;7-8;7-9;7-11;7-12;7-14;8-11;8-12;8-13;9-10;9-14;10-11;10-13;10-15;11-12;11-14;11-15;12-13;12-14;12-15;13-15;14-15,"0,0,1,1,1,1,1,1,1,0,0,1,1,1,0,0,0,1,1,1,1,0,1,1,1,0,0,1,0,0,1,1,1,1,0,0,0,1,1,0,1,1,1,1,1,1,0,0,0,0,1,1,1,0,1,1,1,1,1,1,1,1,1,1,1,1,1,1,1,1,1,1,1,1,1,1,1,1,1,1,1,1,1,1,1,1,0,1,1,0,1,0,0,0,1,1,1,0,0,1,0,0,0,1,0,1,0,1,0,1,1,0,1,1,1,1,1,0,1,1"
827,16,84,9,0-1;0-2;0-3;0-4;0-5;0-6;0-7;0-8;0-9;0-10;0-11;0-12;0-13;0-14;0-15;1-3;1-5;1-6;1-7;1-8;1-14;1-15;2-6;2-7;2-8;2-11;2-12;2-13;2-14;3-5;3-6;3-8;3-9;3-11;3-13;3-14;3-15;4-5;4-6;4-7;4-10;4-11;4-12;4-14;4-15;5-6;5-7;5-8;5-9;5-10;5-11;5-14;5-15;6-7;6-8;6-9;6-10;6-11;6-12;6-13;6-14;6-15;7-8;7-10;7-11;7-12;7-14;8-9;8-10;8-11;8-13;8-14;9-11;9-14;9-15;10-11;10-14;11-13;11-14;12-13;12-14;12-15;13-14;14-15,"1,1,1,1,1,1,1,1,1,1,1,1,1,1,1,0,1,0,1,1,1,1,0,0,0,0,0,1,1,0,0,0,1,1,1,0,0,1,1,1,1,0,0,1,1,0,1,1,0,1,0,1,1,1,1,1,1,0,0,1,1,1,0,1,1,1,1,1,1,1,1,0,0,1,1,1,1,1,1,1,1,1,1,1,1,0,1,1,1,0,1,0,1,1,1,0,1,1,0,0,1,0,0,1,1,1,0,0,1,0,0,1,1,0,1,1,1,1,0,1"
828,16,84,9,0-1;0-2;0-3;0-4;0-5;0-6;0-7;0-8;0-9;0-10;0-11;0-12;0-13;0-14;0-15;1-2;1-4;1-5;1-6;1-7;1-8;1-9;1-10;1-13;1-14;1-15;2-3;2-4;2-5;2-6;2-7;2-8;2-9;2-10;2-11;2-12;2-13;2-14;2-15;3-4;3-6;3-8;3-9;3-10;3-11;3-12;4-6;4-9;4-10;4-15;5-6;5-9;5-12;5-14;5-15;6-7;6-8;6-9;6-10;6-11;6-12;6-13;6-14;6-15;7-11;7-13;7-14;7-15;8-9;8-10;8-14;9-10;9-12;9-14;9-15;10-13;10-14;11-12;11-13;11-15;12-14;12-15;13-14;14-15,"1,1,1,1,1,1,1,1,1,1,1,1,1,1,1,1,0,1,1,1,1,1,1,1,0,0,1,1,1,1,1,1,1,1,1,1,1,1,1,1,1,1,1,0,1,0,1,1,1,1,1,0,0,0,0,1,0,0,1,1,0,0,0,0,1,1,0,0,1,0,0,1,0,1,1,1,1,1,1,1,1,1,1,1,0,0,0,1,0,1,1,1,1,1,0,0,0,1,0,1,0,1,0,1,1,0,0,1,1,0,1,1,0,1,0,1,1,1,0,1"
829,16,84,9,0-1;0-4;0-5;0-6;0-7;0-8;0-10;0-14;1-2;1-3;1-4;1-5;1-6;1-7;1-8;1-9;1-10;1-11;1-12;1-13;1-14;1-15;2-3;2-5;2-6;2-10;2-11;2-13;2-14;3-5;3-6;3-7;3-9;3-10;3-11;3-12;3-13;3-14;3-15;4-6;4-8;4-10;4-11;4-12;4-13;5-6;5-7;5-10;5-11;5-14;6-7;6-8;6-9;6-10;6-11;6-12;6-13;6-14;6-15;7-9;7-10;7-12;7-15;8-10;8-11;8-13;8-14;9-10;9-12;9-13;9-14;10-11;10-12;10-13;10-14;10-15;11-12;11-13;11-14;11-15;12-13;12-15;13-14;13-15,"1,0,0,1,1,1,1,1,0,1,0,0,0,1,0,1,1,1,1,1,1,1,1,1,1,1,1,1,1,1,0,1,1,0,0,0,1,1,0,1,1,0,0,1,1,1,0,1,1,1,1,1,1,1,0,1,0,1,0,1,1,1,1,0,0,1,1,0,0,1,1,0,0,1,0,1,1,1,1,1,1,1,1,1,0,1,1,0,1,0,0,1,0,1,1,0,1,1,0,1,0,1,1,1,0,1,1,1,1,1,1,1,1,1,1,0,1,1,1,0"
830,16,84,9,0-1;0-3;0-4;0-5;0-6;0-10;0-11;0-14;0-15;1-2;1-3;1-4;1-5;1-7;1-13;1-15;2-3;2-4;2-5;2-8;2-9;2-10;2-11;2-12;2-13;2-15;3-4;3-5;3-6;3-7;3-8;3-9;3-10;3-11;3-12;3-13;3-14;3-15;4-5;4-6;4-7;4-8;4-9;4-10;4-11;4-12;4-13;4-14;4-15;5-8;5-10;5-12;5-15;6-7;6-9;6-10;6-11;6-12;6-14;6-15;7-9;7-12;7-13;7-15;8-9;8-10;8-12;8-15;9-10;9-11;9-12;9-13;9-14;9-15;10-11;10-12;10-14;10-15;11-15;12-13;12-14;12-15;13-15;14-15,"1,0,1,1,1,1,0,0,0,1,1,0,0,1,1,1,1,1,1,0,1,0,0,0,0,0,1,0,1,1,1,1,0,0,1,1,1,1,1,1,0,1,1,1,1,1,1,1,1,1,1,1,1,1,1,1,1,1,1,1,1,1,1,1,1,0,0,1,0,1,0,1,0,0,1,1,0,1,1,1,1,0,1,1,0,1,0,0,1,1,0,1,1,1,0,1,0,0,1,1,1,1,1,1,1,1,1,0,1,1,0,0,0,1,1,1,1,0,1,1"
831,16,84,9,0-2;0-4;0-6;0-8;0-9;0-13;0-14;0-15;1-4;1-6;1-8;1-10;1-11;1-12;1-13;1-14;1-15;2-3;2-4;2-5;2-6;2-7;2-9;2-10;2-12;2-13;2-14;2-15;3-5;3-6;3-10;3-11;3-13;3-14;3-15;4-6;4-7;4-8;4-9;4-10;4-12;4-13;4-14;4-15;5-6;5-9;5-11;5-13;5-14;5-15;6-7;6-8;6-9;6-10;6-11;6-12;6-13;6-14;6-15;7-8;7-9;7-10;7-14;7-15;8-9;8-11;8-14;8-15;9-13;9-14;9-15;10-11;10-12;10-13;10-14;10-15;11-14;11-15;12-13;12-14;12-15;13-14;13-15;14-15,"0,1,0,1,0,1,0,1,1,0,0,0,1,1,1,0,0,1,0,1,0,1,0,1,1,1,1,1,1,1,1,1,1,1,0,1,1,0,1,1,1,1,0,1,1,0,0,0,1,1,0,1,1,1,0,1,1,1,1,1,0,1,1,1,1,1,0,0,1,0,1,0,1,1,1,1,1,1,1,1,1,1,1,1,1,1,1,0,0,0,1,1,1,0,1,0,0,1,1,0,0,0,1,1,1,1,1,1,1,1,0,0,1,1,1,1,1,1,1,1"
832,16,84,9,0-1;0-2;0-4;0-5;0-6;0-9;0-10;0-11;0-15;1-2;1-4;1-6;1-11;1-12;1-13;1-14;1-15;2-4;2-7;2-8;2-11;2-14;2-15;3-4;3-5;3-6;3-7;3-8;3-9;3-10;3-11;3-12;3-13;3-14;3-15;4-5;4-6;4-7;4-8;4-9;4-10;4-11;4-12;4-13;4-14;4-15;5-6;5-10;5-11;5-14;5-15;6-9;6-10;6-11;6-12;6-13;6-14;6-15;7-8;7-10;7-11;7-13;7-15;8-11;8-13;8-14;8-15;9-10;9-11;9-13;9-15;10-11;10-13;10-15;11-12;11-13;11-14;11-15;12-13;12-14;12-15;13-14;13-15;14-15,"1,1,0,1,1,1,0,0,1,1,1,0,0,0,1,1,0,1,0,1,0,0,0,0,1,1,1,1,1,0,1,0,0,1,1,0,0,1,0,0,1,1,1,1,1,1,1,1,1,1,1,1,1,1,1,1,1,1,1,1,1,1,1,1,1,1,0,0,0,1,1,0,0,1,1,0,0,1,1,1,1,1,1,1,1,0,1,1,0,1,0,1,0,0,1,0,1,1,1,1,1,0,1,0,1,1,0,1,0,1,1,1,1,1,1,1,1,1,1,1"
833,16,84,9,0-2;0-4;0-5;0-8;0-10;0-11;0-13;0-14;1-2;1-4;1-6;1-7;1-10;1-11;1-13;1-14;2-3;2-4;2-5;2-6;2-7;2-8;2-10;2-11;2-13;2-14;3-4;3-5;3-6;3-8;3-10;3-11;3-13;4-5;4-6;4-7;4-8;4-9;4-10;4-11;4-12;4-13;4-14;4-15;5-7;5-8;5-9;5-10;5-13;6-7;6-8;6-10;6-11;6-12;6-13;6-14;6-15;7-9;7-10;7-13;7-14;8-10;8-11;8-13;8-15;9-10;9-12;9-13;9-14;9-15;10-11;10-12;10-13;10-14;10-15;11-12;11-13;11-14;11-15;12-13;12-14;12-15;13-14;13-15,"0,1,0,1,1,0,0,1,0,1,1,0,1,1,0,1,0,1,0,1,1,0,0,1,1,0,1,1,0,1,1,1,1,1,1,0,1,1,0,1,1,0,1,1,1,0,1,0,1,1,0,1,0,0,1,1,1,1,1,1,1,1,1,1,1,0,1,1,1,1,0,0,1,0,0,1,1,0,1,1,1,1,1,1,0,1,1,0,0,1,1,0,0,1,1,0,1,0,1,1,0,1,1,1,1,1,1,1,1,1,1,1,1,1,1,1,1,1,1,0"
834,16,84,9,0-2;0-3;0-4;0-5;0-6;0-7;0-9;0-10;0-12;0-13;0-14;1-2;1-3;1-5;1-8;1-9;1-10;1-13;1-14;2-3;2-4;2-5;2-7;2-8;2-9;2-12;2-13;2-14;2-15;3-5;3-6;3-7;3-8;3-9;3-12;3-13;3-14;3-15;4-7;4-9;4-10;4-11;4-12;4-13;4-14;5-9;5-10;5-13;5-14;6-8;6-9;6-11;6-12;6-13;6-14;7-9;7-12;7-13;7-14;8-9;8-11;8-12;8-13;8-14;8-15;9-10;9-11;9-12;9-13;9-14;9-15;10-11;10-13;10-14;11-12;11-13;11-14;11-15;12-13;12-14;12-15;13-14;13-15;14-15,"0,1,1,1,1,1,1,0,1,1,0,1,1,1,0,1,1,0,1,0,0,1,1,1,0,0,1,1,0,1,1,1,0,1,1,1,0,0,1,1,1,1,0,1,1,1,1,1,0,0,1,1,1,1,0,0,1,0,1,1,1,1,1,1,0,0,0,0,1,1,0,0,1,1,0,0,1,1,0,1,1,1,1,0,0,1,0,0,1,1,1,0,1,0,1,1,1,1,1,1,1,1,1,1,1,1,0,1,1,0,1,1,1,1,1,1,1,1,1,1"
835,16,84,9,0-1;0-2;0-3;0-4;0-5;0-7;0-8;0-11;1-2;1-3;1-4;1-5;1-6;1-7;1-8;1-9;1-10;1-11;1-12;1-13;1-14;1-15;2-3;2-4;2-5;2-6;2-7;2-8;2-9;2-10;2-11;2-12;2-13;2-14;2-15;3-4;3-6;3-8;3-11;3-13;4-5;4-6;4-7;4-8;4-9;4-10;4-11;4-12;4-13;4-14;4-15;5-7;5-10;5-12;5-14;5-15;6-8;6-9;6-10;6-11;6-12;6-13;6-14;6-15;7-9;7-11;7-13;7-14;8-10;8-13;9-11;9-13;9-14;10-12;10-13;10-14;10-15;11-13;11-14;11-15;12-13;12-14;13-14;14-15,"1,1,1,1,1,0,1,1,0,0,1,0,0,0,0,1,1,1,1,1,1,1,1,1,1,1,1,1,1,1,1,1,1,1,1,1,1,1,1,1,1,1,1,0,1,0,1,0,0,1,0,1,0,0,1,1,1,1,1,1,1,1,1,1,1,0,1,0,0,1,0,1,0,1,1,0,1,1,1,1,1,1,1,1,0,1,0,1,0,1,1,0,0,1,0,0,1,0,0,0,1,0,1,1,0,0,1,1,1,1,0,1,1,1,1,1,0,1,0,1"
836,16,84,9,0-1;0-2;0-3;0-4;0-5;0-6;0-7;0-8;0-9;0-10;0-11;0-12;0-13;0-14;0-15;1-4;1-5;1-6;1-8;1-9;1-11;1-15;2-4;2-7;2-9;2-10;2-11;2-12;2-15;3-4;3-7;3-10;3-11;3-12;3-14;3-15;4-5;4-6;4-7;4-8;4-9;4-10;4-11;4-12;4-13;4-14;4-15;5-7;5-8;5-12;5-14;5-15;6-9;6-10;6-11;6-13;6-14;6-15;7-10;7-11;7-12;7-14;7-15;8-9;8-12;8-14;8-15;9-10;9-12;9-13;9-14;9-15;10-11;10-12;10-13;10-14;10-15;11-15;12-13;12-14;12-15;13-14;13-15;14-15,"1,1,1,1,1,1,1,1,1,1,1,1,1,1,1,0,0,1,1,1,0,1,1,0,1,0,0,0,1,0,1,0,0,1,0,1,1,1,1,0,0,1,1,0,0,1,0,0,1,1,1,0,1,1,1,1,1,1,1,1,1,1,1,1,1,0,1,1,0,0,0,1,0,1,1,0,0,1,1,1,0,1,1,1,0,0,1,1,1,0,1,1,1,0,0,1,0,1,1,1,0,1,1,1,1,1,1,1,1,1,0,0,0,1,1,1,1,1,1,1"
837,16,84,9,0-1;0-6;0-7;0-8;0-9;0-11;0-12;0-13;0-15;1-5;1-6;1-7;1-9;1-12;1-13;1-15;2-3;2-4;2-5;2-6;2-7;2-9;2-11;2-12;2-14;2-15;3-5;3-6;3-7;3-9;3-11;3-12;3-15;4-5;4-7;4-8;4-9;4-10;4-12;4-15;5-6;5-7;5-9;5-10;5-12;5-13;5-14;5-15;6-7;6-9;6-11;6-12;6-13;6-14;6-15;7-8;7-9;7-10;7-11;7-12;7-13;7-14;7-15;8-10;8-11;8-12;8-13;8-15;9-10;9-12;9-13;9-15;10-12;10-13;10-15;11-12;11-14;11-15;12-13;12-14;12-15;13-14;13-15;14-15,"1,0,0,0,0,1,1,1,1,0,1,1,1,0,1,0,0,0,1,1,1,0,1,0,0,1,1,0,1,1,1,1,1,1,0,1,0,1,1,0,1,1,0,1,1,1,0,1,0,1,1,0,0,1,1,0,1,1,1,1,0,1,0,0,1,1,1,0,1,1,0,1,1,1,1,1,0,1,0,1,1,1,1,1,1,1,1,1,1,1,1,1,0,1,1,1,1,0,1,1,0,1,1,0,1,0,1,1,0,1,1,0,1,1,1,1,1,1,1,1"
838,16,84,9,0-1;0-3;0-4;0-5;0-6;0-7;0-9;0-10;0-11;0-12;0-13;0-14;1-4;1-5;1-7;1-8;1-9;1-10;1-11;1-12;1-13;1-14;1-15;2-5;2-6;2-7;2-8;2-11;2-13;2-14;2-15;3-5;3-6;3-7;3-10;3-11;3-12;3-13;4-5;4-7;4-11;4-12;4-13;4-14;5-6;5-7;5-8;5-9;5-10;5-11;5-12;5-13;5-14;5-15;6-9;6-10;6-11;6-13;6-14;7-8;7-11;7-12;7-13;7-14;8-11;8-12;8-13;8-15;9-10;9-11;9-12;9-13;10-11;10-12;10-13;10-15;11-12;11-13;11-14;11-15;12-13;12-15;13-14;13-15,"1,0,1,1,1,1,1,0,1,1,1,1,1,1,0,0,0,1,1,0,1,1,1,1,1,1,1,1,1,0,0,1,1,1,1,0,0,1,0,1,1,1,0,1,1,1,0,0,1,1,1,1,0,0,1,0,1,0,0,0,1,1,1,1,0,1,1,1,1,1,1,1,1,1,1,0,0,1,1,1,0,1,1,0,1,0,0,1,1,1,1,0,0,0,1,1,1,0,1,1,1,1,1,0,0,1,1,1,0,1,1,1,1,1,1,0,1,1,1,0"
839,16,84,9,0-4;0-6;0-7;0-9;0-10;0-11;0-12;0-13;0-14;0-15;1-3;1-5;1-6;1-7;1-8;1-9;1-11;1-12;1-14;2-3;2-7;2-8;2-9;2-10;2-11;2-12;2-15;3-6;3-7;3-8;3-9;3-11;3-15;4-6;4-7;4-8;4-9;4-10;4-11;4-14;5-7;5-8;5-9;5-10;5-11;5-12;5-14;6-7;6-9;6-11;6-13;6-14;7-8;7-9;7-10;7-11;7-12;7-13;7-14;7-15;8-9;8-10;8-11;8-12;8-14;9-10;9-11;9-12;9-13;9-14;9-15;10-11;10-12;10-13;10-14;10-15;11-12;11-13;11-14;11-15;12-13;12-14;12-15;13-14,"0,0,0,1,0,1,1,0,1,1,1,1,1,1,1,0,1,0,1,1,1,1,1,0,1,1,0,1,0,1,0,0,0,1,1,1,1,1,1,0,0,1,0,0,1,1,1,1,0,1,0,0,0,1,0,1,1,1,1,1,1,0,0,1,0,0,1,1,1,1,1,1,0,1,0,1,0,1,0,1,0,1,1,0,1,1,1,1,1,1,1,1,1,1,1,1,0,1,0,1,1,1,1,1,1,1,1,1,1,1,1,1,1,1,1,1,1,1,0,0"
840,16,84,9,0-1;0-3;0-5;0-6;0-8;0-10;0-11;0-12;1-2;1-3;1-4;1-5;1-6;1-7;1-8;1-9;1-10;1-11;1-12;1-13;1-14;1-15;2-5;2-7;2-10;2-11;2-12;2-13;2-14;3-4;3-5;3-6;3-7;3-9;3-10;3-11;3-12;3-15;4-5;4-7;4-9;4-10;4-11;4-12;5-7;5-8;5-10;5-11;5-12;5-14;5-15;6-8;6-9;6-11;6-12;6-13;7-9;7-10;7-11;7-12;7-13;7-14;7-15;8-10;8-11;8-12;8-14;9-10;9-11;9-12;9-13;10-11;10-12;10-14;11-12;11-13;11-14;11-15;12-13;12-14;12-15;13-14;13-15;14-15,"1,0,1,0,1,1,0,1,0,1,1,1,0,0,0,1,1,1,1,1,1,1,1,1,1,1,1,1,1,0,0,1,0,1,0,0,1,1,1,1,1,0,1,1,1,1,0,1,1,1,1,0,0,1,1,0,1,0,1,1,1,1,0,0,0,0,1,1,0,1,1,1,0,1,1,0,1,1,0,1,1,1,0,0,0,1,1,1,1,1,1,1,0,1,1,1,0,1,0,1,1,1,1,0,0,1,1,0,1,0,1,1,1,1,1,1,1,1,1,1"
